Date,Ticker,Close,return_1d,return_5d,return_20d,ma20_ma60_ratio,close_ma20_ratio,close_ma60_ratio,volatility_5d,volatility_20d,rsi,forward_return_5d,target
2022-04-27,NVDA,18.360136032104492,-0.019852918865277513,-0.1427704937405586,-0.35737708617142905,-0.05051331810289306,-0.19207822291736665,-0.2328890326453964,0.03239854866598176,0.030862774184862485,20.171290434157218,0.10420882030010592,1
2022-04-28,NVDA,19.723060607910156,0.07423281469279197,-0.01986819747194768,-0.2855905884940898,-0.06383094524962196,-0.11678238378638928,-0.17315899909042187,0.051191516140673084,0.03735403371814696,30.26222664178728,-0.047416659284735374,0
2022-04-29,NVDA,18.491743087768555,-0.0624303471261336,-0.049602891795489046,-0.32027406384306356,-0.07779610008559446,-0.15544577830451145,-0.22114880306324491,0.0568725959499686,0.03876337034503275,29.87322988820347,0.006901083744309755,0
2022-05-02,NVDA,19.47480201721191,0.05316204777328992,-0.018540957996757368,-0.2687557079195272,-0.09006050092777984,-0.09576776765784378,-0.177203375457623,0.06272546093679728,0.04192025687111157,39.301739136257545,-0.13223775158771844,0
2022-05-03,NVDA,19.54360008239746,0.00353267083920783,0.04332574345477336,-0.2835525670856961,-0.10343370913712557,-0.0759809177712858,-0.17155563875968438,0.055153484806452054,0.041155848267161885,41.19283976531767,-0.10238750399527641,0
2022-05-04,NVDA,20.27342414855957,0.037343379064507465,0.10420882030010592,-0.21584180431340705,-0.11251687427143164,-0.02866117701116655,-0.13795318523236155,0.053387322970784766,0.041842884688027035,41.37200407302118,-0.18215819137495293,0
2022-05-05,NVDA,18.787858963012695,-0.07327648130187348,-0.047416659284735374,-0.22792624428689667,-0.12041851210179999,-0.08771596279395932,-0.197571849168534,0.057343145572196975,0.042824084452138825,39.389963558579545,-0.14163672410717743,0
2022-05-06,NVDA,18.619356155395508,-0.008968707288516287,0.006901083744309755,-0.22856098592161467,-0.12722792382034465,-0.0836246716172443,-0.20021320208756888,0.049130634354059344,0.0428206406669915,35.898356410844855,-0.05188731092957777,0
2022-05-09,NVDA,16.899497985839844,-0.09236936847879584,-0.13223775158771844,-0.26683691766801254,-0.13496130870508716,-0.15548753139886518,-0.2694640393790383,0.05434103127247962,0.04593807541832356,28.718574346351986,0.01852519422803356,1
2022-05-10,NVDA,17.542579650878906,0.0380532999014469,-0.10238750399527641,-0.19719839700909092,-0.14035399299904316,-0.11380951659225069,-0.23818988949628062,0.060942031435344116,0.04646800449856233,34.14636696468017,0.03307752090707705,1
2022-05-11,NVDA,16.580453872680664,-0.05484517085547558,-0.18215819137495293,-0.2266553399669078,-0.14620273805818473,-0.1520043234163183,-0.2759836131943555,0.05270375441421855,0.04751875961535228,35.102743077335234,0.018520561472175068,1
2022-05-12,NVDA,16.126808166503906,-0.027360270693447153,-0.14163672410717743,-0.2714949725514699,-0.15298477371895813,-0.162331610671266,-0.29048211966424653,0.04894815645888173,0.04646240562030585,35.74112259505286,0.05867115343038254,1
2022-05-13,NVDA,17.653247833251953,0.09465231129359686,-0.05188731092957777,-0.16708991373103232,-0.15534075312406004,-0.0745323602312793,-0.21829520038489858,0.0747415298147355,0.05193646191513521,41.45925134059069,-0.05715569291221345,0
2022-05-16,NVDA,17.21256446838379,-0.024963302448974045,0.01852519422803356,-0.20745531192577482,-0.1608465288316946,-0.08685071869109773,-0.23372761089479122,0.06053187382921588,0.051485337446441334,43.74591275509315,-0.02120032919855308,0
2022-05-17,NVDA,18.12284469604492,0.05288463722725001,0.03307752090707705,-0.18114236517179794,-0.16640267195717806,-0.028225116446068288,-0.18993105361031815,0.06286825540036167,0.05303306980720303,49.06475895304481,-0.11129453070486084,0
2022-05-18,NVDA,16.88753318786621,-0.06816322320790502,0.018520561472175068,-0.2115258998484041,-0.17256511266285057,-0.08333008111758577,-0.2415153289441757,0.06638425758614853,0.054464255995583494,38.710717533174154,0.0021845663807409377,0
2022-05-19,NVDA,17.072986602783203,0.010981675822863357,0.05867115343038254,-0.15156286003542874,-0.17618062859525407,-0.06552841715175639,-0.23016420802236204,0.06381733354832417,0.05333918452464897,43.83825996743171,0.04245459974917232,1
2022-05-20,NVDA,16.644264221191406,-0.025111153166482714,-0.05715569291221345,-0.144555464083024,-0.1781806031519031,-0.08192747059234395,-0.24551018761939347,0.04534890973310939,0.05316181015909029,37.08494994431103,0.12681191805819325,1
2022-05-23,NVDA,16.847652435302734,0.012219717940572972,-0.02120032919855308,-0.150939721772685,-0.1804905001425261,-0.06296888567981562,-0.23209410015257426,0.045509369181298304,0.052990881573890536,37.84829943611139,0.10498298317382204,1
2022-05-24,NVDA,16.105871200561523,-0.04402875935325423,-0.11129453070486084,-0.14019576876998152,-0.18137459760208852,-0.0976351893375016,-0.26130124376169717,0.03493352211057596,0.052472380351463524,31.235419864949847,0.13408450737584698,1
2022-05-25,NVDA,16.92442512512207,0.05082332488366159,0.0021845663807409377,-0.07819718244308982,-0.18060910579735534,-0.047944906707828694,-0.21989472577714553,0.03680101377684039,0.05386695839081036,41.07365140299698,0.15416791526644125,1
2022-05-26,NVDA,17.797813415527344,0.05160519686478704,0.04245459974917232,-0.09761401795878832,-0.18105113995148925,0.006637101492980468,-0.17561569324978676,0.043446312551869114,0.05238368873792328,46.31354276307511,0.048680659895104395,1
2022-05-27,NVDA,18.754955291748047,0.053778621782025526,0.12681191805819325,0.014234039632185613,-0.1773369890551586,0.059983649320384025,-0.12799065949779198,0.04222298678175775,0.051983056040354164,58.937657981061754,-0.0013292995686564613,0
2022-05-31,NVDA,18.616369247436523,-0.0073893028352085555,0.10498298317382204,-0.044079152589931336,-0.17662009023521252,0.05470964992312011,-0.13157326361825072,0.04453995394399968,0.05059098354783438,55.43663317822307,0.013603318491294258,1
2022-06-01,NVDA,18.265419006347656,-0.01885170176978479,0.13408450737584698,-0.0654015161311573,-0.17766864339132327,0.038587057681100045,-0.1459372959008871,0.035951341626654365,0.05073213700083965,59.09383540844215,0.018119135285505683,1
2022-06-02,NVDA,19.533628463745117,0.06943226744246767,0.15416791526644125,-0.03649090944841771,-0.17817093312061594,0.11303953489872165,-0.08527175763431993,0.03990975367884635,0.05252268016745358,66.90077155829948,-0.07861298531321426,0
2022-06-03,NVDA,18.664222717285156,-0.04450815413396436,0.048680659895104395,-0.006580645829359244,-0.1757061449994246,0.06387494318139741,-0.12305442184648785,0.04887099735602183,0.0507913720572456,55.36505170487833,-0.0930771755716766,0
2022-06-06,NVDA,18.730024337768555,0.0035255483970655366,-0.0013292995686564613,0.0059437169282019475,-0.1729458909234045,0.06728905369558102,-0.11729420256859857,0.0424948757525095,0.05074049708076258,58.38656018485333,-0.16691621027325354,0
2022-06-07,NVDA,18.869613647460938,0.0074527030598088295,0.013603318491294258,0.11657835417784956,-0.16623107833162898,0.06924144614365413,-0.10849971244567591,0.04232915502024541,0.04567589565991418,54.511499471325784,-0.16309059272754622,0
2022-06-08,NVDA,18.596372604370117,-0.014480478943329489,0.018119135285505683,0.060070581092582565,-0.16197982285188417,0.05062153566202765,-0.11955795456888207,0.04179620991491469,0.045275199637236946,61.68163590154675,-0.11373892227115168,0
2022-06-09,NVDA,17.998031616210938,-0.03217514516882558,-0.07861298531321426,0.08549692031446687,-0.155353908870285,0.012762153838218104,-0.14457440551643796,0.02240495790321823,0.04399314427252865,55.98571889102213,-0.13558286259059837,0
2022-06-10,NVDA,16.92700958251953,-0.05950773154141642,-0.0930771755716766,0.04961932998481866,-0.14839549894705129,-0.04964465018480435,-0.1906731064976298,0.02757728146717426,0.04578897171916884,51.689161472168486,-0.0644516592695491,0
2022-06-13,NVDA,15.603679656982422,-0.0781786008382549,-0.16691621027325354,-0.11610147864173359,-0.14711830944091198,-0.1188724639499682,-0.24850245745548516,0.03426211160394985,0.04393391346109709,43.44542112114052,0.05873333999933017,1
2022-06-14,NVDA,15.792157173156738,0.012079042912802596,-0.16309059272754622,-0.08252153813779861,-0.14326152456417152,-0.10463847125267234,-0.2329093288971218,0.035738596006412195,0.04383904698570326,48.24466935571228,0.0330891862005811,1
2022-06-15,NVDA,16.48124122619629,0.04363457414233718,-0.11373892227115168,-0.09058199732886796,-0.1401670550314812,-0.06120089448390709,-0.19278960037028658,0.05032950485574475,0.04325916435714787,47.48378771621973,-0.018273060602248536,0
2022-06-16,NVDA,15.557806968688965,-0.056029412156140324,-0.13558286259059837,-0.0787401099014664,-0.13574263930666097,-0.11043231098072404,-0.2311845769301275,0.0525198073807141,0.04238589739570369,37.35404739161349,0.09774988793053718,1
2022-06-17,NVDA,15.83603572845459,0.017883546204524592,-0.0644516592695491,-0.0724507611414027,-0.13184780781374483,-0.09131025715166063,-0.21111900772904968,0.0521683673254167,0.04253558148837705,32.153177497081316,0.06227962214685001,1
2022-06-21,NVDA,16.5201358795166,0.04319895223732062,0.05873333999933017,-0.0074577247768492505,-0.12375716917149693,-0.05171809951259132,-0.16907478309348023,0.04073274670674665,0.043391433426634596,37.9847433364156,-0.035252869976120205,0
2022-06-22,NVDA,16.314706802368164,-0.012435071881167103,0.0330891862005811,-0.031633228129625435,-0.11673438345925624,-0.062075407339825306,-0.17156345639528492,0.042193076339067256,0.04339189748029968,38.62915710327045,-0.049999970772557356,0
2022-06-23,NVDA,16.180078506469727,-0.008251959261621256,-0.018273060602248536,0.004607469225608618,-0.10751628205629205,-0.07001349559681169,-0.17000218691276991,0.03707798377676671,0.042234022569346844,27.475153470827408,-0.06570100439454296,0
2022-06-24,NVDA,17.078580856323242,0.055531396185392046,0.09774988793053718,0.009108476657936793,-0.09826110995816817,-0.01880473806976435,-0.11521807359272496,0.03021605483142644,0.042537899842082186,39.39115860334845,-0.15199090472013088,0
2022-06-27,NVDA,16.822298049926758,-0.015006094976655948,0.06227962214685001,-0.05481096710169564,-0.09233547736920877,-0.03081273670423701,-0.12030310532080835,0.033922912199399295,0.040972071205957486,37.553475240425485,-0.11292915009066606,0
2022-06-28,NVDA,15.937753677368164,-0.05258166095579586,-0.035252869976120205,-0.15021105465494855,-0.09077311346115657,-0.07426146777753251,-0.15829363659832707,0.03899374896239726,0.040245278988646625,32.56639595041638,-0.053310009498594546,0
2022-06-29,NVDA,15.498971939086914,-0.02753096497559293,-0.049999970772557356,-0.16745463451628062,-0.09008808650666555,-0.09152291520577482,-0.17336587741004028,0.040131282571501614,0.04049798104050141,31.937640798488573,0.020332023738835803,1
2022-06-30,NVDA,15.11703109741211,-0.02464297910699398,-0.06570100439454296,-0.17236877554472796,-0.08863169227514833,-0.1056582382862189,-0.18492526209924876,0.04066286384209485,0.040597678063091724,32.764571519073854,0.044791940828279975,1
2022-07-01,NVDA,14.482791900634766,-0.041955274993508485,-0.15199090472013088,-0.25857134389982006,-0.0929799976575939,-0.13018496594383233,-0.21106036577291476,0.014874588277257055,0.03678662789257143,34.57128739597297,0.04331079021971629,1
2022-07-05,NVDA,14.92257022857666,0.03036557667604267,-0.11292915009066606,-0.2004719159959074,-0.09544179758371296,-0.09358817331890257,-0.1800977474084834,0.0320356400930354,0.03734540062276255,45.16082345446446,0.007885566522696674,0
2022-07-06,NVDA,15.088111877441406,0.011093373750571178,-0.053310009498594546,-0.19444248414473952,-0.09797325152341219,-0.07328289599346871,-0.16407638391534873,0.0300656585644351,0.037532383307587666,44.98151185282138,0.0022470089182551334,0
2022-07-07,NVDA,15.81409740447998,0.048116393418583536,0.020332023738835803,-0.161927864558695,-0.10042687161364172,-0.01949197122527102,-0.11796132514717561,0.037490834520159395,0.039577641540122464,45.26943457939311,-0.03064704660992712,0
2022-07-08,NVDA,15.79415225982666,-0.0012612256104904684,0.044791940828279975,-0.1506863948233076,-0.10319166327606677,-0.012146951656368588,-0.11408515078728076,0.03425027672931807,0.03957486904125892,51.9221539516363,-0.00479875788046269,0
2022-07-11,NVDA,15.110053062438965,-0.0433134483024924,0.04331079021971629,-0.16046080012276187,-0.10600093471808547,-0.04632112069897576,-0.1474119733257806,0.0347597178450646,0.04001801304737363,44.461359724662834,0.06263182008072565,1
2022-07-12,NVDA,15.040243148803713,-0.004620097186077254,0.007885566522696674,-0.11146484111784727,-0.10535330621719508,-0.0450411821970268,-0.14564925095383396,0.03285262934464684,0.038133075793290075,37.54195952296925,0.12664108273764518,1
2022-07-13,NVDA,15.122014999389648,0.005436870253819004,0.0022470089182551334,-0.030868658430656448,-0.1015559949520145,-0.03837875055629214,-0.13603715331054722,0.032557404588543414,0.03407838035399657,39.74619742153712,0.17429443495451924,1
2022-07-14,NVDA,15.329442024230955,0.013716890563174156,-0.03064704660992712,-0.029300313051107363,-0.09738688159646502,-0.023752019942440916,-0.11882576638509457,0.022001198700454614,0.0341134506320769,42.77732170501643,0.17421277789684475,1
2022-07-15,NVDA,15.71835994720459,0.025370650957737384,-0.00479875788046269,-0.04628785347666231,-0.09401274873940069,0.003453602212555751,-0.09088382916389981,0.02625099159186187,0.033086628520085454,37.35634558013062,0.09878202718801443,1
2022-07-18,NVDA,16.05642318725586,0.02150753902994773,0.06263182008072565,0.032049261156819275,-0.0878565166140689,0.0234065937669643,-0.0665063446412707,0.0121554407062982,0.030872129400226798,42.98758040359671,0.05732550583914109,1
2022-07-19,NVDA,16.944955825805664,0.05533814275990445,0.12664108273764518,0.0700251070637925,-0.08180557654542786,0.07623656661806932,-0.01180558621339356,0.018974502178999812,0.03295042206752744,59.215303787205336,-0.02701260699386998,0
2022-07-20,NVDA,17.75769805908203,0.04796366786856021,0.17429443495451924,0.07491234869925556,-0.07667207462077352,0.12344157464522221,0.037304978401944355,0.017921931702092348,0.03326520494060102,69.3424005540293,-0.000954657219197852,0
2022-07-21,NVDA,18.00002670288086,0.01364639960610714,0.17421277789684475,0.10330065510390063,-0.07008147166525658,0.13273379920679562,0.05335014755340617,0.017940693861429425,0.03309191424536844,75.29306264731781,-0.003656699795850371,0
2022-07-22,NVDA,17.27105140686035,-0.04049856747733804,0.09878202718801443,0.0674269225550661,-0.06555781678924644,0.08314157870327832,0.01213318152983378,0.03785707995816147,0.03454798972806549,74.06194920995682,0.0487324965585334,1
2022-07-25,NVDA,16.976865768432617,-0.017033452770042645,0.05732550583914109,-0.005955710766973099,-0.06459206423012198,0.0650316290127666,-0.003760962375537358,0.04114991936868667,0.03258772005999212,68.1849947127146,0.08323563576037896,1
2022-07-26,NVDA,16.487228393554688,-0.02884144703484537,-0.02701260699386998,-0.01991818569482129,-0.0626085757651983,0.03540280252999106,-0.029422292279706497,0.0357987220849393,0.033070892387462324,61.71314249909542,0.12054676647166551,1
2022-07-27,NVDA,17.740745544433594,0.07602958611096455,-0.000954657219197852,0.11312710081758293,-0.05660648339475072,0.10785203226742945,0.04514042459904255,0.04670824983035974,0.03486339914632432,64.82047685525835,0.06200084719704635,1
2022-07-28,NVDA,17.934206008911133,0.010904866652475143,-0.003656699795850371,0.15712229684620516,-0.047993215050396554,0.11148172234748155,0.05813814102227366,0.04653346292728593,0.033968884617298765,66.03404376819097,0.06845020610593422,1
2022-07-29,NVDA,18.112712860107425,0.009953429279645709,0.0487324965585334,0.19816601179104198,-0.03780191101841468,0.11222009732250005,0.07017605217062228,0.040620153693406554,0.03309593980285467,74.34111579969162,0.04547718590378236,1
2022-08-01,NVDA,18.38994598388672,0.01530599672840216,0.08323563576037896,0.2697790667751503,-0.024449964160564885,0.11585786283263078,0.08857517807808857,0.03766650323221241,0.03079867697818411,76.27094507004202,-0.03513919018655354,0
2022-08-02,NVDA,18.47471046447754,0.004609283826341404,0.12054676647166551,0.23803809809509535,-0.01363195720580257,0.10904920252404926,0.09393069125611175,0.029687573620996714,0.03054799307992432,76.28207850213303,-0.07772853982353423,0
2022-08-03,NVDA,18.840686798095703,0.01980958425962065,0.06200084719704635,0.24871070357483638,-0.00273984819353168,0.11842168709631173,0.11535738145731433,0.005741551613173066,0.030608937471396463,76.85735023251573,-0.042131734674394905,0
2022-08-04,NVDA,19.161806106567383,0.01704392795830234,0.06845020610593422,0.21169141788256773,0.004926152162882058,0.12629275614842883,0.13184104564516796,0.00606493844432352,0.029423931170114555,76.61480436537883,-0.06625042739594311,0
2022-08-05,NVDA,18.93642807006836,-0.011761836814629834,0.04547718590378236,0.1989518499346279,0.012816705805697604,0.10286074714608806,0.11699578888691131,0.012958102970349173,0.02972855978838748,72.65452225645015,-0.014745558635241074,0
2022-08-08,NVDA,17.743738174438477,-0.06298388963413293,-0.03513919018655354,0.1743001894908236,0.019418469877739097,0.0255331526882403,0.04544743732233969,0.033867097135771254,0.031820535367644016,55.996400945238705,0.06963408657731973,1
2022-08-09,NVDA,17.038698196411133,-0.03973457966388505,-0.07772853982353423,0.13287385235965243,0.024388538357408507,-0.0208706690817293,0.003008864162234559,0.03592310977099643,0.033509088330733544,44.51380720645042,0.1049396156018263,1
2022-08-10,NVDA,18.04689598083496,0.05917105713135906,-0.042131734674394905,0.19341873299050194,0.03259861499157091,0.028422667795031442,0.06194782239108587,0.047914012834076425,0.03549053845077558,50.320203007638334,0.013151449131457493,1
2022-08-11,NVDA,17.8923282623291,-0.008564781371267594,-0.06625042739594311,0.16718718359396512,0.03944615040534649,0.01222274874493845,0.052151039535644594,0.04594218951859107,0.03569950827950125,54.60595790315565,0.04631599684161136,1
2022-08-12,NVDA,18.65719985961914,0.04274857838934332,-0.014745558635241074,0.1869686101021757,0.047538409075087884,0.04679190348469309,0.0965547252090384,0.05227399485659698,0.03634099727070283,61.644791296837695,-0.04596694700516657,0
2022-08-15,NVDA,18.979307174682617,0.01726450472134533,0.06963408657731973,0.18203830039474034,0.05396825274297923,0.05620374306315945,0.11320521361687264,0.03960422955943888,0.036277885415789114,67.6807628279434,-0.1049809645084534,0
2022-08-16,NVDA,18.826732635498047,-0.00803899414137188,0.1049396156018263,0.11105232902564444,0.05767363650464841,0.042255603809508546,0.10236627464855097,0.03024959809966358,0.03475495658973241,59.13133260971648,-0.08994127021274223,0
2022-08-17,NVDA,18.284238815307617,-0.02881508069900296,0.013151449131457493,0.029651408334217644,0.05752267837864178,0.010749781373143197,0.06889081596835278,0.0276188140959188,0.034092397629847566,52.78001470006356,-0.06070346697082585,0
2022-08-18,NVDA,18.72102928161621,0.023888906217026218,0.04631599684161136,0.0400556393963547,0.057699555827087634,0.0328372033116584,0.09243145118443263,0.02805537813326756,0.034352323373890936,54.64094123508728,-0.04581052816898179,0
2022-08-19,NVDA,17.799585342407227,-0.04921972640221384,-0.04596694700516657,0.030602302262671355,0.057499695838568954,-0.019428393533548305,0.036954175586209725,0.03075179035481689,0.03497684143813353,45.89914286085261,-0.08902478528701285,0
2022-08-22,NVDA,16.986841201782227,-0.04566084686751948,-0.1049809645084534,0.0005875898110803135,0.057464667239003786,-0.06422783582272162,-0.010453999796751878,0.030195064735875857,0.036358946224810625,40.61399050512285,-0.07238465272332784,0
2022-08-23,NVDA,17.133432388305664,0.008629690757811836,-0.08994127021274223,0.03919421623367558,0.06003062163377493,-0.057829386828466944,-0.001270299234704897,0.03286450797541903,0.03571878868868102,38.9234405886623,-0.09970306761114756,0
2022-08-24,NVDA,17.1743221282959,0.0023865469021924213,-0.06070346697082585,-0.031927824832334584,0.06000751184053388,-0.05410773270196323,0.002652908727793113,0.03331265145007874,0.03126063804832259,36.61875680931754,-0.12356308786555215,0
2022-08-25,NVDA,17.8634090423584,0.04012309242337908,-0.04581052816898179,-0.003947594140357058,0.06057787605291565,-0.01596376159965085,0.04364706368174276,0.03812763055507519,0.032511512600331444,43.20020963676418,-0.22196180030027002,0
2022-08-26,NVDA,16.214981079101562,-0.09227958444818796,-0.08902478528701285,-0.10477347019537564,0.05714491171806513,-0.10207678199812098,-0.050765038975802645,0.05192200429939922,0.03841584452153009,40.841188796917095,-0.16070104407315566,0
2022-08-29,NVDA,15.757254600524902,-0.028228616261945172,-0.07238465272332784,-0.14315927766555603,0.053319922268123765,-0.12101663691734554,-0.07414931232280442,0.050099895593441864,0.03844976948714368,42.088402522542935,-0.14783867676664297,0
2022-08-30,NVDA,15.425176620483398,-0.02107460902678071,-0.09970306761114756,-0.1650653118411607,0.04768403398058063,-0.13215938613913125,-0.09077724481806149,0.04849993598007754,0.038471206801755885,32.339125143390476,-0.11313192951608309,0
2022-08-31,NVDA,15.052209854125977,-0.024179092112446288,-0.12356308786555215,-0.2010795564179031,0.04027723543000716,-0.1440206121390436,-0.10954412881093445,0.046888123714400376,0.03803667335207323,31.414766339089397,-0.07286605041529115,0
2022-09-01,NVDA,13.898414611816406,-0.07665288044023,-0.22196180030027002,-0.2746813878336364,0.029755965852086286,-0.19762575902310775,-0.1737503385080056,0.033405923383026524,0.040180028493055346,20.367663337042075,0.0325949542540922,1
2022-09-02,NVDA,13.609216690063477,-0.020807979171023838,-0.16070104407315566,-0.2813208151132407,0.018956085629401764,-0.20205120337210258,-0.1869252176553461,0.0239266824937329,0.04019080590298804,16.42353367695216,0.06318676736813766,1
2022-09-06,NVDA,13.427722930908203,-0.01333609150979187,-0.14783867676664297,-0.24324159887277297,0.010662558305243985,-0.20260322857223212,-0.19410093900447023,0.025714265693219863,0.03861244973600498,16.364354511819982,-0.0245155038484407,0
2022-09-07,NVDA,13.680096626281738,0.01879497340480696,-0.11313192951608309,-0.19711609017388532,0.0038441541430220827,-0.17943313949538986,-0.17627875399895432,0.03436844023623091,0.038706951808802396,20.24058571602754,-0.04273002402782211,0
2022-09-08,NVDA,13.955414772033691,0.020125453297093143,-0.07286605041529115,-0.22671384669952377,-0.00683106749058271,-0.15251953642333382,-0.15830873266697643,0.03940661542466306,0.03590776040041613,18.540201496967725,-0.07583990036979327,0
2022-09-09,NVDA,14.351432800292969,0.02837737428291187,0.0325949542540922,-0.19790020673224573,-0.0160842042382503,-0.11899815300730798,-0.1331683666486141,0.022105144391174125,0.03703410504689525,25.540534799527975,-0.08264407616724723,0
2022-09-12,NVDA,14.469139099121094,0.008201710621236424,0.06318676736813766,-0.22447424007942962,-0.026760898946851963,-0.10020577703364353,-0.12428507930740729,0.016092090457369566,0.03518942628229391,30.187025333270498,-0.0774214750442791,0
2022-09-13,NVDA,13.098535537719728,-0.09472599247349978,-0.0245155038484407,-0.30985175501071627,-0.04218091266392676,-0.17026767773621898,-0.20526654435606473,0.05130767598709791,0.03898858823199809,23.376445547923822,0.003427058692475393,0
2022-09-14,NVDA,13.095545768737791,-0.0002282521563824469,-0.04273002402782211,-0.30441749918698213,-0.05695404298205364,-0.155120626397515,-0.2032399225563215,0.0498949773010306,0.039128525554688924,22.951631253845942,0.010130810698622206,1
2022-09-15,NVDA,12.897037506103516,-0.015158456634023043,-0.07583990036979327,-0.29463634574133435,-0.06992542190053841,-0.15321205973163343,-0.21242406371518685,0.04741821759086948,0.03903483692490445,14.773528855491335,-0.028463217131865948,0
2022-09-16,NVDA,13.165371894836426,0.02080589349344142,-0.08264407616724723,-0.29676025303989895,-0.08395241113047869,-0.11953548947316484,-0.19345260804670938,0.04579134869470377,0.03887248130906872,23.10328231524538,-0.05167450410517471,0
2022-09-19,NVDA,13.348917007446287,0.013941506102220336,-0.0774214750442791,-0.2500433717608743,-0.09496921329226982,-0.09377363421821383,-0.17983723924122275,0.046621104700584885,0.03865699826943187,27.679617068644035,-0.08623529847141098,0
2022-09-20,NVDA,13.143424987792969,-0.015393909448885745,0.003427058692475393,-0.22625844136260098,-0.10316234417737702,-0.0959294775557471,-0.18919551195276219,0.01651444125822738,0.037919050184903796,28.344693531692386,-0.05790828246944524,0
2022-09-21,NVDA,13.228214263916016,0.006451079243180224,0.010130810698622206,-0.2279297011762299,-0.11192613005218943,-0.0777099490562767,-0.1809383052440443,0.01668045661953016,0.03785964791344796,31.68739977656419,-0.039589747893198135,0
2022-09-22,NVDA,12.529946327209473,-0.05278625843030693,-0.028463217131865948,-0.2704255670990642,-0.12322120723258179,-0.11201719182598735,-0.22143550545096724,0.029776779704822322,0.03874497088833632,34.877594280615966,-0.027147487011744964,0
2022-09-23,NVDA,12.485057830810549,-0.0035824971014797313,-0.05167450410517471,-0.30108201624866215,-0.13723787498263518,-0.09800834197106878,-0.221795760371023,0.026193514522334333,0.03665427737460529,36.868311702779486,-0.030121531994880546,0
2022-09-26,NVDA,12.197769165039062,-0.02301059952341722,-0.08623529847141098,-0.24774693812255033,-0.14717134014393218,-0.10578751352597027,-0.23738996353379105,0.02262265592636149,0.03217420794919213,35.97903454177958,0.023225278430008878,1
2022-09-27,NVDA,12.382311820983888,0.015129213665869168,-0.05790828246944524,-0.2141834263075617,-0.15587393520775727,-0.08088866670545902,-0.2241541671201277,0.027069698315342644,0.03259626680855436,34.97340360922939,0.0607427951534969,1
2022-09-28,NVDA,12.704512596130373,0.026021051626277103,-0.039589747893198135,-0.17637814407519992,-0.1624574460359779,-0.0473531281393299,-0.20211770591597789,0.031394293382885956,0.033551905921039245,35.67179889618542,0.037138801230808705,1
2022-09-29,NVDA,12.189789772033691,-0.040514960349872786,-0.027147487011744964,-0.19016610250804233,-0.1689246291758193,-0.07603364802357748,-0.23211432140212918,0.027180005666565688,0.03413212150167302,25.89539631396292,0.07446791448640622,1
2022-09-30,NVDA,12.108988761901855,-0.00662858110295006,-0.030121531994880546,-0.12875035749711938,-0.17133729767443262,-0.07589113154519744,-0.23422544782322097,0.027169058977826545,0.030302914446957704,23.46341650670138,-0.005189807670119229,0
2022-10-03,NVDA,12.48106575012207,0.03072733780964998,0.023225278430008878,-0.0828960964935701,-0.1720131885026781,-0.04337766310665825,-0.20792932146856502,0.029211311427306527,0.03119277692867941,41.047135477162335,-0.06729530953028962,0
2022-10-04,NVDA,13.134448051452637,0.05234988056401968,0.0607427951534969,-0.02184099872812395,-0.1712119483957657,0.00783412250952864,-0.1647191212650646,0.036330073057294555,0.033512076569088174,50.47455226287165,-0.12007289616304773,0
2022-10-05,NVDA,13.176342964172363,0.003189697241605227,0.037138801230808705,-0.03682383800868627,-0.17117635280309107,0.013006650715202905,-0.1603961331195003,0.035616449397882444,0.03321821393544155,53.54248286956679,-0.12938141542979698,0
2022-10-06,NVDA,13.097537994384766,-0.005980792242724298,0.07446791448640622,-0.061472682228556175,-0.1721296397103914,0.010279676724221254,-0.16361940003704967,0.02593007283579241,0.03284130600981314,49.09619823587816,-0.08910885610092034,0
2022-10-07,NVDA,12.04614543914795,-0.08027406033771955,-0.005189807670119229,-0.16063116437391256,-0.17661292697943431,-0.06248419078929546,-0.2280616019434909,0.05043448240608722,0.036249878640635884,35.902404812556,-0.07030488313197236,0
2022-10-10,NVDA,11.641148567199709,-0.03362045344663267,-0.06729530953028962,-0.19544981305025722,-0.18211250126100975,-0.08392273624917834,-0.2507518580991822,0.04881827656553179,0.03646724745206169,34.416382133711295,0.0186803416405954,1
2022-10-11,NVDA,11.55735683441162,-0.007197892227248315,-0.12007289616304773,-0.11766038263361511,-0.18312983246165382,-0.08496780537121329,-0.2525374978706024,0.033921191699607764,0.03055834068614913,32.66404691100173,0.03288445103367388,1
2022-10-12,NVDA,11.471569061279297,-0.007422784842715302,-0.12938141542979698,-0.124009853131537,-0.1835645107312417,-0.08588324932539515,-0.25368264341421143,0.03201211888644726,0.03053178191131763,37.41995701114805,0.04791304411441466,1
2022-10-13,NVDA,11.930431365966797,0.03999996009580986,-0.08910885610092034,-0.07494792037933307,-0.1815373230574765,-0.0456431771096939,-0.21889455997883833,0.04391518710200787,0.03212467769661961,43.99825882137314,0.01956520418444052,1
2022-10-14,NVDA,11.19924259185791,-0.06128770634351943,-0.07030488313197236,-0.14934096193284507,-0.18190252806510887,-0.09703269391747182,-0.2612847296540247,0.037505229945262876,0.034056966089546364,40.14179947224881,0.11035899154723428,1
2022-10-17,NVDA,11.858609199523926,0.0588760000739148,0.0186803416405954,-0.11164260045148522,-0.1819501032651366,-0.0380904457081046,-0.21310998844323648,0.046967990728114584,0.036908315127859484,45.27281949112535,0.059808424087105516,1
2022-10-18,NVDA,11.937414169311523,0.0066453804541228845,0.03288445103367388,-0.09175772826348805,-0.18138904345740148,-0.026938684560614656,-0.20344134579356565,0.04650487670706439,0.03691845144270136,42.75758505072907,0.10813062831671338,1
2022-10-19,NVDA,12.021206855773926,0.007019333104636205,0.04791304411441466,-0.09124492422492503,-0.18135002297421055,-0.015264158672950168,-0.19384602612113921,0.04580016901355418,0.036927253763329206,48.26737059677758,0.07011872687899201,1
2022-10-20,NVDA,12.16385269165039,0.011866182621085963,0.01956520418444052,-0.029217494313131254,-0.17745043801637272,-0.002082769914520499,-0.17916361949727433,0.04286579450372636,0.03523353986237705,50.5567919246056,0.08053141722235613,1
2022-10-21,NVDA,12.435179710388184,0.022306009914444314,0.11035899154723428,-0.003995025181163014,-0.17250088107252348,0.020385551551171277,-0.1556318551250786,0.021912616246382854,0.03560283134804144,49.52459939977895,0.10973860344985065,1
2022-10-24,NVDA,12.567853927612305,0.010669264161360381,0.059808424087105516,0.03034036450156563,-0.16601107002284865,0.02970881459022845,-0.14123424753185443,0.0063449841028645065,0.035231346667431405,43.419854436858216,0.07127531140089616,1
2022-10-25,NVDA,13.228214263916016,0.05254360371366684,0.10813062831671338,0.06831538852854635,-0.15817244633362704,0.08007063400819314,-0.09076678038599428,0.018589267181916894,0.036913120968441765,50.526740880984306,0.021265554631791694,1
2022-10-26,NVDA,12.864118576049805,-0.02752417526675488,0.07011872687899201,0.012562936099417499,-0.15217466077566522,0.04965864029113565,-0.1100728072254138,0.028698865076706156,0.037170066641395855,47.759497953543345,0.025046471178083785,1
2022-10-27,NVDA,13.143424987792969,0.021712052022217154,0.08053141722235613,0.07823229387820496,-0.1432482086816108,0.06829254839228338,-0.08473844551282428,0.028855595862762432,0.03607508565657516,62.36510305246625,0.0185943427166686,1
2022-10-28,NVDA,13.799798965454102,0.04993934064147987,0.10973860344985065,0.13963265114854106,-0.13195912691810285,0.11398769621946858,-0.03301314757116114,0.032761318191433096,0.03735970903417721,73.0212905662818,0.023275866477569185,1
2022-10-31,NVDA,13.463631629943848,-0.024360306722714054,0.07127531140089616,0.0787245175607032,-0.12291062673357589,0.08255732429806195,-0.050500474906435944,0.03883112124144581,0.03756604563402741,69.29133508700278,0.05956880473161208,1
2022-11-01,NVDA,13.509519577026367,0.0034082889627240487,0.021265554631791694,0.028556321826728626,-0.11719447219879753,0.08461150588419253,-0.04249896708864842,0.03248289616271882,0.03583740014518541,70.79178924435067,0.0781952508295003,1
2022-11-02,NVDA,13.186319351196287,-0.02392388744746321,0.025046471178083785,0.000757143848718167,-0.1131232181123557,0.0586209869558898,-0.0611336258498385,0.031620242602225415,0.036300873899602654,63.17772690830243,0.042136326271666524,1
2022-11-03,NVDA,13.387818336486816,0.015280911975808387,0.0185943427166686,0.022162970035017437,-0.10715347231424655,0.0735467726661434,-0.041487491716786895,0.030911401165624897,0.03640703539876067,75.83608293708565,0.1735340388633968,1
2022-11-04,NVDA,14.121001243591309,0.05476492798728039,0.023275866477569185,0.17224230065332158,-0.09565619738279685,0.12299731359002353,0.015575660900905675,0.03272381339720683,0.03273457050818029,76.24999778694864,0.15336271639595012,1
2022-11-07,NVDA,14.265644073486328,0.01024310014565466,0.05956880473161208,0.22544987645647274,-0.08138299588162878,0.12278305861288996,0.031407609577834616,0.02831529206687908,0.03119846256463521,76.60739057005668,0.1394309846394839,1
2022-11-08,NVDA,14.565899848937988,0.02104747419078712,0.0781952508295003,0.2603141062122907,-0.06553747183825409,0.1330007262917896,0.058746723099720066,0.028082171419535295,0.03098525325627782,77.71019024803816,0.1413505511818447,1
2022-11-09,NVDA,13.741942405700684,-0.05656756203066848,0.042136326271666524,0.19791306074116055,-0.051443123825591464,0.05955378934224553,0.005047032557237596,0.040557551473398484,0.03437716397510037,64.96406537881873,0.15490707465943743,1
2022-11-10,NVDA,15.711060523986816,0.14329256084418374,0.1735340388633968,0.31688956099314125,-0.03458980450556348,0.19397772360352028,0.15267826756007685,0.07298825480957265,0.045226491538209596,73.4974276719131,-0.004634750699592183,0
2022-11-11,NVDA,16.286636352539062,0.03663507168554836,0.15336271639595012,0.4542623055937547,-0.012989302578534034,0.2142464891486069,0.19847427409613294,0.07217916670615755,0.041720716061435716,75.08073325762552,-0.056225822378745294,0
2022-11-14,NVDA,16.254716873168945,-0.0019598570680398053,0.1394309846394839,0.3707102240810418,0.005089706196067745,0.1923274254210976,0.1983960217060048,0.07325186689184394,0.04092375197218593,72.30229184879926,-0.06001857746510775,0
2022-11-15,NVDA,16.624797821044922,0.022767603444810325,0.1413505511818447,0.39266323386714985,0.022823840287512276,0.19886346650391307,0.2262261347899317,0.07321220606323336,0.04087502878602403,77.68801424957196,-0.03768157892985713,0
2022-11-16,NVDA,15.87066650390625,-0.045361833885524616,0.15490707465943743,0.32022239483246095,0.0386327352425877,0.128813123537854,0.17242226207785039,0.07004748309542859,0.04319159743232709,68.76716280703393,0.03827805018748198,1
2022-11-17,NVDA,15.638243675231934,-0.014644805787905057,-0.004634750699592183,0.2856324448886547,0.05345837547843213,0.09870633171709775,0.1574413873385614,0.03215270189861665,0.043691550405851286,63.43491254531214,0.03782627603178379,1
2022-11-18,NVDA,15.370906829833984,-0.01709506840728936,-0.056225822378745294,0.23608240393931212,0.0676050589165853,0.06890044562741893,0.1411635232300248,0.02476292821616346,0.044160011203261636,64.0795485697655,0.027126804025719986,1
2022-11-21,NVDA,15.279131889343262,-0.005970691352613855,-0.06001857746510775,0.21573118030709448,0.07891893652894355,0.05259536462504211,0.13566507139654593,0.024449370707025103,0.04433375684183153,62.97541250818317,0.02102241068485511,1
2022-11-22,NVDA,15.9983491897583,0.047071869372151465,-0.03768157892985713,0.20941110195037216,0.08888863010625059,0.09172588473844501,0.18876790308437985,0.03375133361199658,0.04407816663540566,69.48707418594991,0.055451213482054396,1
2022-11-23,NVDA,16.478164672851562,0.029991562091945534,0.03827805018748198,0.2809400485106168,0.10088023185153805,0.11077140639305783,0.2228262834040482,0.028930459412971576,0.04334115063168442,70.62036672791228,0.03755545585616615,1
2022-11-25,NVDA,16.229780197143555,-0.015073552221336328,0.03782627603178379,0.234821229034065,0.11071429654586806,0.08276482901873417,0.20264237538815033,0.029014391959199342,0.04374464430895003,65.04415175494637,0.03751158027795953,1
2022-11-28,NVDA,15.787870407104492,-0.027228328706314753,0.027126804025719986,0.1440652466479586,0.11547722181473263,0.04634393529030634,0.16717282600032513,0.03143928666625537,0.04357623041070316,60.41778709042094,0.04974103555093623,1
2022-11-29,NVDA,15.600336074829102,-0.011878380518692389,0.02102241068485511,0.1587019389429154,0.12062610807485741,0.02664587367529725,0.1504861697878601,0.032094456582667706,0.04318176344155312,57.1903966738238,0.022513564807926212,1
2022-11-30,NVDA,16.88547706604004,0.08237905805660772,0.055451213482054396,0.24989471089369175,0.12827933112814338,0.0990116713054634,0.2399921534025511,0.04505071924588424,0.04622033573650809,70.53426779186763,-0.04744990117874992,0
2022-12-01,NVDA,17.097009658813477,0.012527486901680263,0.03755545585616615,0.2965717880374559,0.13787983100498424,0.0987955934846716,0.25029734422335936,0.04393521049534757,0.04543337742370593,61.7517509892501,0.001984324206914634,0
2022-12-02,NVDA,16.838584899902344,-0.015115202252805382,0.03751158027795953,0.25775421182784486,0.1464687009647785,0.07031858757515508,0.22708676071574452,0.043940716883964205,0.04589471669686835,54.946106953366986,0.00740677559856584,0
2022-12-05,NVDA,16.57317543029785,-0.015761981851932894,0.04974103555093623,0.17365441333839127,0.1522942351517711,0.0453017563822502,0.2044951878732879,0.041884685504307885,0.04517955840292227,52.739138123997826,0.0556894331150104,1
2022-12-06,NVDA,15.951555252075195,-0.037507608655747204,0.022513564807926212,0.11817981507909958,0.156344243636644,0.0007741895215038763,0.15723947323331888,0.046600151782354625,0.046354874667563294,44.449457263212715,0.13041871846082054,1
2022-12-07,NVDA,16.08426284790039,0.008319414234416511,-0.04744990117874992,0.10424093359897069,0.15767257469382567,0.004316505986983854,0.16266967529345844,0.02035872338442249,0.046232971179453616,51.96203616134298,0.09640206688513153,1
2022-12-08,NVDA,17.130935668945312,0.06507434197903272,0.001984324206914634,0.24661675643748482,0.16426113593278635,0.058472471724816844,0.23233836228391946,0.03931473900571469,0.045573458352038305,61.92725840116011,-0.012639029547703573,0
2022-12-09,NVDA,16.96330451965332,-0.009785288587352059,0.00740677559856584,0.07970461279521168,0.16309489960067158,0.04407586757499948,0.21435931637262828,0.038837857860936034,0.033665654717420966,62.929974402561236,-0.025292407836281505,0
2022-12-12,NVDA,17.496126174926758,0.03141025114865581,0.0556894331150104,0.074262714301909,0.16142289447421665,0.07287714358512831,0.24606407751786952,0.03915211851488984,0.0334214844055537,66.79840800466286,-0.07305410907151622,0
2022-12-13,NVDA,18.031936645507812,0.030624520263743404,0.13041871846082054,0.10933563384745626,0.1612962263122968,0.09974096942014876,0.2771250377086456,0.028137408042207795,0.03390089266833695,65.84922576029228,-0.10994943054357931,0
2022-12-14,NVDA,17.63481903076172,-0.02202301519537697,0.09640206688513153,0.060753894308310574,0.15872968140769883,0.07221893963432713,0.24241191032178455,0.03508365470995323,0.03419481496380553,59.1323692054137,-0.06636895066303083,0
2022-12-15,NVDA,16.914417266845703,-0.04085110046546925,-0.012639029547703573,0.06576603211229681,0.15739678763066323,0.02516469947148825,0.18652232996065488,0.03221593563091251,0.03386891706390273,55.03059304453559,-0.09515116441922933,0
2022-12-16,NVDA,16.53426170349121,-0.02247523857056799,-0.025292407836281505,0.05729658949351224,0.1551316231098434,-0.0005898546816330841,0.15445026331404965,0.03344664826458977,0.03413662616637589,55.53457959575296,-0.08237270460500778,0
2022-12-19,NVDA,16.21796226501465,-0.01912994025065995,-0.07305410907151622,0.05510770734336767,0.15307983040223738,-0.02221165393357627,0.12746802025155612,0.026794926183653447,0.03420367851914496,54.49395382557996,-0.13122913722322183,0
2022-12-20,NVDA,16.049335479736328,-0.01039753222524642,-0.10994943054357931,0.05040885804057105,0.15062220791858438,-0.034619656278963684,0.11078806257350071,0.011109547513734814,0.034280589198434776,42.73581319540439,-0.12738562148982813,0
2022-12-21,NVDA,16.464414596557617,0.025862698012971475,-0.06636895066303083,0.029132093647366908,0.14683487331037282,-0.011038553444872812,0.1341754752688924,0.024593339237262996,0.033155345960469776,44.69190644649559,-0.11502323595836239,0
2022-12-22,NVDA,15.304990768432615,-0.07041998495150958,-0.09515116441922933,-0.07119566576196423,0.13939227934034104,-0.07743059627318194,0.0511684557619585,0.03443213043830095,0.03615234141246509,38.821837570370505,-0.04726501245042658,0
2022-12-23,NVDA,15.172289848327637,-0.008670434508113667,-0.08237270460500778,-0.0651574042267089,0.1318964440980004,-0.08250541441534298,0.03850885890244182,0.03466773979428608,0.03606872477314473,39.58769708937384,-0.05859547928541675,0
2022-12-27,NVDA,14.089693069458008,-0.07135355240982022,-0.13122913722322183,-0.10756215334034602,0.12354588422934265,-0.14357452222497546,-0.03776667929672284,0.042598745178899514,0.03888431434309186,37.04889818675658,0.04447278530543364,1
2022-12-28,NVDA,14.004880905151367,-0.006019447257547883,-0.12738562148982813,-0.10227056404585899,0.11616201097517331,-0.14458189884743122,-0.045214811992984605,0.043067631056651616,0.03885149425924617,35.438807852020645,0.01631515360177338,1
2022-12-29,NVDA,14.570624351501465,0.040396162607994945,-0.11502323595836239,-0.13709134219217245,0.10646564024070426,-0.10368977120563183,-0.00826352884274728,0.047694974180200474,0.034826633001557604,30.776194133529177,0.017530623447850502,1
2022-12-30,NVDA,14.581600189208984,0.0007532853392373529,-0.04726501245042658,-0.14712569740567483,0.09615777200338504,-0.09602072700469988,-0.009096094176231917,0.04010007173842799,0.034582008773664775,31.68642535808075,0.06938553488456067,1
2023-01-03,NVDA,14.283262252807615,-0.020459890034713157,-0.05859547928541675,-0.1517540020307495,0.08601686290299049,-0.10744630441626146,-0.030671635549677556,0.04042271998962567,0.034665694117461975,24.3712343439999,0.11135190116421856,1
2023-01-04,NVDA,14.716300964355469,0.03031791364488412,0.04447278530543364,-0.11204095882239817,0.07646496964425675,-0.07501942657853267,-0.004290815110333024,0.025503184406415882,0.03561444731535289,23.110551361558834,0.08488720225828783,1
2023-01-05,NVDA,14.233372688293455,-0.03281587385523843,0.01631515360177338,-0.10771254192021285,0.06753174863682299,-0.10051649068388357,-0.039772796429780155,0.031547167510556834,0.03540609362290515,22.79330716920109,0.15744835784102063,1
2023-01-06,NVDA,14.826056480407717,0.04164043232014336,0.017530623447850502,-0.07822592675777607,0.059394059121339327,-0.059321808786627184,-0.0034511126835454764,0.03191240753639378,0.036825420386892564,32.947709595594276,0.13729069144469386,1
2023-01-09,NVDA,15.59335231781006,0.05175319805481027,0.06938553488456067,-0.0897547793564224,0.049381029100255214,-0.005789141117813035,0.04330601423643787,0.038192747521950614,0.03562225702631379,42.77395599313824,0.13271051014888235,1
2023-01-10,NVDA,15.873730659484863,0.017980632769681426,0.11135190116421856,-0.06423122681704496,0.04115779125034935,0.015615125270501018,0.05741560058708184,0.03301844130194945,0.03592803592187913,47.34168560256517,0.09227457226464475,1
2023-01-11,NVDA,15.965526580810549,0.00578288263136395,0.08488720225828783,-0.08748219913443878,0.030606148649112708,0.02651459064903139,0.05793224880091885,0.033253780033538,0.035095043086299196,49.34501689629833,0.04774689404523036,1
2023-01-12,NVDA,16.474393844604492,0.03187287692756513,0.15744835784102063,-0.08637690069143744,0.020244895947750363,0.06456300612780907,0.08611497341669083,0.018323173505631344,0.0351608671740371,50.07686302485971,0.08043148071156736,1
2023-01-13,NVDA,16.861536026000977,0.023499631309547464,0.13729069144469386,-0.04384978396499828,0.012219172890532315,0.09230892182623585,0.10565603339190166,0.017152650520202962,0.035399442923351766,63.60783629736817,0.1357477533853202,1
2023-01-17,NVDA,17.66275405883789,0.047517499686944964,0.13271051014888235,0.044242540560886834,0.008455043003074536,0.1414459550509639,0.15109692968660537,0.01560887266923041,0.035760313153764364,69.49386759755625,0.08829506812362786,1
2023-01-18,NVDA,17.338472366333008,-0.018359633578355905,0.09227457226464475,0.048639042810843414,0.005424535304442202,0.1175852863033513,0.12364766714462894,0.02532413242009351,0.03561888582922656,78.85495712488549,0.11198729026254539,1
2023-01-19,NVDA,16.72783088684082,-0.035218874338543316,0.04774689404523036,0.03143851326661795,0.0024288802473166893,0.0764563261115121,0.07907090961910335,0.03506118288092118,0.036319488896559685,72.11863973487563,0.18115126437809104,1
2023-01-20,NVDA,17.799453735351562,0.0640622717768955,0.08043148071156736,0.10904615071601631,0.0024353462684307825,0.1390027117107029,0.1417765777144,0.0423175087751046,0.03870029698364026,74.23606431294999,0.14159980025803565,1
2023-01-23,NVDA,19.15045166015625,0.0759010891509253,0.1357477533853202,0.1631419719083258,0.004689145091619773,0.21501232816112203,0.22070969725597633,0.05028503758379122,0.0415694652919218,78.55093113170146,-0.001615381612118827,0
2023-01-24,NVDA,19.222288131713867,0.0037511633058282534,0.08829506812362786,0.25594901836601514,0.010349448814604756,0.204600743249983,0.21706769698428374,0.049577127268972156,0.037251036035730836,81.76333234139565,0.014118951003744273,1
2023-01-25,NVDA,19.280160903930664,0.0030107119308713237,0.11198729026254539,0.2707482586127774,0.016769599582975747,0.19287352981177075,0.21287754125984515,0.046480428612837105,0.03699868329253736,80.83871331938995,0.08383775919271552,1
2023-01-26,NVDA,19.75809860229492,0.02478909282685593,0.18115126437809104,0.4023086595920402,0.028175917704152065,0.20137720177165552,0.23522710694041815,0.03398217078593306,0.031311680044863455,87.35662943875954,0.09630334549867792,1
2023-01-27,NVDA,20.319852828979492,0.028431593443881464,0.14159980025803565,0.4509122188611623,0.04048263177804001,0.2122602432248557,0.2613357282704847,0.029639889812810863,0.030894099283753015,87.30352339147393,0.0360912023376454,1
2023-01-30,NVDA,19.119516372680664,-0.05907210383861383,-0.001615381612118827,0.3121960947892015,0.04851553969636768,0.1253791024240647,0.17997747694118216,0.03512598008134778,0.035036101378575664,72.61323125492711,0.10056370959962324,1
2023-01-31,NVDA,19.49368667602539,0.019570071546337164,0.014118951003744273,0.3368688225625307,0.0568168658097965,0.1310519948788782,0.19531482429581404,0.03622307907526086,0.03490680705472542,72.93877042405009,0.13492345532511463,1
2023-02-01,NVDA,20.89656639099121,0.0719658491634203,0.08383775919271552,0.4630107619065553,0.06889027168485984,0.18962534657463803,0.27157895990336045,0.047450164412948394,0.03603744049263455,76.79458869088299,0.06025875381840473,1
2023-02-02,NVDA,21.660869598388672,0.0365755403589636,0.09630334549867792,0.4718963447984468,0.0817475723111869,0.20923308695231935,0.30808495616903375,0.04821201357367012,0.0361603457748256,77.4213730053453,0.028928192351645565,1
2023-02-03,NVDA,21.053220748901367,-0.028052837247702467,0.0360912023376454,0.4791449089376436,0.09486020160157405,0.15335523883836832,0.2627627493128075,0.05205847064648447,0.03580723928679077,71.65685350500749,0.007819839026282915,0
2023-02-06,NVDA,21.042245864868164,-0.0005212924029106558,0.10056370959962324,0.4192746326492818,0.10633981670995118,0.13345464225301162,0.2539860011592401,0.03776750803580659,0.03573009063957133,69.01312870977316,0.03314516591754102,1
2023-02-07,NVDA,22.123842239379883,0.05140118509486369,0.13492345532511463,0.4187996133526064,0.11650357632485253,0.17111740218816607,0.30755676783935804,0.040294649720353265,0.035712807070816734,74.80861396363596,0.03598952174986958,1
2023-02-08,NVDA,22.1557674407959,0.001443022467371824,0.06025875381840473,0.39575049596531975,0.12790732706694574,0.15362616484643277,0.30118340402643184,0.031736138180382775,0.035910142388363604,79.93614720436261,0.025174580275159952,1
2023-02-09,NVDA,22.28747940063477,0.005944815957778404,0.028928192351645565,0.39597521496239074,0.13977666622717844,0.14169329843185619,0.3012753815405722,0.028653753859124727,0.035907399216671625,77.61540404324919,-0.014997614902724665,0
2023-02-10,NVDA,21.217853546142575,-0.04799223076171322,0.007819839026282915,0.287929240145707,0.14807944229911874,0.07385423897058407,0.2328699757878927,0.035220426450831684,0.03855913397420808,63.17727318703288,0.005784201852059523,0
2023-02-13,NVDA,21.73969459533691,0.024594431668570227,0.03314516591754102,0.2893068912472547,0.15652309250787777,0.08684858554676844,0.2569654872443614,0.036527857551013405,0.03857495197413325,65.17501129060591,-0.05200116056863635,0
2023-02-14,NVDA,22.920068740844727,0.054295801642080255,0.03598952174986958,0.2976497699335987,0.1638157329091363,0.13099674807482842,0.31627180927855636,0.03741803170042554,0.03891792758581311,69.32609612372198,-0.09651279962738579,0
2023-02-15,NVDA,22.713529586791992,-0.009011279869535094,0.025174580275159952,0.3100075431614151,0.17131762182803634,0.106135801074974,0.2956363559339885,0.03813725033224734,0.03856556531365411,66.15752212057173,0.03953619078785442,1
2023-02-16,NVDA,21.95322036743164,-0.033473847226389464,-0.014997614902724665,0.3123769911316743,0.17884404351843908,0.05567709036136059,0.2444786498513669,0.0419255998183416,0.03844945148392961,58.73997335413183,0.058358217902815035,1
2023-02-17,NVDA,21.3405818939209,-0.02790654233214973,0.005784201852059523,0.19894588964470783,0.18211121966205535,0.017553128903904147,0.20286097027953476,0.037144823816386806,0.03768699096641019,62.68232617751277,0.0987938538572839,1
2023-02-21,NVDA,20.60920524597168,-0.034271635683821744,-0.05200116056863635,0.07617332539735666,0.1811063727289226,-0.020725786763653775,0.1566270139025503,0.03740213471582592,0.03550241691749981,56.11997923078999,0.12398947576801045,1
2023-02-22,NVDA,20.707988739013672,0.004793173335070788,-0.09651279962738579,0.07729051802363851,0.18060441210533984,-0.01949290408569393,0.15759100353702338,0.01719874702412478,0.03550237450239328,48.79266236089588,0.09366866385126582,1
2023-02-23,NVDA,23.611536026000977,0.14021387222009873,0.03953619078785442,0.22465451111392287,0.18456401040831283,0.1066399069346684,0.3108858062364128,0.074614910428605,0.046718975459449454,59.80343495169268,-0.014790401191672076,0
2023-02-24,NVDA,23.234371185302734,-0.01597375284195446,0.058358217902815035,0.17594165577268872,0.1860416981809061,0.08016326880379698,0.2811186776446939,0.07245250875327647,0.04698269822665064,61.221746942492445,0.02593834487733937,1
2023-02-27,NVDA,23.44890022277832,0.00923326203944308,0.0987938538572839,0.1539896681405235,0.18611324672906937,0.08226489662530834,0.28368873035714515,0.06898346677889007,0.04676357915998145,62.12791471532107,0.0022551693402386164,0
2023-02-28,NVDA,23.16452980041504,-0.012127239216406571,0.12398947576801045,0.2115646310758248,0.190365650565556,0.05925219392547176,0.26089742693508655,0.06516932354938983,0.04432442112380747,55.70256208729532,0.003271665396584744,0
2023-03-01,NVDA,22.64767837524414,-0.02231219151107644,0.09366866385126582,0.161795547021782,0.19294242500404013,0.028203394702641882,0.22658745107395606,0.0683441713203839,0.04486120857801643,52.559459858033506,0.06551702531584813,1
2023-03-02,NVDA,23.262311935424805,0.02713892126146189,-0.014790401191672076,0.11321216606444473,0.1924345554007758,0.0504664726988322,0.2526125213360533,0.020508588678352615,0.04258227781612073,54.82944940498968,0.005403590034265715,0
2023-03-03,NVDA,23.83703231811523,0.024706073252126703,0.02593834487733937,0.10046515952842627,0.19053251675534622,0.07115625134524262,0.27524634775227397,0.021995128116417156,0.042217796139301475,63.644854835542816,-0.03855564366227715,0
2023-03-06,NVDA,23.501781463623047,-0.014064286611610077,0.0022551693402386164,0.11630337913259448,0.18907724949597093,0.05031290099714192,0.2489031754278157,0.023384750667242177,0.04174403227917909,59.36175865974914,-0.024798278679357577,0
2023-03-07,NVDA,23.24031639099121,-0.011125329926011895,0.003271665396584744,0.10445988228817882,0.18739195247074636,0.03355135601173398,0.22723056259356023,0.023251609959982343,0.04190234707695894,51.88554443632888,0.03327892320638015,1
2023-03-08,NVDA,24.131486892700195,0.03834588508676395,0.06551702531584813,0.09074574983845962,0.18538932959448573,0.06841414760028797,0.26648673015316926,0.023947141216482695,0.04125079073626068,57.72576264338146,0.0019437475107393354,0
2023-03-09,NVDA,23.388011932373047,-0.030809330715217964,0.005403590034265715,0.05561732379029172,0.18198044825602477,0.0326800139479404,0.22060758579122464,0.028903459777881998,0.04202535397455302,57.831851386350266,0.08981904662954521,1
2023-03-10,NVDA,22.917980194091797,-0.02009712239075112,-0.03855564366227715,0.028289461635534696,0.17806987459157986,0.010519510202033011,0.19046259265605392,0.026739848202808846,0.042348138717326546,58.74644303708845,0.12018295848521188,1
2023-03-13,NVDA,22.91897773742676,4.3526668864979356e-05,-0.024798278679357577,0.0801741885711833,0.1775061485285525,0.006787666125186886,0.1854986671251191,0.026624700032186054,0.04068052583467417,63.93613470908704,0.12775395103837361,1
2023-03-14,NVDA,24.013729095458984,0.047766151290617564,0.03327892320638015,0.10460287241614918,0.17691532667306809,0.04963542057571324,0.23533201389448877,0.034844738641466824,0.0415992443968963,67.80542369092393,0.08876689719152586,1
2023-03-15,NVDA,24.17839241027832,0.006857048905847485,0.0019437475107393354,0.05490051900198689,0.1728474374847886,0.05393444522181934,0.23610431335536308,0.030326999023748163,0.04000867128102296,54.3310657596372,0.09245512995327321,1
2023-03-16,NVDA,25.48870086669922,0.054193365472217314,0.08981904662954521,0.12218141919787762,0.1710067949256373,0.10437093849836421,0.2932258730999875,0.03199089107162081,0.04144739107437334,65.07465404967482,0.06460202552939287,1
2023-03-17,NVDA,25.67233085632324,0.007204368342834222,0.12018295848521188,0.1694107026962215,0.1710791106080909,0.10343678215163488,0.2922117654543903,0.025608876396697084,0.04036354105235435,64.9297287716034,0.0409715821940988,1
2023-03-20,NVDA,25.846967697143555,0.006802531558107505,0.12775395103837361,0.21116508563931657,0.1727809979121615,0.10028713332515982,0.2903958422109927,0.02422086811993133,0.03944751770651514,68.28124073829504,0.024362909560774915,1
2023-03-21,NVDA,26.145353317260746,0.011544318219973038,0.08876689719152586,0.26862501514322945,0.17711846184337188,0.10002703464058449,0.29486213100225034,0.020708814986540886,0.03802604296896105,74.56881063359727,0.008053870472022995,0
2023-03-22,NVDA,26.413808822631836,0.01026780943112593,0.09245512995327321,0.27553714440980204,0.18042375154587598,0.09814070378496642,0.29627136928707865,0.020330710969557977,0.03798644528520947,73.26878185513493,0.019495115804715413,1
2023-03-23,NVDA,27.13532257080078,0.02731577838750532,0.06460202552939287,0.14924003846761247,0.17754818151076535,0.11993377722863285,0.3187759827880592,0.008453217689239378,0.02381502745159713,73.83593252485937,0.007061218028830751,0
2023-03-24,NVDA,26.724166870117188,-0.015152047653416156,0.0409715821940988,0.15019970443710462,0.1740136209733194,0.0950782017864531,0.285636724928265,0.015232650040375212,0.023773534393689063,73.03467544501181,0.03726800636064387,1
2023-03-27,NVDA,26.476675033569336,-0.00926097482292687,0.024362909560774915,0.12912225230289587,0.16960079024228158,0.07824783436527905,0.26111951915065923,0.017161264896972752,0.024051882269763455,73.18086931811972,0.05405001209171734,1
2023-03-28,NVDA,26.35592460632324,-0.004560634108814687,0.008053870472022995,0.13777075698946506,0.16628970560043754,0.06640045580009835,0.2437318736472689,0.017123836183058957,0.02380397926054633,67.9094140649234,0.03949249154821999,1
2023-03-29,NVDA,26.928749084472656,0.02173418260621318,0.019495115804715413,0.18902911981954373,0.16507679727609936,0.08022207153444239,0.2585416714503015,0.0191967733549889,0.022998551062341534,79.31269595842457,-0.0038170701820741115,0
2023-03-30,NVDA,27.32693099975586,0.01478649877252547,0.007061218028830751,0.1747297979501894,0.16276117369129928,0.08733039622007577,0.26430556769908065,0.015935599369806396,0.02264735074038054,86.93982839525977,-0.012635562248040078,0
2023-03-31,NVDA,27.720123291015625,0.014388454058865241,0.03726800636064387,0.16290161128612457,0.16011121058058309,0.09451984931679469,0.2697647473953839,0.01350473031381,0.022370385038687476,87.74520226928587,-0.0071280989460912325,0
2023-04-03,NVDA,27.907739639282227,0.006768236428710717,0.05405001209171734,0.18747337015616838,0.15811207673596628,0.09242547596381523,0.2651511366477304,0.01000467005382738,0.02177539754719868,85.7064803534019,-0.028464170209148043,0
2023-04-04,NVDA,27.396785736083984,-0.01830868102549721,0.03949249154821999,0.17884736486220865,0.15654864169732008,0.06377074793854609,0.23030261360566762,0.015565032213735942,0.022177750924417376,77.74909000370673,-0.03489583471121793,0
2023-04-05,NVDA,26.82596015930176,-0.020835494436502233,-0.0038170701820741115,0.11165798769808277,0.15290615725060785,0.03618617378554956,0.19462541981530856,0.01759796541707925,0.021931547613815324,63.215032259645405,-0.015549898613739677,0
2023-04-06,NVDA,26.981639862060547,0.005803322670812294,-0.012635562248040078,0.1536525609820345,0.1514151141648601,0.03501605238293415,0.19173312611695903,0.016016788502063513,0.02019795531245721,63.0106961946384,-0.010319203458184711,0
2023-04-10,NVDA,27.522531509399418,0.0200466558038761,-0.0071280989460912325,0.20091435965612114,0.15178500085590718,0.046522267637270076,0.20536865092631884,0.017622173421289484,0.019300161808759722,65.52046172807403,-0.020921870141325627,0
2023-04-11,NVDA,27.11336898803711,-0.01486645664199071,-0.028464170209148043,0.18300952593364994,0.15202355879083385,0.022807891263926017,0.1782987868532162,0.017799435684663214,0.019956192287618874,58.78625123478994,0.01832979791932776,1
2023-04-12,NVDA,26.440752029418945,-0.024807575883134758,-0.03489583471121793,0.1010681399924227,0.14932296055717997,-0.007110717132694733,0.1411504500905465,0.019143114201822926,0.019041592030292123,50.22783576986104,0.0541986842409945,1
2023-04-13,NVDA,26.4088191986084,-0.001207712654126336,-0.015549898613739677,0.09224876288226325,0.14692062654475202,-0.012445513848062473,0.13264661000446076,0.01752314244812539,0.019085449696271718,43.045520158656146,0.02422224400174877,1
2023-04-14,NVDA,26.703210830688477,0.011147474253433876,-0.010319203458184711,0.04764895513274303,0.14188125360154613,-0.00369919781768413,0.13765720896016886,0.018338828601770697,0.015236613443216574,49.79481063451268,0.013491190430289679,1
2023-04-17,NVDA,26.94670867919922,0.009118673033540414,-0.020921870141325627,0.049640129289705515,0.13635050897732737,0.0030012470038689454,0.13976097753774064,0.015494367758745345,0.015274081435544167,54.605898872939434,0.0014815432455472788,0
2023-04-18,NVDA,27.6103515625,0.02462797557955798,0.01832979791932776,0.0682240132002534,0.1322489638882418,0.024341449565213447,0.1598095449379926,0.01843601011062932,0.016037145553716995,61.11014821504411,-0.05154162374438509,0
2023-04-19,NVDA,27.87380599975586,0.009541871883068653,0.0541986842409945,0.06610936411993396,0.12898425177017048,0.030810525918521625,0.16376885032093802,0.009216960550957718,0.015989985334591,58.85541363343582,-0.03490737792001064,0
2023-04-20,NVDA,27.048500061035156,-0.029608656195997507,0.02422224400174877,0.024028766266359414,0.124186986290022,-0.0008829387712587788,0.12319439801368182,0.02036169230507083,0.017494387534334053,47.58439189318888,0.004501239810103641,0
2023-04-21,NVDA,27.06346893310547,0.0005534085822331836,0.013491190430289679,-0.00264797433337427,0.11801535948373454,-0.00019733857720583003,0.11779473192339962,0.020107189444794997,0.016391170956794356,43.90286406494619,0.02323100937257805,1
2023-04-24,NVDA,26.986631393432617,-0.00283916078396218,0.0014815432455472788,0.009821242495268168,0.11301903822379877,-0.0035190428734700463,0.10910227650930082,0.019884595748603025,0.01601931036372212,41.26772940640392,0.06907760937755203,1
2023-04-25,NVDA,26.18726921081543,-0.029620672953339366,-0.05154162374438509,-0.01093059541603969,0.10797139225142471,-0.03251853927924575,0.07194178101221627,0.018119245993622243,0.017277187496758085,39.128079278861634,0.07503515561297869,1
2023-04-26,NVDA,26.90080451965332,0.02724741182800372,-0.03490737792001064,0.020673906207766102,0.10322996655900973,-0.007156492245724122,0.09533470985807968,0.02382220969690903,0.01830795590666868,50.65592185102347,0.03138444766076365,1
2023-04-27,NVDA,27.170251846313477,0.010016329677549285,0.004501239810103641,0.008968213156996363,0.09800158109634083,0.0023414480608099364,0.10057249476916508,0.020753069080639175,0.017796017256419144,51.62064298654443,0.01234114028626232,1
2023-04-28,NVDA,27.69218063354492,0.01920956751463665,0.02323100937257805,0.01336592220298427,0.09372356910719892,0.020908183750981912,0.11659134246287195,0.022259107668362855,0.01800784730479839,51.462470999682594,0.03355078196513506,1
2023-05-01,NVDA,28.85080337524414,0.041839346530035515,0.06907760937755203,0.04078914340885986,0.09073288229212495,0.06141012463160589,0.15771492453347502,0.026907031075931113,0.02002924664661704,63.26377871123009,0.008336302808451324,0
2023-05-02,NVDA,28.15223503112793,-0.024213133167571566,0.07503515561297869,0.00876084537859012,0.08606702703628888,0.0352444642881955,0.12434487758525581,0.024750831743686162,0.020838346181882118,63.0140967798265,0.012796988376395202,1
2023-05-03,NVDA,27.745071411132812,-0.014462923442665088,0.03138444766076365,0.012712647330380245,0.0819353265988918,0.019618862495586864,0.10316166700055351,0.026483510654334744,0.02067134546138859,59.61231913984561,0.03895401531429621,1
2023-05-04,NVDA,27.50556373596191,-0.008632440393532281,0.01234114028626232,0.02533380250415762,0.07943675683039664,0.00955637361123518,0.08975225776836782,0.027165003172809607,0.02017212016764149,55.8176559879272,0.036862284761973285,1
2023-05-05,NVDA,28.621274948120117,0.04056311017176073,0.03355078196513506,0.06076854833293854,0.0780821432759442,0.04735559044284554,0.12913535971666512,0.03169996302385965,0.02198350686249167,60.778540226027005,-0.011854956529782412,0
2023-05-08,NVDA,29.091312408447266,0.016422659758489333,0.008336302808451324,0.05699987657429273,0.07636139941501119,0.061509034110480476,0.14256734944683336,0.026297864635449097,0.021851729352719392,59.7760270588644,-0.006792451147786593,0
2023-05-09,NVDA,28.51249885559082,-0.019896440034392393,0.012796988376395202,0.05160295159819617,0.0739807203542533,0.037739814170795194,0.11451255316343967,0.025275813294690298,0.02209578398775518,54.04758042544323,0.02247035724231594,1
2023-05-10,NVDA,28.82585334777832,0.010990074695822694,0.03895401531429621,0.09020550231346003,0.07368559998733337,0.04461062137462224,0.12158338176375216,0.023425553133647307,0.02117677247647999,62.04518315472387,0.04476363439303355,1
2023-05-11,NVDA,28.519481658935547,-0.010628364931523748,0.036862284761973285,0.07992263661823884,0.0738923495667625,0.029570648931522836,0.10564804322604937,0.023791625601268608,0.021414776955143773,59.492521827192,0.1084752690901849,1
2023-05-12,NVDA,28.281970977783203,-0.008328015354301832,-0.011854956529782412,0.05912248370073714,0.07309167856418775,0.01809509287114186,0.09250937214705623,0.015350054473358644,0.021518498349410962,58.27171344419107,0.10317585135802787,1
2023-05-15,NVDA,28.89371109008789,0.021630038188824807,-0.006792451147786593,0.07225381155330513,0.07206180670996032,0.036484260672504654,0.11117518912300284,0.017022465100387213,0.021881625511877018,67.70695519811079,0.07677983468599736,1
2023-05-16,NVDA,29.15318489074707,0.00898028639693127,0.02247035724231594,0.05587880055618433,0.06967205297168344,0.042906203947961075,0.11556762023392064,0.013684420879633678,0.02136845755119474,65.66709492946399,0.050491194932960726,1
2023-05-17,NVDA,30.11620330810547,0.03303304324955758,0.04476363439303355,0.08044819241295031,0.06748999276460399,0.07305266298487312,0.1454729794457612,0.01885880862990543,0.022372571594804186,68.68826295965123,0.011929398430507554,1
2023-05-18,NVDA,31.613140106201172,0.049705362351994076,0.1084752690901849,0.16875760337415646,0.06878235389270637,0.11730322487486933,0.19415397069367457,0.022213705339415357,0.02309832632506369,72.13522901757929,0.19893920681243782,1
2023-05-19,NVDA,31.199987411499023,-0.013069017924641546,0.10317585135802787,0.15284509493657494,0.07147608610110545,0.09469908430008567,0.17294389030431967,0.0238217557072788,0.023528741877104152,64.48082613141943,0.24571361429934946,1
2023-05-22,NVDA,31.112165451049805,-0.002814807560366228,0.07677983468599736,0.15287325036874244,0.07392999761298014,0.08377386862280667,0.16389726814310102,0.025840798710248206,0.023528184857709678,69.73125369677469,0.2865985132789368,1
2023-05-23,NVDA,30.625164031982425,-0.01565308656620512,0.050491194932960726,0.1694676441991947,0.07741028832178487,0.058626730934725924,0.14057533140153167,0.029416100585728158,0.022558851686681272,68.99683972684774,0.23285958264881956,1
2023-05-24,NVDA,30.47547149658203,-0.004887893343005989,0.011929398430507554,0.1328832739674055,0.07916956137479425,0.04698368172370326,0.12987292057233613,0.026846700911934685,0.022265581272546534,69.82413398074125,0.30231186479545147,1
2023-05-25,NVDA,37.9022331237793,0.24369636505969106,0.19893920681243782,0.3949901288427682,0.0888008432248586,0.2785597537992377,0.3920969380499777,0.11318486144972409,0.05755701356130826,83.62254923570966,0.035465938823711296,1
2023-05-26,NVDA,38.866249084472656,0.02543427870186754,0.24571361429934946,0.40350987879199485,0.09882543336694871,0.28682644162287874,0.41399762238430826,0.10980732972040766,0.057579732346389446,84.18846261917538,0.005777659911308408,0
2023-05-30,NVDA,40.028865814208984,0.029913273267236917,0.2865985132789368,0.3874437149488996,0.1082779365254638,0.30124046650639746,0.4421360991431418,0.10687113527221179,0.05738657664419423,88.69885081988795,-0.03632422776875244,0
2023-05-31,NVDA,37.75652694702149,-0.056767505672890795,0.23285958264881956,0.34115557451385636,0.11602635267421668,0.20850677353407532,0.3487254066493195,0.11500587408773204,0.059080314192212206,76.51868744689605,-0.00938617026854982,0
2023-06-01,NVDA,39.688568115234375,0.05117105105890296,0.30231186479545147,0.4304727325123838,0.12632868605447456,0.24652095165756904,0.4039923056198429,0.11129731389526819,0.05910672584123796,80.24537529913174,-0.031581911781102145,0
2023-06-02,NVDA,39.2464714050293,-0.011139144877221674,0.035465938823711296,0.4268557365983683,0.13696338817665832,0.21032029864700275,0.376089867528681,0.042451845045898454,0.05917223773037691,79.36598493223184,-0.014061217739460896,0
2023-06-05,NVDA,39.09080505371094,-0.003966378269064208,0.005777659911308408,0.3657953785975028,0.1448126756862127,0.18636762023399323,0.35816868966756243,0.04140855345378732,0.05917248171804449,77.99455965890945,0.0080433904338848,0
2023-06-06,NVDA,38.57484817504883,-0.013198932023865573,-0.03632422776875244,0.32599202241036807,0.15085340089852894,0.1541004056390729,0.32820037680809877,0.038487648478751364,0.059562162160487396,75.5065326453607,0.06137152627553055,1
2023-06-07,NVDA,37.402137756347656,-0.030400908213028544,-0.00938617026854982,0.3117804211332298,0.15654525213376846,0.10432909458583262,0.27720657113642777,0.031005495585256924,0.05993779958060825,69.50320818504831,0.14735139492649774,1
2023-06-08,NVDA,38.43512725830078,0.027618461508334802,-0.031581911781102145,0.33335609512018394,0.16340325462128003,0.11895536529091899,0.3017963137553985,0.021258763218780872,0.05999185270370627,68.72643021857763,0.10758244373650316,1
2023-06-09,NVDA,38.694618225097656,0.0067514012651235245,-0.014061217739460896,0.35677845368462724,0.17103886791990108,0.11006827053233126,0.2999330908379836,0.021723784531747996,0.0597108026604371,70.74787488920742,0.10116061793677611,1
2023-06-12,NVDA,39.40522766113281,0.01836455477868615,0.0080433904338848,0.3932984971976472,0.1805243084231838,0.11270086294190351,0.3135704167063704,0.02359743965746811,0.059415161274586924,72.19296532561793,0.10956903124577688,1
2023-06-13,NVDA,40.94224548339844,0.039005429317228835,0.06137152627553055,0.41699504628340556,0.1905062714443675,0.13676477822800903,0.35332559763751026,0.026640023295083654,0.05959440813140536,76.1403639677249,0.0493147897410211,1
2023-06-14,NVDA,42.91339492797851,0.048144634504215134,0.14735139492649774,0.4719968020234657,0.20194736224821908,0.16915983138286506,0.4052685753772072,0.016366226117248906,0.05988750152948595,78.85097869531478,0.0006513184732215294,0
2023-06-15,NVDA,42.570072174072266,-0.008000363394283783,0.10758244373650316,0.4135271879578182,0.21147849098020544,0.1404581904518718,0.38164056759464926,0.02297775026848803,0.06015753081215564,66.12711314439474,-0.010409706035822919,0
2023-06-16,NVDA,42.60898971557617,0.0009141995659478486,0.10116061793677611,0.34782528949783376,0.21864651580769245,0.12493165876295542,0.37089404647324375,0.023998935671814214,0.059835051739242695,63.81398636252923,-0.04825263295108162,0
2023-06-20,NVDA,43.72282028198242,0.026140741046462246,0.10956903124577688,0.4013730103579465,0.22787032287134346,0.13556623124090672,0.3943280749955669,0.024143446884414468,0.05945445290681721,63.6831996780517,-0.044101494764072435,0
2023-06-21,NVDA,42.9613037109375,-0.017416913322005678,0.0493147897410211,0.3808522514619077,0.23609625913378696,0.0988794375447335,0.35832076198808505,0.02680382049331715,0.059818728414787935,71.709516570599,-0.04479016605150321,0
2023-06-22,NVDA,42.94134521484375,-0.0004645691440846589,0.0006513184732215294,0.4021588641941414,0.24476671044258347,0.08133638936012355,0.3460115402656616,0.01621318430816112,0.059467238378340045,66.1424403349738,-0.051202844569903205,0
2023-06-23,NVDA,42.126930236816406,-0.01896575372645337,-0.010409706035822919,0.3823225094824585,0.2527064542595683,0.04549049468052058,0.30969269055331683,0.018222656236997953,0.059841351571382755,63.78532936219748,0.002203231962266461,0
2023-06-26,NVDA,40.55299377441406,-0.03736176487473608,-0.04825263295108162,0.06993679348596782,0.2480166468192846,0.003129551048286716,0.25192237862461697,0.023876729263531047,0.029133239088977195,56.16134617820491,0.04383248027133435,1
2023-06-27,NVDA,41.794578552246094,0.03061635312891209,-0.044101494764072435,0.07534376320722247,0.2432818302932993,0.030110867674458364,0.2807181249673194,0.02557568802193784,0.029358057307399068,62.785383908557186,0.010531299270057026,1
2023-06-28,NVDA,41.03705978393555,-0.018124809354485905,-0.04479016605150321,0.025186673397293413,0.23641739890991476,0.010185202296610463,0.2490105602408612,0.025637761540768668,0.029094440634735,64.92626881579284,0.02398030642282456,1
2023-06-29,NVDA,40.74262619018555,-0.007174821863462522,-0.051202844569903205,0.07908829239919335,0.23293434817380265,-0.0007353464976536106,0.23202771421903612,0.025261279040244323,0.02577834837586148,60.08724871386526,0.04117875348710043,1
2023-06-30,NVDA,42.21974563598633,0.03625489036729301,0.002203231962266461,0.0637759848982904,0.22759056670346967,0.03228864228871564,0.26722779938875996,0.0317179832622222,0.024531220272596216,63.92744095813771,-0.0028837188878256814,0
2023-07-03,NVDA,42.33053207397461,0.0026240432366284594,0.04383248027133435,0.07858185866233325,0.22273522992649353,0.031109796266217904,0.2607742738170338,0.023706535739101423,0.024294394319898764,62.13264714919159,-0.00018852460124385573,0
2023-07-05,NVDA,42.2347297668457,-0.0022631963841486247,0.010531299270057026,0.08042619508129856,0.21819344178795386,0.02485196220526542,0.24846793916197019,0.020498784526315962,0.02426771970094778,56.08841487410661,0.03745535529207622,1
2023-07-06,NVDA,42.021141052246094,-0.005057181986926729,0.02398030642282456,0.08934041325472841,0.21461109117916566,0.015423287683475229,0.23334438746196184,0.017920411575496998,0.024028429974453407,44.96284896795036,0.09201241150042794,1
2023-07-07,NVDA,42.42035675048828,0.009500353589775967,0.04117875348710043,0.13416930943443095,0.21289354983418596,0.018892461883130318,0.23580809499272282,0.016621445075294568,0.022586048660076553,49.16009349462483,0.06978337341939134,1
2023-07-10,NVDA,42.09799575805664,-0.007599205125212172,-0.0028837188878256814,0.0953000226886147,0.20903758586773447,0.0067212101318159245,0.2171637815396148,0.006782786551111018,0.022227460766035073,47.221671435694454,0.10149326682939264,1
2023-07-11,NVDA,42.32255172729492,0.005334124943354501,-0.00018852460124385573,0.09375809010680869,0.20504142360965383,0.007719823337078546,0.21434413051378187,0.007196409256155094,0.022223152043860044,41.571545608511485,0.12000952174674473,1
2023-07-12,NVDA,43.816646575927734,0.035302570087456075,0.03745535529207622,0.11195009334119654,0.20153701927598555,0.03784427103013366,0.24700831188620476,0.017083208662189393,0.023076709972496265,54.73120761709592,0.07231998966418263,1
2023-07-13,NVDA,45.88760757446289,0.0472642513832382,0.09201241150042794,0.12078873624725195,0.19781280050391348,0.08056851875329696,0.2943188035842521,0.022603955353307913,0.023769973697914816,63.28297116715825,-0.00993976221616788,0
2023-07-14,NVDA,45.380592346191406,-0.011049066514281392,0.06978337341939134,0.05749247810278324,0.19134001971671655,0.06553397840852204,0.26941327084603994,0.026121241352561126,0.021851844894692888,65.08703459733144,-0.02551173689187769,0
2023-07-17,NVDA,46.37065887451172,0.02181695912577486,0.10149326682939264,0.08927837107953596,0.18642459887543428,0.08394426149249878,0.2860181356445666,0.023235680643743085,0.022076139432151254,78.52047064033447,-0.03979675529109994,0
2023-07-18,NVDA,47.40166091918945,0.022233931319971756,0.12000952174674473,0.1124802825789899,0.1819509976100493,0.10187236644785669,0.30235914276199005,0.02180233835998808,0.02240541485308153,78.06762904961025,-0.038215247776427264,0
2023-07-19,NVDA,46.98546600341797,-0.00878017579343926,0.07231998966418263,0.0746211177685634,0.17570753769615077,0.08807167696834162,0.2792540721653707,0.024399607875859083,0.022077119525245815,80.82971029535915,-0.034517857412520225,0
2023-07-20,NVDA,45.431495666503906,-0.033073426084590074,-0.00993976221616788,0.057498067846984746,0.16928355934127515,0.0490848382693827,0.22667765374258964,0.02370485964758832,0.02312312703549101,71.49529490562705,0.008348059556018361,0
2023-07-21,NVDA,44.22285461425781,-0.026603593707728357,-0.02551173689187769,0.029843252301538836,0.16158597849917844,0.01966670894477529,0.1844305518526539,0.026124165342752595,0.02405236573289184,59.414649189333595,0.05509026498961944,1
2023-07-24,NVDA,44.5252571105957,0.00683814961688145,-0.03979675529109994,0.056930966968091745,0.1557054119439154,0.023808546312707124,0.18322107776802832,0.0229649991239115,0.023570204954713462,60.13273753375325,0.04745361753299271,1
2023-07-25,NVDA,45.59019470214844,0.023917606784561674,-0.038215247776427264,0.12421280055808048,0.152991994144708,0.04225962052055099,0.20171699828049672,0.02352247169874198,0.021971240952310865,64.21926784628322,0.01812638668129951,1
2023-07-26,NVDA,45.36362838745117,-0.004969628144329663,-0.034517857412520225,0.08539504306147072,0.14877743113588004,0.03286620464507051,0.18653338527923036,0.023533984010921286,0.021312290732839727,64.14871137541455,-0.026027508191987514,0
2023-07-27,NVDA,45.810760498046875,0.009856621405517796,0.008348059556018361,0.11632657747034925,0.1465436048703721,0.03740895240058495,0.189434600010163,0.018921365727655997,0.020670116605148916,64.29355786840922,-0.030174329020795754,0
2023-07-28,NVDA,46.65910339355469,0.018518419827236565,0.05509026498961944,0.1452159017867718,0.14505415984034342,0.049588838805306734,0.20183606599601234,0.011145714543089416,0.020624979127908703,68.41252461975093,-0.044277909551511785,0
2023-07-31,NVDA,46.63814163208008,-0.0004492534135901449,0.04745361753299271,0.10465235944784324,0.1414862778684165,0.043929443198847506,0.19163113447430113,0.012222988677436259,0.01948674646156644,67.71255738975937,-0.028076685340942875,0
2023-08-01,NVDA,46.41658020019531,-0.0047506488065631736,0.01812638668129951,0.09652720922761238,0.137545529097981,0.03424049539800045,0.17649565155207636,0.010262363639050004,0.01960682311250895,61.91563630819948,-0.03962843656238402,0
2023-08-02,NVDA,44.18292617797851,-0.04812189981646697,-0.026027508191987514,0.046127829440077095,0.13256915152849413,-0.017661245913970003,0.11256656922877317,0.025759000456963776,0.02288386426759855,42.302148160806105,-0.038740442411685505,0
2023-08-03,NVDA,44.42845153808594,0.005557018996849683,-0.030174329020795754,0.057288079894041166,0.12833727429438468,-0.014838800603526714,0.11159410246760348,0.02520530755345114,0.02282221690959315,45.596409068647176,-0.04778171443604562,0
2023-08-04,NVDA,44.593135833740234,0.0037067304835758375,-0.044277909551511785,0.05122019826546942,0.12352153109648656,-0.013563371475423969,0.10828279120958784,0.02233207136977745,0.022772577236886606,41.099547343637965,-0.08560890956176159,0
2023-08-07,NVDA,45.32869720458984,0.016494946074033567,-0.028076685340942875,0.07674240515155417,0.11988090155650544,-0.0008623589131667719,0.11891516227936294,0.025039754678206516,0.022833640929407803,39.303742878052226,-0.036638388453211324,0
2023-08-08,NVDA,44.57716369628906,-0.016579640595200562,-0.03962843656238402,0.05327211798385223,0.11529566653468049,-0.01986315971068231,0.09314237058567021,0.025514683263231357,0.02328514696636062,37.98908572598338,-0.016209986345629757,0
2023-08-09,NVDA,42.47126007080078,-0.04724175902792116,-0.038740442411685505,-0.03070491720071722,0.10722495451525504,-0.06478328879471817,0.035495280526174344,0.0251675284201139,0.024514412561024854,36.00680033641036,0.021901658639004395,1
2023-08-10,NVDA,42.30558395385742,-0.003900899494556409,-0.04778171443604562,-0.07806080573699192,0.09688034960405467,-0.0647430028753776,0.02586502197569418,0.024269664595687454,0.021689862431626183,39.945554867834126,0.022553517060852624,1
2023-08-11,NVDA,40.77556610107422,-0.03616586062142502,-0.08560890956176159,-0.10147567510770206,0.08619495858472681,-0.0939554232462807,-0.015858948477077695,0.025369387343394452,0.022827216011632304,32.579117676145216,0.05982120053475182,1
2023-08-14,NVDA,43.66792678833008,0.0709336733691519,-0.036638388453211324,-0.058285393215907755,0.07706196591245562,-0.026763945793011223,0.048235537841060605,0.04648720564018994,0.027942645269292708,42.365579407906715,0.07345785485379275,1
2023-08-15,NVDA,43.85456848144531,0.0042741139056117206,-0.016209986345629757,-0.07483055169292985,0.06757613449106126,-0.018725502172325048,0.047585235265526604,0.04630210257745606,0.027384587967623525,43.987596780464166,0.039326345060442414,1
2023-08-16,NVDA,43.40145111083984,-0.010332272926073527,0.021901658639004395,-0.07627922413959698,0.05815518506459605,-0.024954626259680923,0.03174931789656554,0.039864462761893975,0.027402451883383735,40.40539473044575,0.0834751784893426,1
2023-08-17,NVDA,43.25972366333008,-0.0032655002052307536,0.022553517060852624,-0.04780322486224131,0.050517745145804316,-0.025761961609068962,0.023454347325712277,0.039830145328402566,0.026511436941117208,35.65532617006721,0.0881090470717778,1
2023-08-18,NVDA,43.21480941772461,-0.001038246243896812,0.05982120053475182,-0.0227946659103323,0.04414200763320664,-0.025667502838419343,0.017341489688568634,0.033296259417148415,0.025877257420142716,35.58339470068796,0.06279611701563725,1
2023-08-21,NVDA,46.87567901611328,0.08471331119389736,0.07345785485379275,0.052788508321903516,0.040215097775666786,0.054078477905276534,0.0964683469574632,0.03939379439438497,0.03218333059847573,51.49912879876871,-0.002810424783885823,0
2023-08-22,NVDA,45.57920837402344,-0.027657639724945393,0.039326345060442414,-0.00024098006592809806,0.03709835129478378,0.02493781546424345,0.06296131859764431,0.043874542910753496,0.032488766714933774,54.85663243656793,0.06823153990905495,1
2023-08-23,NVDA,47.02439498901367,0.0317071460112035,0.0834751784893426,0.03661009184225472,0.03575057916706248,0.05546482053495194,0.09319829915953615,0.043392706033771496,0.03319251955931026,58.33386605532227,0.04558956509295764,1
2023-08-24,NVDA,47.07129669189453,0.0009973908838554202,0.0881090470717778,0.02751615952547648,0.03439330080821801,0.055025051105555,0.0913108450484339,0.04293713040048882,0.033145629696685636,58.016367019264166,0.04647716293535753,1
2023-08-25,NVDA,45.92853164672851,-0.024277322391307754,0.06279611701563725,-0.01565764649749135,0.030293066932872703,0.030255366420993912,0.06146496119393641,0.04658168829263446,0.033394734595920766,51.89054205967046,0.054130814661165205,1
2023-08-28,NVDA,46.74393844604492,0.01775381816227717,-0.002810424783885823,0.0022684611835406265,0.027622615020709507,0.04842192694689662,0.07738208221422105,0.025862295432034152,0.03363676701402729,56.80179641851512,0.03657516381046855,1
2023-08-29,NVDA,48.68914794921875,0.04161415507208743,0.06823153990905495,0.048960258149605584,0.026518059242408354,0.08927501911576385,0.11816047860395096,0.02609322107778254,0.03482249529834726,69.71771182983836,-0.03523951923161295,0
2023-08-30,NVDA,49.168216705322266,0.009839333327483324,0.04558956509295764,0.11283296419213862,0.028276246961467244,0.09389260883258865,0.12482378638926273,0.024043017994947794,0.0326944977429743,71.33815907585621,-0.06128595106288215,0
2023-08-31,NVDA,49.259037017822266,0.001847134563458086,0.04647716293535753,0.10872729776763324,0.029607400217501745,0.09005572410730389,0.12232944019032765,0.02397357380121061,0.0327068088492518,78.97071287339722,-0.07657275507917971,0
2023-09-01,NVDA,48.41468048095703,-0.01714114988808535,0.054130814661165205,0.08569804692509031,0.029655062395973042,0.06685985043834042,0.09849764587084797,0.021561834182228803,0.03310253697066856,68.84611178811733,-0.06859093931128402,0
2023-09-05,NVDA,48.45360565185547,0.0008039952037635079,0.03657516381046855,0.06893885419122991,0.02930061668381545,0.06405405761888217,0.09523149769203165,0.02152421960910472,0.03299225790013319,68.47635120224017,-0.07568394518518684,0
2023-09-06,NVDA,46.973365783691406,-0.03054963295816926,-0.03523951923161295,0.05375402759421899,0.028800106347534937,0.028840653437462338,0.058471373671128646,0.016432873957063308,0.03358989250045989,63.25596079086482,-0.03348831951440423,0
2023-09-07,NVDA,46.1548957824707,-0.01742412934575932,-0.06128595106288215,0.08673243283879972,0.030338563149338693,0.006852291131867139,0.03739874294842749,0.013733288646963375,0.031852542340233304,60.23057590866469,-0.014273058225445556,0
2023-09-08,NVDA,45.48713684082031,-0.014467781376813371,-0.07657275507917971,0.07520408867143868,0.03215676590395744,-0.011146169069617518,0.02065217208484227,0.011174142247378725,0.032088372662663164,57.69109897485066,-0.03668906373436165,0
2023-09-11,NVDA,45.0938720703125,-0.008645625946606006,-0.06859093931128402,0.1059042554684364,0.036156610796136635,-0.02427531056173171,0.011003587278469062,0.011550383004352899,0.030836069121980978,42.25627551869643,-0.026827056866508436,0
2023-09-12,NVDA,44.78644561767578,-0.006817477376024894,-0.07568394518518684,0.025614195855174327,0.03655201330174607,-0.032098553975356214,0.0032801925545158372,0.009402062222473938,0.026785543666846507,46.230611458674176,-0.030086883878350013,0
2023-09-13,NVDA,45.40030670166016,0.013706403254785338,-0.03348831951440423,0.03524691437492655,0.03720242146720798,-0.020468203375526794,0.015972751363028337,0.012202064536012263,0.026917877021066416,41.6149905050839,-0.07136418534329281,0
2023-09-14,NVDA,45.496124267578125,0.002110504815476366,-0.014273058225445556,0.04826274474991288,0.038859074887797274,-0.020613991096840145,0.017444043167188727,0.01098886251221685,0.026759510372780227,41.908408614371666,-0.10012940890800148,0
2023-09-15,NVDA,43.81825637817383,-0.0368793587677092,-0.03668906373436165,0.012911148466655531,0.039151696716779316,-0.05729984320738357,-0.020391532573778792,0.01875372263287245,0.028171614408378315,39.72451393553223,-0.05216401274065563,0
2023-09-18,NVDA,43.88413619995117,0.0015034788515719821,-0.026827056866508436,0.015488365938553406,0.039534701311219056,-0.0565617799023066,-0.01926323166515609,0.019118066426779292,0.028167622149844605,34.97839973710997,-0.0396671129766325,0
2023-09-19,NVDA,43.438961029052734,-0.010144330262536472,-0.030086883878350013,-0.07331558836468677,0.03518856622489164,-0.0626696477204629,-0.029686336544673342,0.019242644554349618,0.02021883063729976,17.263803359949378,-0.03697139514561132,0
2023-09-20,NVDA,42.16035079956055,-0.029434641142476514,-0.07136418534329281,-0.07500914773261769,0.03075333994514362,-0.0868915173635626,-0.05881038179025011,0.01785250370707654,0.020333664572826562,10.265993571858075,0.005421421464171017,0
2023-09-21,NVDA,40.94062423706055,-0.028930654972460834,-0.10012940890800148,-0.1293747799067798,0.024288066590435253,-0.10742797894029033,-0.08574913025603281,0.015891791914349244,0.019270090219840257,8.187921213232158,0.05051545613682151,1
2023-09-22,NVDA,41.53252029418945,0.014457426288901232,-0.05216401274065563,-0.11766781004481719,0.01791599955661205,-0.08902346759422075,-0.07270241244355491,0.019139568540230273,0.01978228967092457,14.506357553615729,0.04539765369481952,1
2023-09-25,NVDA,42.14337921142578,0.01470796650213857,-0.0396671129766325,-0.08241396577659466,0.01316233514615961,-0.07177160576934916,-0.05955395255230367,0.02192051575022597,0.019812810428685837,19.268936469353804,0.060631896386140305,1
2023-09-26,NVDA,41.83296203613281,-0.007365740030851886,-0.03697139514561132,-0.10506124586786147,0.00782779669984146,-0.07359840741098977,-0.06634672408179365,0.021883596717985655,0.01913896585542688,21.746804253056524,0.03831908052517452,1
2023-09-27,NVDA,42.388919830322266,0.013289945706193462,0.005421421464171017,-0.1293969679951562,0.0007754464327471844,-0.05469210532631186,-0.05395906969153941,0.019271835127628714,0.016320487251860128,28.686014518661295,0.03703959349895669,1
2023-09-28,NVDA,43.008758544921875,0.014622658871251026,0.05051545613682151,-0.1252731657386641,-0.006384005767009149,-0.03423627690540232,-0.04040171808320647,0.009692505908523937,0.016609293410890125,35.896826974924394,0.037109268287837116,1
2023-09-29,NVDA,43.417999267578125,0.009515287966956887,0.04539765369481952,-0.11857799307223182,-0.01341264912030593,-0.018610768061456562,-0.03177379747989484,0.009363375565561414,0.016899010518288966,40.48077998146946,0.05202425493121976,1
2023-10-02,NVDA,44.698612213134766,0.029494978284568818,0.060631896386140305,-0.07675498900140232,-0.018387272158828405,0.014596354043605153,-0.00405930524954945,0.01318884963578237,0.018449580873502715,49.55075923153196,0.010964309454777554,1
2023-10-03,NVDA,43.43596267700195,-0.02824807021104292,0.03831908052517452,-0.10355561587935969,-0.024461943896837313,-0.008417292774057117,-0.032673333327292164,0.021504329148572452,0.019194799269809344,40.57827822915737,0.05241647614095202,1
2023-10-04,NVDA,43.958988189697266,0.012041301273431726,0.03703959349895669,-0.0641720588615069,-0.028408620617210056,0.006987397615310531,-0.021619725329854456,0.021430816452089232,0.01859641837362859,42.91757053322942,0.06278245875740929,1
2023-10-05,NVDA,44.60478210449219,0.014690827550627672,0.037109268287837116,-0.03358503256695111,-0.03041710014898613,0.02359822938126266,-0.007536660474152024,0.021436513189063505,0.01868490619617413,54.00484272412361,0.05050579515253539,1
2023-10-06,NVDA,45.676788330078125,0.024033437111622424,0.05202425493121976,0.004169343300755246,-0.030130287608953865,0.047970766490410544,0.016395105890278705,0.022722605341496574,0.01925742140150369,58.279529275127814,-0.006577641897006603,0
2023-10-09,NVDA,45.18870162963867,-0.010685661542408575,0.010964309454777554,0.002102936717838455,-0.029955747019871026,0.03665973297823877,0.0056058162714556214,0.021345712819568118,0.019313096529037437,58.04943193982809,0.018156589760193853,1
2023-10-10,NVDA,45.71272277832031,0.011596286898801766,0.05241647614095202,0.02068208690977169,-0.028688080321169096,0.04756812528587884,0.017515406765781227,0.012776843634338498,0.019395500493414555,67.56142793186439,-0.04061313245849485,0
2023-10-11,NVDA,46.718841552734375,0.022009600681480723,0.06278245875740929,0.029042421667737184,-0.026974142186788175,0.06900962231507823,0.04017400476370647,0.013842846721154614,0.019762587497595522,79.1813707754946,-0.09849168747709658,0
2023-10-12,NVDA,46.85758209228515,0.0029696913480650178,0.05050579515253539,0.029924699007322753,-0.02541228116607419,0.07051678402375794,0.04331251051514484,0.014326868602731321,0.01976464527876789,78.18277771967772,-0.10318441894994501,0
2023-10-13,NVDA,45.3763427734375,-0.03161151840763732,-0.006577641897006603,0.03555792776911515,-0.02365771151623597,0.03483430817467492,0.010352496644774778,0.020824502237060376,0.019252455356063087,65.6670004022574,-0.089615284768497,0
2023-10-16,NVDA,46.00917434692383,0.013946288634278714,0.018156589760193853,0.048423834464697,-0.021940260687877355,0.04673003529548536,0.02376450545127118,0.02091639464854433,0.019438243590530917,69.62475643137687,-0.0676864304032434,0
2023-10-17,NVDA,43.85618591308594,-0.046794763531370354,-0.04061313245849485,0.009604854125174755,-0.021233210658655466,-0.00272475898053548,-0.023900114257763172,0.029853950286724315,0.022225510812068222,55.99510833699357,-0.006258961317032186,0
2023-10-18,NVDA,42.11742401123047,-0.03964690192852938,-0.09849168747709658,-0.0010181791070515978,-0.020018554850385506,-0.04221688608646579,-0.06139031988711685,0.027011507056965704,0.023056413407306072,46.66319740570874,-0.009882228057129794,0
2023-10-19,NVDA,42.02260971069336,-0.0022511894486193507,-0.10318441894994501,0.026428162584130055,-0.017593815736275498,-0.04554726209680837,-0.06233972769646079,0.025971490175230486,0.022031010296842277,44.65027359006856,-0.04216068028476827,0
2023-10-20,NVDA,41.30992889404297,-0.016959461146199062,-0.089615284768497,-0.0053594484170426115,-0.01619545868811556,-0.061497027569822116,-0.07669651368848873,0.025331885916830357,0.022180923011332145,36.41675135270851,-0.02143178365799714,0
2023-10-23,NVDA,42.89497756958008,0.03836967813725001,-0.0676864304032434,0.01783431637941657,-0.013972938654910338,-0.026318263457750124,-0.03992345863186153,0.03398955512403714,0.023594506411356065,47.886142409633095,-0.04221052106417433,0
2023-10-24,NVDA,43.58169174194336,0.01600919760942543,-0.006258961317032186,0.04180267474964117,-0.010888188095926288,-0.012689952285918404,-0.023439969794427307,0.029954477579125158,0.023728989024529083,48.5443637474664,-0.06602837593949029,0
2023-10-25,NVDA,41.701210021972656,-0.04314843331703233,-0.009882228057129794,-0.01622381063500622,-0.00991514393576498,-0.0545543535277051,-0.06392858319592032,0.031105740378583185,0.025635050368528717,39.77221788051207,0.013068755315951197,1
2023-10-26,NVDA,40.25090789794922,-0.034778418258349375,-0.04216068028476827,-0.06412300053004627,-0.011556391513638409,-0.0845735731613575,-0.09515259935183584,0.03449385856581978,0.026467478695531885,31.38357354889034,0.0788572543101318,1
2023-10-27,NVDA,40.424583435058594,0.004314822849454947,-0.02143178365799714,-0.06894412186226251,-0.013441052691941735,-0.07748345819646885,-0.08988305164403798,0.034440118845027186,0.02636368140544665,33.293666071033456,0.11123469882501391,1
2023-10-30,NVDA,41.08435821533203,0.01632112749741399,-0.04221052106417433,-0.08085830451668208,-0.01621434960615198,-0.058544397470666976,-0.07380948774874807,0.028599742877493194,0.025658087340736612,33.922783651432965,0.11151327695088353,1
2023-10-31,NVDA,40.704063415527344,-0.009256437640122739,-0.06602837593949029,-0.06289487081913048,-0.01758665385638747,-0.0643301837387168,-0.08078548492117377,0.025279905799676997,0.025053524301828917,28.1572275987798,0.1269005276877202,1
2023-11-01,NVDA,42.246192932128906,0.03788637760458302,0.013068755315951197,-0.03896348228437596,-0.018659682690135737,-0.02696551560320881,-0.04512203032861273,0.027265441276674147,0.026492239911024666,34.802699400077444,0.10038975723336296,1
2023-11-02,NVDA,43.42498397827149,0.027902894067552753,0.0788572543101318,-0.026450036757423745,-0.020344983146978746,0.0015457464039776436,-0.018830684927539476,0.01866563276206936,0.02707935752728839,43.43829169333707,0.07916143216218341,1
2023-11-03,NVDA,44.921199798583984,0.03445518416451576,0.11123469882501391,-0.01654206784491863,-0.022161743669768974,0.03695772986886503,0.013976938463125643,0.019040214755960454,0.0276798147743706,46.54230878715182,0.07399177110593458,1
2023-11-06,NVDA,45.665809631347656,0.01657591150953941,0.11151327695088353,0.010558125914289507,-0.02341992271575133,0.05356607553669268,0.028891639471686048,0.019023350825682538,0.027821028221274004,56.31662400386895,0.0627088690368689,1
2023-11-07,NVDA,45.86943054199219,0.004458935739633851,0.1269005276877202,0.003428099534386053,-0.024050199713478992,0.05807258907986612,0.032625732001137386,0.013729693187198464,0.027722142693345837,64.6687048857603,0.0805352717924459,1
2023-11-08,NVDA,46.48727798461914,0.013469699434383253,0.10038975723336296,-0.004956534888688413,-0.02527369064173579,0.07261097582725018,0.0455021378452618,0.011888369791540463,0.02743834253656732,66.76910115740276,0.04968431511260829,1
2023-11-09,NVDA,46.86256790161133,0.008072959598029339,0.07916143216218341,0.0001064034699091998,-0.026531010166217728,0.0812639015424077,0.05257687797822186,0.011636162019368965,0.027490000311642067,71.39778876388638,0.05388725737074962,1
2023-11-10,NVDA,48.244998931884766,0.029499685829762257,0.07399177110593458,0.06321920152909555,-0.025128711855098795,0.10948906274906789,0.08160903178486278,0.009649553996814362,0.027142592026249246,70.94404372563953,0.01992340242696833,1
2023-11-13,NVDA,48.52946090698242,0.005896196111420338,0.0627088690368689,0.05477791322780168,-0.02424127375901519,0.11280597352819233,0.08583013928322814,0.010217070895600741,0.02703780228300383,69.99918586413429,0.03679569101850877,1
2023-11-14,NVDA,49.56353759765625,0.021308225382018264,0.0805352717924459,0.13013789425010924,-0.018839719705094016,0.12912929166372877,0.10785681229797284,0.00976129156505351,0.024613731672015325,84.11425764245627,0.005799834739036669,0
2023-11-15,NVDA,48.796966552734375,-0.015466431212894816,0.04968431511260829,0.15859333039273316,-0.012558259722496468,0.10327146840456858,0.08941629875992385,0.01715453638190552,0.022755288193448756,89.4198521529878,-0.0035182607151188483,0
2023-11-16,NVDA,49.38786315917969,0.012109289740515727,0.05388725737074962,0.1752688255011472,-0.005211457693464094,0.10741076972979902,0.10163954535406572,0.017144260708434684,0.022653289526487642,89.81198648032266,-0.034438111486358114,0
2023-11-17,NVDA,49.20620346069336,-0.0036782255166786237,0.01992340242696833,0.19114713527839222,0.0027993038087674726,0.0936555471410343,0.09671702127962578,0.014202307744074456,0.02205912434159623,87.67475349683946,-0.021420701007999754,0
2023-11-20,NVDA,50.31513595581055,0.022536436813358707,0.03679569101850877,0.1729843167348486,0.009423550889888777,0.10915652991480296,0.11960872291930769,0.016510007161496906,0.02121832267804816,91.75991362549811,-0.05134008364486797,0
2023-11-21,NVDA,49.85099792480469,-0.00922462042860206,0.005799834739036669,0.14385183163570714,0.015228908718724954,0.0913834247458769,0.10800400329846127,0.01568821674319175,0.02147968147359688,86.45799881640443,-0.036120519063921885,0
2023-11-22,NVDA,48.62528610229492,-0.024587508245243805,-0.0035182607151188483,0.16604017189606535,0.022947943431932627,0.05654106909490686,0.08078651378201052,0.018412468789500282,0.019511427122573692,74.81897738883211,-0.03994578415475469,0
2023-11-24,NVDA,47.68703842163086,-0.019295468589947906,-0.034438111486358114,0.18474441725724433,0.031778163264930104,0.02785091980615495,0.06051413414776352,0.018362805690012127,0.017976102180895098,63.94283393472647,-0.021161165489988698,0
2023-11-27,NVDA,48.15217208862305,0.009753880349617328,-0.021420701007999754,0.19116062546392576,0.04079787041497429,0.029304347666191166,0.07129777305984608,0.019863985173079933,0.017947947703730687,62.89738330251055,-0.056631320317682254,0
2023-11-28,NVDA,47.73195266723633,-0.00872690479285776,-0.05134008364486797,0.1618035364471999,0.048458136379090355,0.013123491338957294,0.06221756765112074,0.01314128142084506,0.018276474636664503,59.44903817980478,-0.026158018548436357,0
2023-11-29,NVDA,48.05035400390625,0.006670612008891741,-0.036120519063921885,0.18048052140112691,0.05679034085354151,0.011991803421327774,0.06946316287861509,0.015254329747725608,0.017841273712005588,58.17835904694956,-0.0546945755960252,0
2023-11-30,NVDA,46.68291091918945,-0.028458543398153346,-0.03994578415475469,0.1050205398197277,0.06184218022714494,-0.021380219787601407,0.03913976103414285,0.016409558850403138,0.018249242333312304,49.14840986843533,-0.0036327250872205674,0
2023-12-01,NVDA,46.67792510986328,-0.00010680159458786864,-0.021161165489988698,0.07490943769189329,0.06525592557817461,-0.024809737753350047,0.0388272054243779,0.015318302391497503,0.01747048208138868,41.45625103209487,0.01593426072408266,1
2023-12-04,NVDA,45.42525100708008,-0.026836542109248684,-0.056631320317682254,0.011220786861351417,0.06584128002508938,-0.05147989584147472,0.010971881945853745,0.01573584710130072,0.017176545458709443,34.69187351527634,0.024634200476202572,1
2023-12-05,NVDA,46.48337936401367,0.023293836213886143,-0.026158018548436357,0.017903322841883673,0.06620153136163243,-0.03021301425170364,0.03398836929941518,0.022292304177072255,0.017564678270705306,34.84642897492574,0.023429138902085755,1
2023-12-06,NVDA,45.42226028442383,-0.022827924606775407,-0.0546945755960252,-0.009748764095926288,0.06545303372870026,-0.05190898461676008,0.010146448590996782,0.022305967575986473,0.018327857609529343,33.86495543734436,0.05680953825059909,1
2023-12-07,NVDA,46.51332473754883,0.024020479084330137,-0.0036327250872205674,0.0005602985173343011,0.06504262326214283,-0.029161774962869313,0.03398408995670832,0.024288394544482426,0.018889210444630166,36.883667642923314,0.037642572423014276,1
2023-12-08,NVDA,47.42170333862305,0.01952942745331021,0.01593426072408266,0.011931387076048239,0.06490437167227547,-0.010779091473074542,0.05342567003994292,0.025900161133029183,0.019309635121279745,42.36386572564137,0.02913320111347839,1
2023-12-11,NVDA,46.54426574707031,-0.01850286956770064,0.024634200476202572,-0.03525201000036604,0.06194359076362277,-0.027357172843863076,0.03289181640066974,0.023634048387480726,0.018517784089571675,33.53775050735139,0.07399162384336089,1
2023-12-12,NVDA,47.57244491577149,0.022090351028169364,0.023429138902085755,-0.019720309546509607,0.05943646616070675,-0.004876081514209374,0.0542705675925812,0.023407508852180514,0.019205463203695677,40.519557859030066,0.04085437449998297,1
2023-12-13,NVDA,48.00267791748047,0.00904374375693151,0.05680953825059909,-0.031492095920320096,0.05592701704601599,0.005765485324207287,0.06201494876622893,0.017601471039145604,0.018649483672046815,47.22586053512831,0.00047824098863813447,0
2023-12-14,NVDA,48.26420593261719,0.0054481963607593276,0.037642572423014276,-0.010917904487801278,0.052967757822019124,0.011809812010619813,0.06540310909514102,0.01612703760051147,0.01840596597524123,52.736707341381454,0.013236936709364988,1
2023-12-15,NVDA,48.80324935913086,0.011168596190440638,0.02913320111347839,-0.011837195672236067,0.04928722288933218,0.02373764503033793,0.07419483052114817,0.014962120234948053,0.018373524324089254,53.06567171900057,-0.0012271095297846646,0
2023-12-18,NVDA,49.98815155029297,0.02427916597197677,0.07399162384336089,0.015891250179954186,0.04690039490841147,0.0477338530441882,0.096872984510872,0.008306706304478172,0.01916040853422225,59.909936627904834,-0.015935630498377096,0
2023-12-19,NVDA,49.515987396240234,-0.009445521376754473,0.04085437449998297,-0.015882865948572022,0.04321087178744243,0.03870737116775169,0.08359082220795266,0.012113522635451313,0.018591324841756778,56.35172787987418,-0.00376978408619999,0
2023-12-20,NVDA,48.025634765625,-0.03009841283561676,0.00047824098863813447,-0.03661638152024693,0.03886716532041201,0.009376431064920698,0.04860803168164818,0.02084865115600918,0.019654388946220496,55.757726844004665,0.029328101091437686,1
2023-12-21,NVDA,48.903076171875,0.018270271918988668,0.013236936709364988,0.005712872701575167,0.03671286581052091,0.027518057843288757,0.0652411904187764,0.022377274102513996,0.019359445548337607,58.877419142754,0.010859424533341322,1
2023-12-22,NVDA,48.74336242675781,-0.0032659243061899934,-0.0012271095297846646,0.022151176506021164,0.03570708657353938,0.023026969790661544,0.059556282368042224,0.021960565585747275,0.018822746101435153,64.50263351390285,-0.01355744112044499,0
2023-12-26,NVDA,49.191558837890625,0.009195024487821835,-0.015935630498377096,0.021585459267644547,0.034672535049689035,0.03130884439566883,0.06706693645003203,0.018554371350983968,0.018809891264913496,62.50342115320603,-0.03470039251595469,0
2023-12-27,NVDA,49.329322814941406,0.00280056132201012,-0.00376978408619999,0.03346542637467942,0.034672838724059796,0.032468265433032606,0.06826687108810181,0.01830884388011848,0.018664558421764888,69.71989327287157,-0.028714864748449975,0
2023-12-28,NVDA,49.43413543701172,0.0021247529073835647,0.029328101091437686,0.028798568955245907,0.033932800473805536,0.033165841725702805,0.06822405208933247,0.008242054063924554,0.018629942150854735,66.37198758276622,-0.008582157908618826,0
2023-12-29,NVDA,49.43413543701172,0.0,0.010859424533341322,0.058934296590561264,0.03486473942727786,0.03020399647566152,0.06612179036972576,0.004582815540143465,0.017250112443250115,62.55922545884107,0.05514720351216029,1
2024-01-02,NVDA,48.08252716064453,-0.027341598359485575,-0.01355744112044499,0.030091355763464556,0.03508545211383951,0.0005721446637318994,0.03567767073177297,0.014225934534444252,0.018536061890403823,59.06358983303499,0.10322228186560634,1
2024-01-03,NVDA,47.48459243774414,-0.01243559268219574,-0.03470039251595469,0.04533472870283295,0.03663055808213711,-0.01398329180334279,0.02213505049621256,0.012957951433163537,0.01762885793837052,49.454718167663586,0.1425509614107745,1
2024-01-04,NVDA,47.912837982177734,0.009018621039973196,-0.028714864748449975,0.03075203734586296,0.037155432590329385,-0.006565171303491324,0.030346329507027203,0.014353379134464609,0.017015299432702073,49.44224483251714,0.1421724556636379,1
2024-01-05,NVDA,49.009883880615234,0.022896700438524764,-0.008582157908618826,0.0789838192491199,0.039784202973735416,0.012415703320510563,0.052693855155210745,0.019335456964068545,0.01662002290440489,54.194279858401885,0.11432466972356892,1
2024-01-08,NVDA,52.1602897644043,0.06428103138263364,0.05514720351216029,0.12140531898586993,0.04381550342008844,0.07124670261878485,0.11818391618113688,0.03536674997146458,0.021032635172399054,64.59508227715843,0.07901923039934089,1
2024-01-09,NVDA,53.04571533203125,0.0169750891267324,0.10322228186560634,0.11859573987144567,0.04752768300849475,0.0831756732122515,0.13465650325119616,0.028066442423294615,0.020953461025654364,63.6484846255701,0.05481742052994987,1
2024-01-10,NVDA,54.25356674194336,0.022770008894248184,0.1425509614107745,0.16563374394531727,0.05244212237666246,0.0991878123133314,0.156831554081603,0.021495678370123762,0.020457928058442584,69.84443109332857,0.05072672412453527,1
2024-01-11,NVDA,54.72472381591797,0.008684352057730438,0.1421724556636379,0.15034499304817772,0.056794186510565225,0.10075819202903258,0.16327485809016218,0.02156671774163303,0.02018593979975991,80.6802204344958,0.0851666395041657,1
2024-01-12,NVDA,54.61292266845703,-0.00204297326080638,0.11432466972356892,0.13770574971546323,0.0597811087452802,0.09125463015453295,0.15649104186859142,0.02534171554800265,0.020285161440527017,78.12188589233135,0.09036744444328026,1
2024-01-16,NVDA,56.28195571899414,0.03056113771221214,0.07901923039934089,0.16612206979165323,0.06295646035213442,0.11566768970140395,0.18590617837424772,0.012609666214866016,0.020971564507747027,82.32317664588876,0.06191706819117315,1
2024-01-17,NVDA,55.95354461669922,-0.0058351046636442305,0.05481742052994987,0.1465126882218668,0.06527796024724353,0.10135241729305977,0.17324645660732174,0.01565187317289264,0.02117658720508808,79.29423367907947,0.09471392128354417,1
2024-01-18,NVDA,57.005672454833984,0.01880359582832858,0.05072672412453527,0.14038368467137063,0.06678368824014957,0.11436553652228998,0.18878697709896164,0.014981426075154505,0.020976838413321656,80.81420935560722,0.07897471140838985,1
2024-01-19,NVDA,59.38544464111328,0.0417462347832982,0.0851666395041657,0.19931859918080597,0.0709364273586297,0.14979452961559003,0.23135684574301596,0.02051210526893158,0.021989530669934084,83.77717399748705,0.02588623840198756,1
2024-01-22,NVDA,59.548152923583984,0.00273986805106885,0.09036744444328026,0.2399243282091168,0.07694011769478792,0.14022594429165247,0.22795506264410315,0.019509664211367878,0.02002694860744021,83.95440454745587,0.04712171683229238,1
2024-01-23,NVDA,59.76676940917969,0.0036712555278792802,0.06191706819117315,0.22214744117779217,0.0814267778234099,0.13263163836361125,0.22485818313640982,0.018735546956944786,0.020013959688460217,92.45562121975736,0.04845246529439917,1
2024-01-24,NVDA,61.25312423706055,0.024869251635551315,0.09471392128354417,0.2566454423225317,0.08645169078341408,0.1472009508975416,0.24637841277097428,0.016195915111875243,0.02000144674258043,96.99492413810344,0.0026889597206576354,0
2024-01-25,NVDA,61.5076789855957,0.0041557839164250154,0.07897471140838985,0.2503706009458351,0.0911801937420591,0.1388339090763271,0.24267300554593318,0.017378571168804775,0.02006595603077788,96.95886579996228,0.022883155401473454,1
2024-01-26,NVDA,60.92271041870117,-0.009510496519166689,0.02588623840198756,0.23502020587739003,0.09557304957690671,0.11602500480802691,0.22268691792161222,0.012376962052842184,0.02052786937298307,92.6579746396945,0.08403938931743182,1
2024-01-29,NVDA,62.35416412353515,0.02349622488881531,0.04712171683229238,0.2613584433571403,0.10056790085865419,0.12888821989844712,0.24241813847769667,0.014627955035765075,0.02060823838161422,91.6272373606318,0.10993351796825745,1
2024-01-30,NVDA,62.66261672973633,0.0049467843974313475,0.04845246529439917,0.2675981116243078,0.10624652689352732,0.12104834330058623,0.2401558362560161,0.014515144958447709,0.02048754387999181,91.2131850124064,0.08680338491847595,1
2024-01-31,NVDA,61.41783142089844,-0.01986487915445101,0.0026889597206576354,0.27734200025927147,0.11283785047991612,0.08582648532533299,0.20834881192360588,0.016407305412598754,0.019785736222626842,80.60553714981333,0.13932086798793275,1
2024-02-01,NVDA,62.91516876220703,0.024379521495106138,0.022883155401473454,0.32495964548276435,0.12140049806363451,0.09733069608928213,0.2305471891350357,0.01965968895712481,0.019042711769629263,82.16890127987841,0.1049389086193433,1
2024-02-02,NVDA,66.04261779785156,0.049708982701214266,0.08403938931743182,0.3783908567974539,0.13161368455636802,0.1339496157755995,0.28319290280910403,0.0258347935303036,0.020557968258230364,86.29390613621156,0.09028136378223683,1
2024-02-05,NVDA,69.20897674560547,0.04794417685631047,0.10993351796825745,0.4121432508225047,0.14260105409933943,0.16806068643112781,0.33462737156820443,0.029531192425081502,0.021707204799863,87.48407441107676,0.04205863752057426,1
2024-02-06,NVDA,68.10194396972656,-0.01599550850098641,0.08680338491847595,0.30562817571234646,0.14998312571194128,0.13412009296009253,0.3042189694349646,0.03365013005215883,0.019978972441902065,83.70441067896719,0.057239102880512815,1
2024-02-07,NVDA,69.97461700439453,0.02749808486378047,0.13932086798793275,0.3191379655529105,0.15765340051979604,0.1491083022045685,0.3302691336126482,0.026503094596335264,0.02020948498338049,84.41404341735816,0.054223458584018,1
2024-02-08,NVDA,69.51741790771484,-0.006533784910190743,0.1049389086193433,0.2813428145355652,0.16431468833696883,0.12746971343029934,0.3127295480019705,0.030487970572125697,0.020608913669974874,79.94091709048573,0.0433223471970976,1
2024-02-09,NVDA,72.00503540039062,0.03578408933395827,0.09028136378223683,0.31576790853435566,0.17197137635389503,0.1516766817447428,0.349732105819073,0.027660453926240648,0.02121495758753572,82.36419069230591,0.006653956136592143,0
2024-02-12,NVDA,72.11981201171875,0.001594008123041668,0.04205863752057426,0.32056312842918455,0.18006383669342396,0.13758558126105624,0.3424236055900409,0.02224343397458005,0.021085158668667687,82.26851654402753,-0.038700024796654686,0
2024-02-13,NVDA,72.00003814697266,-0.001660762298252183,0.057239102880512815,0.2792739205164818,0.1861542174045554,0.1217900524534219,0.33061600176010386,0.018987321476415506,0.021000716622620774,80.23138298614367,-0.06455206100036781,0
2024-02-14,NVDA,73.76888275146484,0.024567273157293013,0.054223458584018,0.31839516614732344,0.19365234340229853,0.1336164644222606,0.35314394927706005,0.01839980363376627,0.020694405208062348,81.78334763527498,0.06276045127564434,1
2024-02-15,NVDA,72.5290756225586,-0.01680664099364626,0.0433223471970976,0.2723133067156416,0.19933812860655542,0.1014268964112599,0.3209832727388069,0.021176327621575713,0.021773730697767786,79.09802537640456,0.08476719846598102,1
2024-02-16,NVDA,72.4841537475586,-0.0006193636774549649,0.006653956136592143,0.22057103698735148,0.20316988274868653,0.08990468083554504,0.3113404870481473,0.014846606901912552,0.020801048900492263,77.29421080480384,0.08922659234748642,1
2024-02-20,NVDA,69.32877349853516,-0.04353200093930487,-0.038700024796654686,0.16424725360503278,0.20494051933485236,0.03484939859334313,0.24693197177442228,0.024973023895133346,0.02400339101535408,65.57225295891814,0.13317099995256987,1
2024-02-21,NVDA,67.35228729248047,-0.028508887527001314,-0.06455206100036781,0.12691865326312435,0.20499764257637043,-0.0003125722173888956,0.20462099379128196,0.026228788298039526,0.025343259886979237,63.404742250630306,0.15104045661989773,1
2024-02-22,NVDA,78.39865112304688,0.164008740825639,0.06276045127564434,0.27991269179397404,0.20925980577055214,0.14902441237768005,0.3894690377374561,0.08482070534739385,0.0433855433025483,74.43370114195245,0.007308385043482524,0
2024-02-23,NVDA,78.67716217041016,0.0035524979495649145,0.08476719846598102,0.2791437340504317,0.21353266699039963,0.13877827005629118,0.3819446311721246,0.08339427924225502,0.0433924099992205,71.90778077548201,0.043924322752871614,1
2024-02-26,NVDA,78.95166778564453,0.0034890126646893727,0.08922659234748642,0.2959316360522446,0.21823240939358124,0.12803333826522234,0.37420677155112636,0.08317283435832187,0.04313054142587623,68.7764628800671,0.0776943925279705,1
2024-02-27,NVDA,78.56135559082031,-0.004943685241506568,0.13317099995256987,0.2599215576874019,0.22152544910191962,0.1096094943477266,0.3554162359108608,0.07741807439950825,0.04326516337714868,70.7304474477526,0.09233729111056865,1
2024-02-28,NVDA,77.52520751953125,-0.013189029943497244,0.15104045661989773,0.237184330394264,0.22349583846605992,0.08360129261998694,0.32578167207699726,0.07490877197303417,0.043619311870702046,65.47845417996197,0.14216734649531992,1
2024-02-29,NVDA,78.97161865234375,0.018657301013326633,0.007308385043482524,0.2858092971591366,0.22720973492313434,0.09044103329968167,0.3381998514250111,0.011830360346369213,0.043005604195628405,68.6253997713574,0.17141971649414822,1
2024-03-01,NVDA,82.13300323486328,0.04003190812685342,0.043924322752871614,0.30545629695903087,0.2307332478876245,0.11924334323958319,0.37748999500185554,0.021054755773283758,0.04335558887574492,69.43677137346002,0.06384509839311114,1
2024-03-04,NVDA,85.08576965332031,0.03595103432433189,0.0776943925279705,0.288346411611931,0.2333936237691352,0.14462944866214622,0.41177866355827186,0.023826642526264635,0.04286983351143867,72.43896165763813,0.006347175602800625,0
2024-03-05,NVDA,85.81549835205078,0.008576389467988887,0.09233729111056865,0.23994750951869515,0.23339329628225425,0.14169341865630702,0.4081570089802582,0.021619646883887633,0.04210516393033004,73.41478678917873,0.06920344747234841,1
2024-03-06,NVDA,88.54676055908203,0.03182714380829532,0.14216734649531992,0.3002090013530865,0.23595936335994927,0.1622240815202287,0.4364617358773437,0.01306027019614206,0.04181268132063124,74.25466619383639,0.024667583606101662,1
2024-03-07,NVDA,92.5089111328125,0.04474642040785626,0.17141971649414822,0.32203526211515787,0.23913193833976698,0.1965342161980852,0.4826637626073871,0.014062647088046278,0.04228127469099048,80.10250588590415,-0.05098789904899892,0
2024-03-08,NVDA,87.37679290771484,-0.05547701472487998,0.06384509839311114,0.2569050395932213,0.23991969662689927,0.11724995678121486,0.38530022746858017,0.04061292447142248,0.04491818735827954,69.45553431934215,0.0035303616603701293,0
2024-03-11,NVDA,85.62582397460938,-0.02003929046646058,0.006347175602800625,0.18916438966357152,0.2382661313671539,0.08540914167435387,0.3440253788116454,0.04046441204053358,0.04512274334643081,72.10122112550644,0.031256738305509346,1
2024-03-12,NVDA,91.75422668457033,0.07157189765295824,0.06920344747234841,0.27224716933068516,0.2394888070311434,0.14879774572033,0.42392194736295874,0.051385842411103354,0.0471365192180499,79.74320350980499,-0.027362945384366677,0
2024-03-13,NVDA,90.73099517822266,-0.011151873252284061,0.024667583606101662,0.2601520431560711,0.24039850489984738,0.12282038052702782,0.39274472127680315,0.051362897891661805,0.04734039070233811,69.89222381629929,-0.005677374413832759,0
2024-03-14,NVDA,87.79207611083984,-0.032391566538093164,-0.05098789904899892,0.1900963229526007,0.23880464615304886,0.07710439285625559,0.33432192626218815,0.04828138251405002,0.048288608073033944,63.54036188629137,0.0396957247983698,1
2024-03-15,NVDA,87.68526458740234,-0.0012166419586961963,0.0035303616603701293,0.20896707747547438,0.23849582201854158,0.06588397052479755,0.32009284425149587,0.04089619283431826,0.04796143706341099,63.038871608467296,0.07345409408424186,1
2024-03-18,NVDA,88.30220794677734,0.007035884105248247,0.031256738305509346,0.21822775574242703,0.23835109522987463,0.06316211286607865,0.3165679668746162,0.03910871040154847,0.047897967803469235,64.44491057243911,0.07401468142199019,1
2024-03-19,NVDA,89.24356079101562,0.010660581044651396,-0.027362945384366677,0.28725140064537924,0.24049161282107678,0.06176679088253323,0.3171127988617326,0.017260662372494795,0.046154804821121304,67.42638125765549,0.035381145033756445,1
2024-03-20,NVDA,90.21588134765624,0.010895134035692866,-0.005677374413832759,0.3394627706686417,0.2447145814192373,0.05893247733550511,0.31806869527789927,0.018217547349045876,0.045088734666240304,66.96051069525976,-0.0013498775790762307,0
2024-03-21,NVDA,91.27704620361328,0.01176250611428098,0.0396957247983698,0.1642680696170873,0.24126647336812468,0.06335118132969964,0.3199021708009455,0.0053699199108444414,0.028531209462275105,64.72558828487331,-0.01180078511417526,0
2024-03-22,NVDA,94.12610626220705,0.03121332445660352,0.07345409408424186,0.19635868485362207,0.23901838843086587,0.0867623643142752,0.3465185532399906,0.009619048450078422,0.02897042608713859,64.60737055618796,-0.04163788875310381,0
2024-03-25,NVDA,94.8378677368164,0.007561786021686778,0.07401468142199019,0.20121424153196155,0.23695991514116654,0.08502947314971054,0.3421379650329308,0.009521961734387638,0.028940985514306357,64.5868086443783,-0.058419516565144214,0
2024-03-26,NVDA,92.4011001586914,-0.025694035898057632,0.035381145033756445,0.17616478819375447,0.23424451379552624,0.04884701882793108,0.29453367879916703,0.0205745295318778,0.029847704778744686,56.29136681150706,-0.03886089872041554,0
2024-03-27,NVDA,90.09410095214844,-0.024967226608567317,-0.0013498775790762307,0.1621265370937659,0.23135839430003657,0.015416752421820945,0.25034194180749125,0.024765659738594122,0.030410436020408087,45.83320388093891,-0.04814420821599863,0
2024-03-28,NVDA,90.1999053955078,0.0011743770373551232,-0.01180078511417526,0.14218129164344795,0.22719462641668375,0.010217095964797362,0.2397329916822668,0.023944878645858668,0.030338481610020077,55.893637984468185,-0.02598589727779177,0
2024-04-01,NVDA,90.20689392089844,7.747818980519128e-05,-0.04163788875310381,0.09830263557935992,0.22079585276793945,0.00574809598135162,0.2278131045032854,0.01574695983675004,0.029355637765733137,60.31469216196771,-0.035744787669540146,0
2024-04-02,NVDA,89.2974853515625,-0.01008136440362739,-0.058419516565144214,0.04949964859462064,0.21228106221098653,-0.006723325716110451,0.2041305017702697,0.013026267449837176,0.02860492202189873,42.76898755496069,-0.04581251495164207,0
2024-04-03,NVDA,88.81031036376953,-0.005455640613786228,-0.03886089872041554,0.03489826510629568,0.2035348541631692,-0.013784925602642883,0.1869442157383423,0.01058295423043454,0.028627968922196375,44.16257637984573,-0.021637818504202322,0
2024-04-04,NVDA,85.756591796875,-0.034384730268213426,-0.04814420821599863,-0.03151068141386515,0.19274438108044678,-0.046218061735144755,0.1376180476414237,0.014502942095295355,0.028837317594229337,43.856542513384376,0.05483960909186658,1
2024-04-05,NVDA,87.8559799194336,0.024480778428453087,-0.02598589727779177,-0.050297113612101874,0.1805720696495441,-0.020333863802322716,0.15656647797646395,0.02112084813445119,0.02746078219191381,50.45992963750737,0.0020224117857567947,0
2024-04-08,NVDA,86.98246765136719,-0.009942547665707457,-0.035744787669540146,-0.004512928927983606,0.1718972301769739,-0.02986095358323937,0.13690326138233244,0.020984946309479984,0.02454595270896287,46.492929333887496,-0.012991618429526008,0
2024-04-09,NVDA,85.20654296875,-0.0204170418541727,-0.04581251495164207,-0.00489666535627975,0.16389472147122808,-0.049446066728556115,0.1063447054083475,0.021846300228434774,0.024562368821642443,39.72768682898193,0.024146522552620953,1
2024-04-10,NVDA,86.8886489868164,0.019741512323570465,-0.021637818504202322,-0.053028376714248204,0.15268486626564814,-0.028042812506300807,0.1203603406821101,0.02550894261779058,0.01863718667929776,41.8289085987881,-0.03451333953072133,0
2024-04-11,NVDA,90.4594497680664,0.04109628614195393,0.05483960909186658,-0.0029928626884655474,0.14410649364722206,0.012054727635586016,0.15789838581424465,0.025443822184710762,0.0208939442800485,48.212467556729855,-0.06560644482811873,0
2024-04-12,NVDA,88.03366088867188,-0.02681631256451522,0.0020224117857567947,0.002751783401579777,0.13648317716578773,-0.015217933471931344,0.11918825178370951,0.028769665527163722,0.020471144767416596,36.42874841820067,-0.13591725896085083,0
2024-04-15,NVDA,85.85242462158203,-0.024777298195610142,-0.012991618429526008,-0.020902485434065032,0.12842094132309767,-0.03863263002894546,0.08482707258004796,0.030836464749643733,0.021229087655399655,31.214278513705437,-0.07538286526372118,0
2024-04-16,NVDA,87.26398468017578,0.016441702896750954,0.024146522552620953,-0.011757613889194385,0.12118231104927468,-0.022257755387784073,0.09622730942482938,0.02979109668950987,0.021515047002135506,38.77889218782706,-0.057106811454760154,0
2024-04-17,NVDA,83.88983154296875,-0.03866604475573021,-0.03451333953072133,-0.05999009004788447,0.11215159422632714,-0.05723557451699568,0.04849695878079063,0.03381266397328852,0.02296238759838438,37.051544408798776,-0.05185934238470491,0
2024-04-18,NVDA,84.52472686767578,0.007568203595471834,-0.06560644482811873,-0.06308373198781936,0.10290704021480401,-0.04705311703084347,0.051011826177435715,0.023863641764998698,0.022869528334857236,38.41169148609685,-0.024081344366392643,0
2024-04-19,NVDA,76.06836700439453,-0.10004598863146585,-0.13591725896085083,-0.1666210710334829,0.09010456992025295,-0.1349755431897519,-0.057032886538364136,0.04624630433683676,0.031213428401994307,28.536381011681513,0.15137797927131147,1
2024-04-22,NVDA,79.38062286376953,0.04354314401390602,-0.07538286526372118,-0.15665668095693908,0.07698815769589018,-0.08967747877918464,-0.01959342496131622,0.05638074888600987,0.03214879664030056,35.968904585705715,0.103611804689417,1
2024-04-23,NVDA,82.2806167602539,0.03653276822306184,-0.057106811454760154,-0.1324075633101537,0.06455338977264269,-0.04957763331493992,0.011775352170318332,0.059729813887082116,0.0335097186328819,41.35178721916499,0.04827540164594524,1
2024-04-24,NVDA,79.53936004638672,-0.03331594756824141,-0.05185934238470491,-0.13919466424334437,0.05293713023423319,-0.07436597719498239,-0.025365568380516068,0.05913766700274174,0.033781380549601864,41.696902634579345,0.0422202234680491,1
2024-04-25,NVDA,82.4892578125,0.03708727055878902,-0.024081344366392643,-0.08441000086884254,0.04405038315040111,-0.03576997857934383,0.006704723309355565,0.06259549996486437,0.03486794359900126,42.9919582968781,0.038544373527566345,1
2024-04-26,NVDA,87.58344268798828,0.06175573657199673,0.15137797927131147,-0.029007377513832977,0.03693511927616,0.025344726472309898,0.06321595624374643,0.03636547973252346,0.037829233389099354,50.70685624806507,0.012013428530636139,1
2024-04-29,NVDA,87.60539245605469,0.0002506154975501218,0.103611804689417,-0.02883927548957599,0.03020973275532879,0.027165858682273614,0.05819626476846307,0.037216963876130695,0.03782945948782396,52.94290857329838,0.04994481221784497,1
2024-04-30,NVDA,86.25274658203125,-0.015440212481234727,0.04827540164594524,-0.03409657906428354,0.024203690119967813,0.013114573930214313,0.03763568513364457,0.03882937013794504,0.037917755344762896,49.21351728537068,0.04805436732441004,1
2024-05-01,NVDA,82.89752960205078,-0.038899827691741606,0.0422202234680491,-0.06657763876175904,0.017853505042623175,-0.02290239672133254,-0.005457779734061918,0.04043612114364278,0.03884885114677974,40.59729199095053,0.08876370214287466,1
2024-05-02,NVDA,85.66875457763672,0.03342952424383672,0.038544373527566345,-0.0010242620117918433,0.014238245769258695,0.00981378535670796,0.024191762213802148,0.039828350785413386,0.038898195934526154,47.08445380008709,0.034142370828518676,1
2024-05-03,NVDA,88.6356201171875,0.03463182760363437,0.012013428530636139,0.008874070933690081,0.01094530385065684,0.044305626550853905,0.05573586894640359,0.03173922332303284,0.03928935454423359,53.36602545305369,0.012265133183584132,1
2024-05-06,NVDA,91.98082733154295,0.037741115929833535,0.04994481221784497,0.05746399033204708,0.009420709785667336,0.08053720577954615,0.09071663320781131,0.035225022607845734,0.04001840456408949,55.44970757821448,-0.018895147863187245,0
2024-05-07,NVDA,90.39756774902344,-0.017212930438347707,0.04805436732441004,0.06092284230070533,0.008831384703767542,0.05870992727696023,0.06805980193444072,0.03555614055871336,0.03992361583780996,57.84344052008718,0.00885666564544807,0
2024-05-08,NVDA,90.25582122802734,-0.0015680346775439613,0.08876370214287466,0.03875272869902524,0.007223443389750228,0.05496967908043948,0.06259019283517975,0.025127095573810224,0.039757884975750564,56.990492306592785,0.04665295746555098,1
2024-05-09,NVDA,88.59368896484375,-0.018415790145926314,0.034142370828518676,-0.020625383063973657,0.0028598663233465604,0.036671978692902174,0.03963672197312307,0.02745071722312847,0.03894913172960501,68.31303198591642,0.06323591010520713,1
2024-05-10,NVDA,89.72274780273438,0.012744235521546798,0.012265133183584132,0.019186830321625825,0.0007283761536904798,0.048847062349023807,0.04961101753810704,0.023395379066410274,0.03853443159189163,66.15218018680133,0.028939026236082244,1
2024-05-13,NVDA,90.24283599853516,0.005796614666151889,-0.018895147863187245,0.05113904931986557,-0.00015675262334280404,0.05222663593927268,0.052061696653738165,0.013822922588166399,0.03803324432754249,63.43393016576544,0.04846297133427924,1
2024-05-14,NVDA,91.19818878173828,0.010586466755307056,0.00885666564544807,0.045083938304919746,-0.0014942224832992235,0.060932610888512206,0.05934734152805721,0.012579436879273433,0.03794837505120733,70.93234840154054,0.044113081584526315,1
2024-05-15,NVDA,94.46652221679688,0.03583770115084839,0.04665295746555098,0.12607833964251913,-0.00021690612718305857,0.09223449175722576,0.09199757940364295,0.019353330365497898,0.037304123083956524,71.26096307090583,0.0033815445040978886,0
2024-05-16,NVDA,94.19599151611328,-0.0028637732641700886,0.06323591010520713,0.11441935403799586,0.00020014915046062676,0.08305121621553102,0.08326798799636204,0.01439894664710364,0.037363204072786024,64.16350785405339,0.1000435995524871,1
2024-05-17,NVDA,92.3192367553711,-0.019923934453422554,0.028939026236082244,0.21363505476642786,0.006858075467890856,0.051647555679960044,0.058859833982435994,0.02038331441436104,0.028665099061555194,59.35345298711067,0.15127763250790238,1
2024-05-20,NVDA,94.61627197265624,0.02488143639414897,0.04846297133427924,0.19193158933803822,0.012510351176303613,0.06854148223965884,0.08190931142892488,0.022078649657675704,0.027810692419353893,65.99584426499814,0.20174068648226395,1
2024-05-21,NVDA,95.22122192382812,0.006393720007766834,0.044113081584526315,0.15727404184730487,0.016756370801698228,0.06757248686618822,0.08546112731380906,0.02211632279664779,0.02705699056605701,76.34107355027078,0.2037929189999772,1
2024-05-22,NVDA,94.78596496582033,-0.00457100790363707,0.0033815445040978886,0.19168629104561452,0.022295220626572743,0.05368688648519382,0.07717906809070763,0.016454150734419866,0.025482645707341475,71.64932260889518,0.16377052856512475,1
2024-05-23,NVDA,103.61969757080078,0.09319663104306519,0.1000435995524871,0.25615989667807115,0.029215052106080996,0.13851530594983252,0.1717770899367277,0.0440578055994723,0.03117702560085152,77.82719815104335,0.056204622107151936,1
2024-05-24,NVDA,106.28507232666016,0.025722664882689816,0.15127763250790238,0.21352928207327393,0.0344640721146825,0.15592480584300827,0.19576268171073186,0.0380358043791944,0.029118582991328988,77.25281862153702,0.08012664133083947,1
2024-05-28,NVDA,113.7042236328125,0.06980426454761268,0.20174068648226395,0.2979135238718291,0.04297108471288502,0.2193086680600067,0.27170368412636825,0.04189301924436436,0.031899054441576445,86.32640335013669,0.022264926755165337,1
2024-05-29,NVDA,114.62663269042967,0.008112355268313776,0.2037929189999772,0.3289621169502499,0.05303956920475761,0.21078006840268126,0.2749993216324662,0.04157357435781052,0.031197834351884435,87.0826113576193,0.06631844509396823,1
2024-05-30,NVDA,110.30911254882812,-0.03766594237537979,0.16377052856512475,0.3306682729674397,0.06345573876968125,0.1485471767155948,0.22142908632591451,0.05156893520865159,0.031087136577725376,80.57171348204788,0.09500453576029932,1
2024-05-31,NVDA,109.443603515625,-0.007846215178460514,0.056204622107151936,0.2775206556369685,0.07248246671203873,0.1256035184196389,0.20719003797444402,0.0400144813515393,0.031157588515672976,77.97125883282297,0.10266084498339212,1
2024-06-03,NVDA,114.80133819580078,0.048954297081517995,0.08012664133083947,0.2952054495023433,0.0824769951040869,0.16503065403453632,0.261118881583454,0.043276453248400557,0.03184356908123538,80.62948295122591,0.059043515020461124,1
2024-06-04,NVDA,116.23583984375,0.012495513297088756,0.022264926755165337,0.26369639430161196,0.090039871613939,0.16524729105732372,0.27016600754261555,0.03155581203637166,0.03132764680153447,80.85826375245352,0.03850113788641907,1
2024-06-05,NVDA,122.2284927368164,0.05155598222649771,0.06631844509396823,0.35212147605748867,0.10009794421255913,0.20607973539490043,0.32680583746435743,0.038012789005174574,0.03169855619570378,82.06280184297694,0.022625618940157022,1
2024-06-06,NVDA,120.78897857666016,-0.01177723890660931,0.09500453576029932,0.3382957124891939,0.11083486944013399,0.1741872862130336,0.30432818077872037,0.030277444484459813,0.03207063265088502,79.90523249508904,0.07126258357017878,1
2024-06-07,NVDA,120.6791763305664,-0.0009090419290537222,0.10266084498339212,0.36216448079563546,0.12211043602847838,0.15510588629395805,0.2961563697283751,0.028885157017932702,0.03133676070958386,83.21213665567223,0.09101668065841095,1
2024-06-10,NVDA,121.5796127319336,0.0074614065884961445,0.059043515020461124,0.35505895337980675,0.13236952749097908,0.14624862947429462,0.2979770189449893,0.02406888646940172,0.031388103872847954,82.64441908612898,0.07554611873240691,1
2024-06-11,NVDA,120.71105194091795,-0.007143967409492413,0.03850113788641907,0.33762476107108785,0.1419230269162548,0.12194573323301694,0.28117566772922364,0.025481029601694714,0.0317357943300211,80.66471046610135,0.1213297013071617,1
2024-06-12,NVDA,124.99398803710938,0.03548089447756375,0.022625618940157022,0.3705753338616571,0.15237820911375533,0.1437893488848878,0.3180779214713554,0.018696918515678153,0.032035608749185866,83.26154183211642,0.04456867188192404,1
2024-06-13,NVDA,129.39671325683594,0.03522349585661222,0.07126258357017878,0.36976264416589477,0.16259097131066258,0.1654515012511042,0.3549433928549912,0.020149213089975523,0.03201624245744157,81.45162596577994,-0.023454911078740093,0
2024-06-14,NVDA,131.66299438476562,0.01751420937123349,0.09101668065841095,0.39775580962214496,0.1737173241205281,0.1661865061396357,0.3687733054116811,0.018339294462618234,0.03169595007246548,81.26920639301565,-0.1044131850740313,0
2024-06-17,NVDA,130.7644805908203,-0.006824345733164261,0.07554611873240691,0.4164380597872792,0.18558957036516754,0.1388379994105,0.35019445443662156,0.021220997957752043,0.031013204007188752,75.04508092614255,-0.03733397621246104,0
2024-06-18,NVDA,135.3568878173828,0.03511968392191123,0.1213297013071617,0.43058783648229637,0.1981215598294066,0.15828489257165113,0.38776610221478336,0.018514861678717996,0.031216548781080402,77.47250480665402,-0.06770899503525585,0
2024-06-20,NVDA,130.56480407714844,-0.03540332389068834,0.04456867188192404,0.37117337332210765,0.20885981929005326,0.10063373011197974,0.33051189208770504,0.030267090896827768,0.033393889276168987,76.51014592315816,-0.05191922815993788,0
2024-06-21,NVDA,126.36172485351562,-0.032191517869925246,-0.023454911078740093,0.33312695501999134,0.2179235023721584,0.05121223436666256,0.28029608621630797,0.030746872930255784,0.03484739262530205,70.36304852327649,-0.0239392231261929,0
2024-06-24,NVDA,117.91564178466795,-0.06684051740065089,-0.1044131850740313,0.1379655079971558,0.21943675319100198,-0.02485001508773821,0.18913373147566293,0.03802685569014623,0.034327461443032864,53.4890578779586,0.052408928662589505,1
2024-06-25,NVDA,125.8825225830078,0.0675642406534036,-0.03733397621246104,0.1843857263051596,0.22198959988692768,0.03266709436827586,0.26190844946348557,0.05557434665800902,0.03671766028325683,59.42759361159573,-0.027123566198944182,0
2024-06-26,NVDA,126.19200897216795,0.0024585334231452816,-0.06770899503525585,0.10982692586409559,0.2209084292145802,0.029930506225323006,0.25745083655573664,0.05123113972446354,0.03383589027263661,54.35754360512906,0.014873364284518686,1
2024-06-27,NVDA,123.78598022460938,-0.019066411313645393,-0.05191922815993788,0.07990592865897228,0.21849269253751458,0.0065312622283240085,0.22645098783577366,0.049940448470624225,0.03427960973337322,53.22637740918994,0.014839866880954844,1
2024-06-28,NVDA,123.33672332763672,-0.003629303545987006,-0.0239392231261929,0.11810094812467953,0.21800218634958557,-0.0024055239908785664,0.21507225286937914,0.04831969226568714,0.03289792755467684,52.84018452189534,0.03772035998288015,1
2024-07-01,NVDA,124.09547424316406,0.006151865357341801,0.052408928662589505,0.13387598961365743,0.21755490718586512,-0.0021810294469172264,0.21489938408005416,0.03321715392280321,0.03273388127583205,52.69692935472891,0.05695891940717002,1
2024-07-02,NVDA,122.4681396484375,-0.013113569246996137,-0.027123566198944182,0.06678320630340151,0.21444913142655708,-0.0182919520581194,0.19223448613747762,0.010542764632396581,0.03144484234880997,51.853395793212854,0.09977994216847286,1
2024-07-03,NVDA,128.06890869140625,0.04573245791963987,0.014873364284518686,0.10180223985616532,0.21212848191043387,0.021758067102364054,0.23850205475652775,0.02562365782283338,0.03278357667869645,53.15572742337435,-0.006859901033274274,0
2024-07-05,NVDA,125.6229476928711,-0.019098788484478435,0.014839866880954844,0.02777138848765537,0.20591426414344438,0.0008884425704711596,0.20698564971204791,0.025630699454657156,0.03131857466478266,45.96500192762349,0.027100234299876735,1
2024-07-08,NVDA,127.98902893066406,0.01883478521438353,0.03772035998288015,0.05960850434242482,0.2014656715887091,0.016823422502914687,0.22167843620459426,0.02609706754585752,0.03136628032585436,46.0800763220831,0.001872342373629321,0
2024-07-09,NVDA,131.163818359375,0.024805168499487884,0.05695891940717002,0.08688029159304911,0.19870732134661084,0.03772396359456631,0.24392731269763046,0.027132905729415728,0.03170698594668673,50.40633491834642,-0.038209787583737054,0
2024-07-10,NVDA,134.68800354003906,0.02686857720936553,0.09977994216847286,0.10781734300312062,0.19610272849708865,0.060108978703828475,0.2679992419319115,0.023774282168279152,0.03209212686952498,49.30427131323789,-0.12541694927773728,0
2024-07-11,NVDA,127.19036865234376,-0.055666686643450425,-0.006859901033274274,0.05367625090863348,0.19142488124405688,-0.0014499646475429895,0.18969735728604986,0.03588831762655559,0.03482573800222083,46.67715646680854,-0.049529137136514856,0
2024-07-12,NVDA,129.02735900878906,0.014442841670397666,0.027100234299876735,0.032268519750583646,0.18559220735024407,0.011370667019293457,0.19907318156069298,0.034741268941820766,0.03410961772969249,52.75317222743523,-0.08751182748878095,0
2024-07-15,NVDA,128.22866821289062,-0.006190088691531148,0.001872342373629321,-0.009026852495294002,0.17696667905618613,0.00557052437065364,0.1835230006253159,0.03420263330943402,0.033241785631661906,62.65003414833274,-0.038150165274524195,0
2024-07-16,NVDA,126.1520767211914,-0.016194440140730237,-0.038209787583737054,-0.04185623826440843,0.16695085137502064,-0.008571815934538929,0.1569479634723805,0.03185871418203462,0.033165419869529346,50.38648468599147,-0.029835430953906616,0
2024-07-17,NVDA,117.79584503173828,-0.06623935100110345,-0.12541694927773728,-0.09917552152149511,0.1536459938772332,-0.06950153637917422,0.07346582486508613,0.03399822811715245,0.03618081073884551,40.21866075266314,-0.031697560651454015,0
2024-07-18,NVDA,120.89073944091795,0.026273374993369236,-0.049529137136514856,-0.1068741207760473,0.1398680719500467,-0.039566685002136004,0.09476727100320725,0.0358053270530802,0.0357210492515015,46.68039117472258,-0.07275573067272356,0
2024-07-19,NVDA,117.7359390258789,-0.026096295130867864,-0.08751182748878095,-0.0982566867230864,0.12802287997255335,-0.05983934440339733,0.06052273036296363,0.033522262299144095,0.035363303693217156,43.95342669300197,-0.041295732828491305,0
2024-07-22,NVDA,123.33672332763672,0.04757072774972082,-0.038150165274524195,-0.0239392231261929,0.11930086936448814,-0.013924253084795168,0.1037154407814258,0.04484297328894851,0.03656045752235,49.258391206077185,-0.09672985714268911,0
2024-07-23,NVDA,122.38827514648438,-0.00768990901949651,-0.029835430953906616,0.03793078928395377,0.11466892748072333,-0.023253443000688434,0.08874903711091187,0.04456448592621345,0.033151042228340144,49.92088997418722,-0.15384614425574983,0
2024-07-24,NVDA,114.06200408935548,-0.0680316071712207,-0.031697560651454015,-0.09390118859318053,0.10507291865417234,-0.08538903269660014,0.010711811071083766,0.045180774651498966,0.03298479256929162,36.836198555670386,0.024244941668531084,1
2024-07-25,NVDA,112.09524536132812,-0.017242891212805755,-0.07275573067272356,-0.11170884531958691,0.0948674086345751,-0.09605065220324549,-0.010295320040853206,0.041552915155428444,0.033063469639552784,37.17100384066109,-0.027342364306041422,0
2024-07-26,NVDA,112.87394714355467,0.006946786901768087,-0.041295732828491305,-0.08815241484742331,0.08579674512115454,-0.08574858862656909,-0.007308793308307138,0.04183404966902986,0.033008301785813404,35.22063812911897,-0.051211609846664397,0
2024-07-29,NVDA,111.40637969970705,-0.013001826205130906,-0.09672985714268911,-0.09672985714268911,0.07605397564342753,-0.09325445535230792,-0.02429285178488605,0.028465271560726063,0.03306806930115356,30.0141432716661,-0.09982977289058814,0
2024-07-30,NVDA,103.55931091308594,-0.07043644006539551,-0.15384614425574983,-0.16548680324826093,0.06428177626312315,-0.15001885757610955,-0.09538055995094319,0.03489472733102418,0.03606289810782814,21.04384932496913,0.005013140828096896,0
2024-07-31,NVDA,116.82743072509766,0.12812097429990854,0.024244941668531084,-0.046058582579373786,0.05747781803880114,-0.0388936233658711,0.016348674066236635,0.07357718918233261,0.04719603055363996,41.29485569539905,-0.15475975825461108,0
2024-08-01,NVDA,109.0302963256836,-0.06674061349308635,-0.027342364306041422,-0.1486591285914518,0.046609157160883985,-0.09595866517071272,-0.05382206051571914,0.0806260221426151,0.04798928697083443,34.730885316266765,-0.0388242969139837,0
2024-08-02,NVDA,107.09349060058594,-0.017763922417602496,-0.051211609846664397,-0.14750057559218277,0.036067198998340544,-0.10514370730942357,-0.07286874732603543,0.08061952999001354,0.04797240934155452,34.13755548531613,-0.023492198238393103,0
2024-08-05,NVDA,100.28470611572266,-0.06357794901145963,-0.09982977289058814,-0.21645857497637366,0.022595353610183055,-0.15222412836730959,-0.13306833276558783,0.0844895559766634,0.04917257341341965,31.873503175369297,0.08531610556705882,1
2024-08-06,NVDA,104.0784683227539,0.03782991798024993,0.005013140828096896,-0.20650016426336493,0.008637817442123996,-0.10996319840144597,-0.10227522299246583,0.08153872206388173,0.0497544297906063,39.730950074055144,0.11405262351162126,1
2024-08-07,NVDA,98.74724578857422,-0.051223107143037794,-0.15475975825461108,-0.2668445355697966,-0.008149231506002441,-0.14237404915776086,-0.14936304157672964,0.04373800625639716,0.04974484903331339,33.96008756543036,0.19381257774956184,1
2024-08-08,NVDA,104.79727172851562,0.06126779427240936,-0.0388242969139837,-0.17605969037668556,-0.019842396272124252,-0.08089153839546503,-0.09912885270768468,0.05464053662796728,0.0514624621804213,41.0050017561467,0.17042967713716695,1
2024-08-09,NVDA,104.57762908935548,-0.002095881271882205,-0.023492198238393103,-0.18949260147042235,-0.0322064476746492,-0.07287761647147417,-0.1027369350045817,0.05429511453675753,0.051208359178049126,35.90396318461855,0.18930789579986373,1
2024-08-12,NVDA,108.84060668945312,0.040763762166143414,0.08531610556705882,-0.15119911790122176,-0.042491929302362785,-0.02672011180923184,-0.06807665200964552,0.044656490744020456,0.052416915024131865,40.30298555681544,0.1924416421864752,1
2024-08-13,NVDA,115.94889068603516,0.06530911773455639,0.11405262351162126,-0.08088004811610283,-0.0498096719708816,0.04159566916042956,-0.010285869446742257,0.04926641411569206,0.05476993813303012,51.37454328801505,0.09566049441976343,1
2024-08-14,NVDA,117.88570404052734,0.01670402660200221,0.19381257774956184,0.0007628368281142883,-0.053214931808993615,0.058951770350067934,0.002599724101876033,0.02890955905713901,0.052819218748820826,54.22002581055541,0.08824513324421579,1
2024-08-15,NVDA,122.6578369140625,0.04048101432124951,0.17042967713716695,0.014617310484796642,-0.05621486301568179,0.1009454135483987,0.039055917938032314,0.025760698312501863,0.053265797377487184,56.73818437238333,0.007162526758710319,0
2024-08-16,NVDA,124.375,0.013999619829759391,0.18930789579986373,0.05638941710620582,-0.057283159228715075,0.11304189378116924,0.04928333775147209,0.0209561709411516,0.05290382434763946,58.900913821071114,0.03844908134422109,1
2024-08-19,NVDA,129.78607177734375,0.043506104742462304,0.1924416421864752,0.052290577175256425,-0.05919265275115304,0.15812391213474886,0.08957148556094974,0.021164810400395664,0.052735416764029985,68.62327310772133,-0.027230691092754777,0
2024-08-20,NVDA,127.04061889648438,-0.021153678844440083,0.09566049441976343,0.03801298567556155,-0.06031916218580802,0.13127711645343432,0.06303942858898659,0.0260007131789622,0.05297595209354477,58.52644097777994,0.008251404620901903,0
2024-08-21,NVDA,128.28854370117188,0.009823037824653102,0.08824513324421579,0.12472636900778467,-0.05725991735764557,0.13519905176550262,0.07019764787693239,0.026313482127688265,0.05025831781709714,68.05165189166337,-0.022490168917866038,0
2024-08-22,NVDA,123.536376953125,-0.037042799075779564,0.007162526758710319,0.10206616306443239,-0.053781252097526266,0.08764244279969624,0.029147670391516556,0.03157621710011444,0.05095277566319871,64.63999317453069,-0.04970096639361277,0
2024-08-23,NVDA,129.1571044921875,0.045498562267171305,0.03844908134422109,0.14425966098203058,-0.0489175252110956,0.12903564703059622,0.07380601730275149,0.03724533582295957,0.05171064962308662,76.26226154398125,-0.07729749398660746,0
2024-08-26,NVDA,126.2519073486328,-0.02249351404227584,-0.027230691092754777,0.13325563301618337,-0.044856308695094826,0.09652469229572658,0.047338642206315784,0.03302841748122287,0.05195664265238522,70.50028645073223,-0.14597503397673073,0
2024-08-27,NVDA,128.08888244628906,0.0145500779848311,0.008251404620901903,0.23686495513464756,-0.0371639999615635,0.1007537328578727,0.05984532117225183,0.03253874303588741,0.04861137289226625,79.00141784585463,-0.17217458284555953,0
2024-08-28,NVDA,125.40331268310548,-0.020966454792122224,-0.022490168917866038,0.07340640725197001,-0.03502688370427531,0.07371826842767604,0.03610926350830379,0.03360010801315113,0.04060491555491504,71.81821780290639,-0.1464851900268319,0
2024-08-29,NVDA,117.39649963378906,-0.06384849712502938,-0.04970096639361277,0.07673283105747819,-0.03172547118396374,0.001575705049957854,-0.030199756119162702,0.041404428199801724,0.040342781004254875,61.65155492065031,-0.1255208646766307,0
2024-08-30,NVDA,119.173583984375,0.015137456024067575,-0.07729749398660746,0.1127995111191471,-0.026326319846912805,0.011524521916727926,-0.015105196180247527,0.03262677778495976,0.04005787370164071,59.83655087543562,-0.1080673763405614,0
2024-09-03,NVDA,107.82228088378906,-0.09525016132832109,-0.14597503397673073,0.07516175756020549,-0.0214639622107331,-0.08774155796769922,-0.10732223869390278,0.04875187207067286,0.04344155058573255,42.84205935500173,0.0009258104839617864,0
2024-09-04,NVDA,106.03523254394533,-0.016574017217923842,-0.17217458284555953,0.018800855284720086,-0.018671013015522764,-0.10360336933682146,-0.12034000249500443,0.04331306125613486,0.042947809274837635,39.53446065177128,0.10074390660694688,1
2024-09-05,NVDA,107.03358459472656,0.00941528609717035,-0.1464851900268319,0.08391463214978234,-0.013249307375371333,-0.09832170007436969,-0.1102683130237867,0.04789119227184363,0.04110710287645377,35.21630419371725,0.1113719576999419,1
2024-09-06,NVDA,102.6607894897461,-0.04085442080200974,-0.1255208646766307,-0.020386811636702085,-0.011665715248497133,-0.1343802617505564,-0.14447833513045305,0.04486345424735898,0.04005974391668639,30.43711302961647,0.15832135288799654,1
2024-09-09,NVDA,106.29480743408205,0.03539830506270292,-0.1080673763405614,0.01642013076486304,-0.00837480810906488,-0.1043871681805254,-0.11188775378702975,0.050077666165134795,0.04083878754144591,28.136038770836677,0.09692854855772626,1
2024-09-10,NVDA,107.92210388183594,0.015309275091006214,0.0009258104839617864,-0.00843897177307995,-0.005785417888335642,-0.09032398266784436,-0.09558683857110783,0.029658014408104064,0.03994146873977081,31.827636879649873,0.06937933766665827,1
2024-09-11,NVDA,116.71763610839844,0.08149889513081332,0.10074390660694688,0.006630036887932622,-0.0033829377382521564,-0.01650503286939864,-0.01983213510908588,0.04431817837672958,0.041462431931633695,40.38176348943493,-0.030196921066458438,0
2024-09-12,NVDA,118.9541244506836,0.019161528770237135,0.1113719576999419,0.009063188949433032,-0.0012834309080149708,0.0018892435734298996,0.0006033879518201335,0.043940531630475906,0.04151453993153593,46.02477959419731,-0.01065968083363067,0
2024-09-13,NVDA,118.9141845703125,-0.00033575868474955417,0.15832135288799654,-0.030521101936380246,-0.0005540495357527764,0.003134334622254542,0.002578548509859502,0.031363246416280105,0.040476280458349105,40.161333724957046,-0.026028465988122806,0
2024-09-16,NVDA,116.59780883789062,-0.01947938961858864,0.09692854855772626,-0.06253018019786427,-0.0018736232076599357,-0.013168973462972078,-0.015017922976330866,0.03799351203279759,0.04052595819391537,40.6208223374364,-0.004452744893117089,0
2024-09-17,NVDA,115.40966796875,-0.010190078878690834,0.06937933766665827,-0.11077000491437461,-0.006413890184786886,-0.01724601179224783,-0.023549287951273756,0.040293299036677055,0.03907489685954033,37.52457341276097,0.045678726534635894,1
2024-09-18,NVDA,113.19312286376952,-0.01920588754817898,-0.030196921066458438,-0.10900053977222923,-0.011613691329432796,-0.030404116033470596,-0.0416647033441464,0.01611545717171788,0.03903523825818012,37.874141294567266,0.08944175253795583,1
2024-09-19,NVDA,117.68611145019533,0.039693123334296754,-0.01065968083363067,-0.08264519921337055,-0.014962639670847988,0.01268070023021406,-0.0024716761889524985,0.02454429050646794,0.0401875394745791,50.30919031559893,0.052345767883187566,1
2024-09-20,NVDA,115.81903076171876,-0.015864919534423594,-0.026028465988122806,-0.06247023250758377,-0.01679254021747356,-6.525323562822649e-05,-0.01685669768551812,0.025268152824864058,0.039531666229666695,46.425539110400784,0.04655168506818419,1
2024-09-23,NVDA,116.07862854003906,0.0022414086580846426,-0.004452744893117089,-0.10126021331594293,-0.021276235733733828,0.00786613313192075,-0.013577464304640796,0.02399351226144219,0.03791954977683353,61.52084977253749,0.04455525717370712,1
2024-09-24,NVDA,120.68143463134766,0.03965248512322783,0.045678726534635894,-0.04412188959571761,-0.023275778027419425,0.05037065574882038,0.02592246151909583,0.028899384761756238,0.03891220806721694,68.94822298750506,-0.0320179148293297,0
2024-09-25,NVDA,123.31731414794922,0.02184163226641722,0.08944175253795583,-0.03725200975456,-0.025196476732460393,0.07554584313510193,0.04844587732385386,0.02422890187452983,0.03910443533405537,70.21041800852564,-0.03772982334770547,0
2024-09-26,NVDA,123.8464813232422,0.004291102015554049,0.052345767883187566,-0.012414595169406684,-0.02604851088194593,0.08089495762835153,0.052739253562329,0.02109704274473925,0.03883809378012675,79.06779996344608,-0.00959365866874784,0
2024-09-27,NVDA,121.21060180664062,-0.0212834429241624,0.04655168506818419,0.03248906215048497,-0.023478627858422918,0.05613194751085415,0.0313354185458552,0.02285177135970908,0.03622782163189155,71.04152051831386,0.02899508010037688,1
2024-09-30,NVDA,121.25054168701172,0.00032950814347754154,0.04455525717370712,0.01742800403576883,-0.02198860672435865,0.05552486291047454,0.032315341812153564,0.023015835500384052,0.03610124317072961,69.68380129803782,0.05171271748632433,1
2024-10-01,NVDA,116.81746673583984,-0.03656127955795141,-0.0320179148293297,0.08342603938925941,-0.016600488701522198,0.01296745293648982,-0.0038483018209919395,0.022849065226532073,0.029629066158788627,50.169239424961035,0.13581184964319948,1
2024-10-02,NVDA,118.6645736694336,0.01581190711634428,-0.03772982334770547,0.11910513913622212,-0.009456062836137757,0.023380690572269325,0.013703538456927955,0.021085042238011706,0.029304269581872093,49.50256737726971,0.11611283893513291,1
2024-10-03,NVDA,122.65834045410156,0.03365593168348191,-0.00959365866874784,0.14597993628389427,-0.0010713562031132717,0.05074412285070928,0.049618401616808416,0.02810518979994597,0.02994535623695123,55.66295040138249,0.09735440665384765,1
2024-10-04,NVDA,124.72511291503906,0.016849832251814023,0.02899508010037688,0.21492454456038246,0.008723807434523723,0.05844600935210109,0.06767968851752881,0.026563407434801838,0.027766660212169388,62.385880267180845,0.07909067609005893,1
2024-10-07,NVDA,127.52073669433594,0.02241428140619295,0.05171271748632433,0.19968923950887252,0.018027610022656626,0.07251084791715878,0.09184565522847832,0.02720949440341905,0.027292784994076995,67.59499659055942,0.08103672055673194,1
2024-10-08,NVDA,132.6826629638672,0.04047911267878157,0.13581184964319948,0.22942991464604523,0.02797435964104622,0.1044254033867793,0.1353209968178284,0.010822588582718846,0.0281422470860618,76.08230732678231,-0.009707099921097084,0
2024-10-09,NVDA,132.44305419921875,-0.001805878471957456,0.11611283893513291,0.13473043676292207,0.03377475127765095,0.09526270244672363,0.13225492780554937,0.01635730989191742,0.02277232269627679,72.28591272575432,0.023143537607139608,1
2024-10-10,NVDA,134.59967041015625,0.016283347012622906,0.09735440665384765,0.13152588051672853,0.037977244500021046,0.10594269281362134,0.14794334886161575,0.015147410170411145,0.022697632875374685,78.11661053127892,0.015725887086498247,1
2024-10-11,NVDA,134.58970642089844,-7.402684737223275e-05,0.07909067609005893,0.1318221363349399,0.04263151386582509,0.0987847348556945,0.14562759151525206,0.017424210720389303,0.02269359519393592,77.92175091465826,0.023738868366553145,1
2024-10-14,NVDA,137.85459899902344,0.02425811501449293,0.08103672055673194,0.18230865891044967,0.0486852806529543,0.11575777643466845,0.1700787569211064,0.01762654010356381,0.02216420624336614,76.99315661688924,0.04084880090507004,1
2024-10-15,NVDA,131.3946990966797,-0.04686024223529539,-0.009707099921097084,0.13850686350001484,0.05426738333279135,0.05663778557359489,0.11397875332722918,0.027564963379688362,0.02512318951453755,61.33374127075647,0.09110932968594088,1
2024-10-16,NVDA,135.5082550048828,0.03130686349208345,0.023143537607139608,0.1971421193844971,0.06175852093453238,0.08002716100172225,0.14672804103431059,0.031246875749432825,0.024908552332525313,64.86764618913776,0.02829358914288993,1
2024-10-17,NVDA,136.71636962890625,0.008915431934238383,0.015725887086498247,0.1617035174687076,0.0664032742816274,0.08145459587868276,0.15326672203194147,0.030750508692357573,0.023862935430484344,70.51523381066936,0.025414504984685005,1
2024-10-18,NVDA,137.7847137451172,0.007814310159864446,0.023738868366553145,0.1896552133007372,0.07179679504625236,0.08051824941404084,0.1580959967109561,0.03072305315241165,0.02320568434697127,71.2963474321257,0.025652117048560852,1
2024-10-21,NVDA,143.4857940673828,0.041376725815984505,0.04084880090507004,0.23610862629971696,0.0786891035507915,0.11326292761322554,0.20086458940343999,0.034155639115794126,0.024234911195223637,83.2628357737701,-0.0221973023831058,0
2024-10-22,NVDA,143.36598205566406,-0.0008350095735782936,0.09110932968594088,0.18797048190230892,0.08335217474789425,0.10263005730860741,0.1945366705276752,0.017777618880250378,0.023385946589506414,82.19684923325137,-0.016296400678911138,0
2024-10-23,NVDA,139.34226989746094,-0.028066017478545646,0.02829358914288993,0.1299489521016155,0.08463854920351177,0.06511991771831749,0.15527012228175985,0.024851503133875824,0.024566396144653377,71.72956872271874,-0.0015763362310396989,0
2024-10-24,NVDA,140.19094848632812,0.006090604017658929,0.025414504984685005,0.1319736094917907,0.08790186563784719,0.06495460142604381,0.15856609771100283,0.024796187056113195,0.024561502662811877,70.80316720256575,-0.05448338045142376,0
2024-10-25,NVDA,141.31918334960938,0.00804784385484969,0.025652117048560852,0.1658978772751798,0.09135727012671824,0.06538807591044793,0.1627190221511834,0.024802382471854865,0.02367460022434228,69.43200137182995,-0.043379934166129175,0
2024-10-28,NVDA,140.30079650878906,-0.007206288747798162,-0.0221973023831058,0.15711480177096804,0.09421155757715405,0.05016944388076672,0.14910754290870742,0.014540170150484663,0.02386185467826619,62.14590992512899,-0.031810533681546405,0
2024-10-29,NVDA,141.02963256835938,0.005194810562067387,-0.016296400678911138,0.2072649451239228,0.0980197481929268,0.04614516983307482,0.14868805595335943,0.015146539130348854,0.021505443523688828,63.47966061906838,-0.009486700485733413,0
2024-10-30,NVDA,139.12261962890625,-0.013522072664613694,-0.0015763362310396989,0.1724023044692602,0.10111302913980103,0.02422748802090169,0.12779023186294425,0.00952938991997544,0.022058607599233667,57.156446345001285,0.04499777352224399,1
2024-10-31,NVDA,132.55287170410156,-0.04722271577640458,-0.05448338045142376,0.08066741497862107,0.10009892080337646,-0.02768069787104399,0.06964741494835658,0.02212415803489966,0.02443491430395045,47.331213007932426,0.12142233467653041,1
2024-11-01,NVDA,135.1887664794922,0.01988561048511084,-0.043379934166129175,0.08389371891433606,0.09982531131479777,-0.01213667637844218,0.08647708743855076,0.025097842843067354,0.024527069176885737,46.44852198603705,0.09032486426506625,1
2024-11-04,NVDA,135.83775329589844,0.004800597219035252,-0.031810533681546405,0.06522089518270424,0.0985675202005103,-0.010401477052772501,0.0871407953482235,0.02582530816547151,0.024156739219677772,57.00346541416606,0.06769559605237463,1
2024-11-05,NVDA,139.6917266845703,0.02837188701344817,-0.009486700485733413,0.05282576912563064,0.09685854732747878,0.015083685881611464,0.11340321711192702,0.03010175033571748,0.02331687983672674,56.64870192102496,0.059895550297618616,1
2024-11-06,NVDA,145.38282775878906,0.040740430441306597,0.04499777352224399,0.09770065812667306,0.09772320685920155,0.05149512570700754,0.15425060138791546,0.034202900332588534,0.024766707282270668,62.05556685244987,0.004532521590220773,0
2024-11-07,NVDA,148.6477508544922,0.02245741911912802,0.12142233467653041,0.10436935247707657,0.09882705589125584,0.06967482624430832,0.1753876400830241,0.013081252240981407,0.024952987022931153,64.24086082074982,-0.014239698929733424,0
2024-11-08,NVDA,147.39967346191406,-0.008396207715243742,0.09032486426506625,0.09517791056736091,0.10030390513324838,0.055827253277257016,0.1617308499270771,0.019459798204052733,0.025115716567503887,55.809118481557576,-0.0382713844793755,0
2024-11-11,NVDA,145.0333709716797,-0.01605364811643084,0.06769559605237463,0.052074954515714866,0.10014746538723407,0.036213181455082344,0.1399873051786511,0.024475919606896518,0.025094383876433958,52.32007989937841,-0.035178355769288405,0
2024-11-12,NVDA,148.0586395263672,0.020859120452204394,0.059895550297618616,0.12682353659812584,0.10405369929361163,0.05156779487274732,0.1609873139872826,0.023541641625648646,0.022466161496883543,62.47497300753693,-0.008631611253681948,0
2024-11-13,NVDA,146.04177856445312,-0.013622041701625176,0.004532521590220773,0.07773344553208772,0.10543848533679001,0.03337778879645015,0.142335577627829,0.019024413706306764,0.02206924854857888,58.10283311764661,-0.00259774481104047,0
2024-11-14,NVDA,146.5310516357422,0.0033502267371601224,-0.014239698929733424,0.07178863828432736,0.1066451639997581,0.033251986893005236,0.14344331448828562,0.015179499388870237,0.02203882887314841,57.34797744266764,-0.0006132420929622073,0
2024-11-15,NVDA,141.75848388671875,-0.032570350760106725,-0.0382713844793755,0.028840428183873,0.10557549663544408,-0.0017999071197298822,0.10358556342765102,0.02037815192211165,0.02344738701339831,51.85840260364285,-0.00021129601635427875,0
2024-11-18,NVDA,139.93133544921875,-0.012889164636947559,-0.035178355769288405,-0.0247721988177787,0.10265047747396272,-0.01343123521178713,0.08784051955462058,0.02009745664402359,0.021686097303164117,48.63792774571725,-0.029468275586824744,0
2024-11-19,NVDA,146.78065490722656,0.048947717364517196,-0.008631611253681948,0.023817873686637236,0.10104912370105779,0.03361485375222917,0.13806072896828891,0.03086429128914175,0.024397144880630068,58.46015151765453,-0.06863482475081395,0
2024-11-20,NVDA,145.6623992919922,-0.007618549024332788,-0.00259774481104047,0.04535687124360832,0.10099897989280038,0.023462710764181383,0.12683140050968378,0.03038084075431129,0.023506915964464324,66.46596551589319,-0.07231484671643418,0
2024-11-21,NVDA,146.44119262695312,0.005346563963976703,-0.0006132420929622073,0.04458379237825438,0.10043167752661741,0.02668034130306629,0.12979157026373334,0.03045147593966267,0.023501492985058173,64.82499828116312,-0.05740775666159925,0
2024-11-22,NVDA,141.72853088378906,-0.03218125759989665,-0.00021129601635427875,0.002896616895718962,0.0971569218713646,-0.0065020843642469295,0.09002311500453963,0.030346975023552672,0.02468832547818997,57.01040580156486,-0.02338851122824026,0
2024-11-25,NVDA,135.80780029296875,-0.04177514967452134,-0.029468275586824744,-0.03202402500643575,0.09309844466771611,-0.04650407655851385,0.042264910910896125,0.035757714189831556,0.026401969149607407,45.59458564144066,0.031171870611103047,1
2024-11-26,NVDA,136.70639038085938,0.00661663090008191,-0.06863482475081395,-0.03065484968490184,0.08742196491927379,-0.0387362771288039,0.04529928633021241,0.022034318942030204,0.026422269564296545,38.95812110241107,0.060035114781581855,1
2024-11-27,NVDA,135.12884521484375,-0.011539659277233771,-0.07231484671643418,-0.02870686610642781,0.08188384118660674,-0.048492893437865336,0.029420163363796048,0.021822632255517553,0.02637738563541215,32.023398647455906,0.0718931900480182,1
2024-11-29,NVDA,138.03433227539062,0.021501605049072836,-0.05740775666159925,0.041353012581465176,0.07972185966598078,-0.02990612803911763,0.047431559484175656,0.026275539682843244,0.024462994571299683,38.07230460984155,0.030378330480207216,1
2024-12-02,NVDA,138.41371154785156,0.002748441392856016,-0.02338851122824026,0.023855126075498223,0.07607975825461266,-0.028340997313206384,0.045582584717122954,0.023933219059780846,0.024112657132228255,41.1197674656623,0.0013674224714783634,0
2024-12-03,NVDA,140.0411834716797,0.011758025311426445,0.031171870611103047,0.030944491305188393,0.07310809763036552,-0.018364507261015017,0.05340099617957872,0.012163589780189348,0.024213444736714388,38.82556004906756,-0.0369364393561421,0
2024-12-04,NVDA,144.91357421875,0.034792556205836656,0.060035114781581855,0.037381222625809674,0.07010937320233435,0.01393344201976654,0.08501968010865779,0.017673690409380948,0.024623348074501075,48.54348620903764,-0.040102111643861016,0
2024-12-05,NVDA,144.84368896484375,-0.00048225471135476816,0.0718931900480182,-0.003708407672739833,0.06616547735885314,0.013635652412633537,0.08070333922246786,0.014404373664784339,0.022884658679642185,47.797764686248726,-0.053219623626122425,0
2024-12-06,NVDA,142.2275848388672,-0.01806156791968716,0.030378330480207216,-0.043190468599215825,0.06070058453445393,-0.0024311990156835606,0.0581218103173986,0.019323582697919176,0.02258936005848501,50.64875813137061,-0.05749795596558194,0
2024-12-09,NVDA,138.6029815673828,-0.025484530835496955,0.0013674224714783634,-0.05967918169645192,0.05485316936361451,-0.024845466978589248,0.028644849776930714,0.024100907228369915,0.023161407287949343,48.249919285807046,-0.049059804689499664,0
2024-12-10,NVDA,134.86856079101562,-0.02694329324042477,-0.0369364393561421,-0.07008600925816533,0.04871122138913808,-0.047714181971513336,-0.0013271766637911186,0.025741949310937824,0.02361253691582884,32.90276575064837,-0.03464869337799725,0
2024-12-11,NVDA,139.10223388671875,0.031391104575241746,-0.040102111643861016,-0.06049228649067406,0.0423474123844525,-0.01470538756138351,0.02701928971173384,0.024361510376178317,0.024288900281037456,41.35722628412214,-0.07465355097362891,0
2024-12-12,NVDA,137.13516235351562,-0.01414119297900751,-0.053219623626122425,-0.060986768981361794,0.036007217591564444,-0.025564884968052315,0.009521812247764272,0.024083754529488362,0.024301308541185257,38.1118717544872,-0.04849281596565813,0
2024-12-13,NVDA,134.04978942871094,-0.022498773267581207,-0.05749795596558194,-0.08517827496425878,0.029346562697146972,-0.04324587118941059,-0.015168426162516346,0.02450332595106428,0.024638583515990516,39.76515131177001,0.0033519303792892696,0
2024-12-16,NVDA,131.8031463623047,-0.01675976572571225,-0.049059804689499664,-0.07022745483345827,0.023686040126224883,-0.05592682460739784,-0.033565469492956135,0.023553886488591944,0.02392208698080513,44.08272003369334,0.05810611921877329,1
2024-12-17,NVDA,130.19554138183594,-0.01219701520667582,-0.03464869337799725,-0.06957551027529463,0.018359842111569602,-0.06417872122900381,-0.04699719030612126,0.021721080278240507,0.02390807790094068,40.57700249324792,0.07538943767327133,1
2024-12-18,NVDA,128.71775817871094,-0.011350490096976307,-0.07465355097362891,-0.12306047237582074,0.010758070644208084,-0.06875545008123285,-0.05873705542617291,0.004485622172825991,0.020532414455627087,40.69451451711282,0.0854860332586227,1
2024-12-19,NVDA,130.48509216308594,0.013730304267117965,-0.04849281596565813,-0.10419509223160672,0.00433141307955176,-0.050757626524813526,-0.04664606569267837,0.013888133014311362,0.02101200448321695,38.66811850001856,0.0484391515798861,1
2024-12-20,NVDA,134.49911499023438,0.030762309782726316,0.0033519303792892696,-0.08154862318787726,-0.0013266199295626224,-0.017288070926587795,-0.01859175615671549,0.020553759338442473,0.02241032412097153,44.702040775867374,0.02071260942438924,1
2022-04-27,MSFT,273.3879699707031,0.048108961305487696,-0.010965259712264586,-0.10205788285425721,-0.010553038910418477,-0.028609836415476986,-0.03886095460898231,0.0362422086135366,0.023273026322450124,40.26077434168096,0.023868385981076656,1
2022-04-28,MSFT,279.5754089355469,0.022632447819510126,0.03140872423906371,-0.07720041738449324,-0.013632714295568338,-0.002479969626856371,-0.016078875205040033,0.035982134790759866,0.024086192531218107,43.338602531224126,-0.04239871360805281,0
2022-04-29,MSFT,267.88580322265625,-0.041811995401875746,0.012735567268526093,-0.09986715525095657,-0.01689814135608292,-0.03909332591908843,-0.05533086272771126,0.04037079324202813,0.025390648152313885,39.85175879314094,-0.010052993353217743,0
2022-05-02,MSFT,274.5946350097656,0.02504362570320029,0.013358595078757363,-0.08063454988431196,-0.020246435293955978,-0.010755766533238953,-0.03078443589604285,0.04045452639648083,0.02620978193283122,49.56626850666392,-0.06991957138524396,0
2022-05-03,MSFT,271.9979553222656,-0.009456410855979258,0.04277995282889169,-0.10537513937063292,-0.024597299366419634,-0.014422788778115092,-0.038665326491260865,0.03498286602919826,0.025721564329267692,49.84536325409197,-0.04357999014678726,0
2022-05-04,MSFT,279.9132995605469,0.02910074904387816,0.023868385981076656,-0.06722865632687858,-0.02759026197920067,0.017979048887472038,-0.01010725976067084,0.030388300720948697,0.026755122756280746,51.266095017507006,-0.10148989353589033,0
2022-05-05,MSFT,267.7217712402344,-0.04355465902996658,-0.04239871360805281,-0.07395663316416357,-0.02990377440199299,-0.022558489079210875,-0.051787679512929286,0.03492048324205676,0.027253161881928605,48.73520422411219,-0.07932215221595784,0
2022-05-06,MSFT,265.1927490234375,-0.00944645706279712,-0.010052993353217743,-0.08839609129596959,-0.03248191507510745,-0.027225407444364635,-0.05882298914697903,0.02973164418554817,0.02718425253344571,47.10417311016533,-0.04953971513386446,0
2022-05-09,MSFT,255.3950958251953,-0.036945403802787546,-0.06991957138524396,-0.10906825367067596,-0.035983773725535295,-0.05776179836327233,-0.09166708460652362,0.028718481362302435,0.028075951310704814,40.16518227809465,-0.01164123376788262,0
2022-05-10,MSFT,260.144287109375,0.018595467813643074,-0.04357999014678726,-0.055247949524016904,-0.037315775519903394,-0.03753950599591438,-0.07345446573694614,0.032352875193593235,0.02736127635235864,42.280236244408734,-0.009944150960395137,0
2022-05-11,MSFT,251.5049285888672,-0.03320987216942217,-0.10148989353589033,-0.07626073675743872,-0.03915017524763165,-0.06591493795342795,-0.10248453182874617,0.025560205364325878,0.028161097697592796,41.00352440162034,-0.022560663418519367,0
2022-05-12,MSFT,246.48550415039065,-0.019957558949795895,-0.07932215221595784,-0.11219656806540568,-0.042261339014439736,-0.0792308279238525,-0.11814376605900756,0.0223056127480214,0.027829261078632306,41.58711169608995,-0.006345800961440884,0
2022-05-13,MSFT,252.05517578125,0.02259634557438739,-0.04953971513386446,-0.06686215160039632,-0.043378837941597914,-0.055237809553655426,-0.09622049550637635,0.028477603558914526,0.02802383214457148,41.09899535307365,-0.030529119503921898,0
2022-05-16,MSFT,252.42198181152344,0.001455260853646445,-0.01164123376788262,-0.06780257667834932,-0.04506021444023667,-0.05059620348545879,-0.09337654214677882,0.024174202301499522,0.028014218726912603,45.63913249223576,-0.0009289278605637552,0
2022-05-17,MSFT,257.557373046875,0.02034446920389854,-0.009944150960395137,-0.06477382407467946,-0.047101373001445346,-0.02802040994291044,-0.07380198316398134,0.024558208800647175,0.02814886128885209,41.11598371773758,-0.02471841215976034,0
2022-05-18,MSFT,245.830810546875,-0.04552990411913305,-0.022560663418519367,-0.11065870275854894,-0.05078638005261005,-0.0668888747599985,-0.11427821099775592,0.028761593524117335,0.02964764260258794,32.17119821270673,0.03321821777832068,1
2022-05-19,MSFT,244.92135620117188,-0.003699513269634358,-0.006345800961440884,-0.09643689872384498,-0.05404025102492116,-0.06570579965465118,-0.1161952927724419,0.02742533670567985,0.02946600560214109,36.30703650030315,0.050406929938921596,1
2022-05-20,MSFT,244.3601531982422,-0.0022913600170854087,-0.030529119503921898,-0.07620256321923691,-0.055404506697156686,-0.06424902364686191,-0.11609384488309027,0.024141540850275096,0.029107807426602614,30.545916889619775,0.08188168551190866,1
2022-05-23,MSFT,252.1875,0.03203200971726239,-0.0009289278605637552,-0.06933225156662093,-0.05682354633397335,-0.030788595899593818,-0.08586262502790853,0.02971409399155581,0.029539680556967925,38.057063462597746,0.04304595531288724,1
2022-05-24,MSFT,251.1909637451172,-0.003951568792596061,-0.02471841215976034,-0.036989447163924605,-0.05645017992504342,-0.03282533466881987,-0.0874225185457086,0.02749401555719311,0.02842529309797512,31.108486546844404,0.049302908853823935,1
2022-05-25,MSFT,253.9968719482422,0.011170418558416495,0.03321821777832068,-0.07092886356535344,-0.05822111876005576,-0.01835698623403681,-0.07550934071848403,0.015525255118864153,0.0261407304114677,39.70120646363148,0.04593919273643854,1
2022-05-26,MSFT,257.26708984375,0.0128750321624993,0.050406929938921596,-0.07979356688320116,-0.060428469961444464,-0.001413552872448487,-0.06175660399660132,0.014497960792871745,0.025718040906250923,44.11822523989518,0.015494545278553318,1
2022-05-27,MSFT,264.3687744140625,0.027604325818065822,0.08188168551190866,-0.01312883611704696,-0.059853850121988406,0.026852651855985732,-0.03460843286556892,0.0143424765549297,0.02499660542978784,56.937114320677125,-0.016432493931548553,0
2022-05-31,MSFT,263.04315185546875,-0.00501429324068936,0.04304595531288724,-0.04206740293336775,-0.06100548346486312,0.02400095003511815,-0.0384687229902535,0.013499242839376821,0.024282162116186404,52.36621977770139,0.0023176792625192455,0
2022-06-01,MSFT,263.5754089355469,0.0020234591789356493,0.049302908853823935,-0.030965476842425677,-0.062221948828201645,0.027757887595331265,-0.03619121109440604,0.01233128637832999,0.02422887160331123,61.35551732028218,-0.007378509660768251,0
2022-06-02,MSFT,265.665283203125,0.007928942521679527,0.04593919273643854,-0.050901534081412736,-0.06479228176286611,0.038792540958543675,-0.028513198048405908,0.01232194849389941,0.023274900311470094,69.09631426607703,-0.03565451930543617,0
2022-06-03,MSFT,261.2533264160156,-0.01660720111380165,0.015494545278553318,-0.02416107137739809,-0.06499303431981807,0.022834612901784013,-0.04364251219803961,0.016424960081909693,0.02147430109225996,59.374232174792006,-0.06306948142037583,0
2022-06-06,MSFT,260.0245361328125,-0.004703443588872869,-0.016432493931548553,-0.01948851508820193,-0.06504620209227396,0.019054751000521675,-0.04723089027615024,0.009170812056307738,0.02140219809871567,57.61430993468004,-0.09856746400791316,0
2022-06-07,MSFT,263.6528015136719,0.013953550056546193,0.0023176792625192455,0.03233306286401261,-0.06315031353749645,0.03160491476014937,-0.03354125905377647,0.01181353527133183,0.019842839145516475,56.294890906626904,-0.10278885914779701,0
2022-06-08,MSFT,261.630615234375,-0.007669883527454235,-0.007378509660768251,0.0057134759387396095,-0.06257935382466473,0.02339504159881467,-0.04064835881180506,0.012290666076561681,0.019538238092210072,70.4072236955377,-0.06896923777503428,0
2022-06-09,MSFT,256.193115234375,-0.020783118195586425,-0.03565451930543617,0.01864053588059722,-0.06051475950217877,0.0012076779534839766,-0.059380163889605986,0.013480686040323557,0.018585245066745068,63.034145053840625,-0.07485179160389077,0
2022-06-10,MSFT,244.77621459960935,-0.044563651229741486,-0.06306948142037583,-0.00693464533207766,-0.058559099315292684,-0.04309018696095823,-0.09912596373848959,0.021681060726064627,0.02074118628580746,50.384565153802065,-0.021107486796561048,0
2022-06-13,MSFT,234.3945770263672,-0.04241277115190234,-0.09856746400791316,-0.0700663999465333,-0.05888931713695089,-0.08050122707966234,-0.13464988192520522,0.024549736451639975,0.022043354459042045,34.295559600072295,0.04738731784317762,1
2022-06-14,MSFT,236.55223083496097,0.00920522068371521,-0.10278885914779701,-0.06286992465027064,-0.05872316024606694,-0.06913950549534154,-0.1238025754808717,0.022932221285334054,0.02220060500452759,37.33902645416622,0.03533871257285903,1
2022-06-15,MSFT,243.58615112304688,0.029735167845419186,-0.06896923777503428,-0.05424508628330116,-0.058684705609422294,-0.03881800096819288,-0.09522468361845049,0.03255150275543648,0.02281132214223911,41.609463240880594,0.028201423958988947,1
2022-06-16,MSFT,237.0166015625,-0.026970127530888566,-0.07485179160389077,-0.035854777376224445,-0.057024117860508095,-0.06311192819059619,-0.11653714401955984,0.032999550725270305,0.02129746676216441,34.50323658832437,0.09278715415834027,1
2022-06-17,MSFT,239.6096038818359,0.010940171710512647,-0.021107486796561048,-0.021687583319492276,-0.055109380375361394,-0.051866838252225156,-0.1041178693094773,0.029743765508726764,0.021472620090275917,29.64858621491497,0.06961428842986295,1
2022-06-21,MSFT,245.5019073486328,0.02459126583967275,0.04738731784317762,0.004672423615090571,-0.052058071033248,-0.028770440077671044,-0.07933077749769779,0.022189183813962662,0.022208086878728165,36.588400848480525,0.010798228601983206,1
2022-06-22,MSFT,244.91168212890625,-0.00240415736928834,0.03533871257285903,-0.02885082675030981,-0.05056049464315826,-0.029708993377605575,-0.07876738662024174,0.022826048371474655,0.020930378798701774,35.742816659354375,0.02816753986721432,1
2022-06-23,MSFT,250.45562744140625,0.02263650824782637,0.028201423958988947,-0.0029273995081171567,-0.047746212900318774,-0.007600437349997269,-0.05498375815046752,0.021237831742056804,0.02158410099956209,38.9637692584319,-0.007842091988112476,0
2022-06-24,MSFT,259.0086975097656,0.034150041489326766,0.09278715415834027,0.019731839699761,-0.04406833773525731,0.025272018303320376,-0.019910015269779313,0.014070671293327631,0.02278400928785398,48.46361316606982,-0.03033298272680618,0
2022-06-27,MSFT,256.28985595703125,-0.010497105228027603,0.06961428842986295,-0.003798518836250153,-0.04143157875815584,0.01470589079296225,-0.02733497623779102,0.019114972692941296,0.022754429661366475,47.4948147262593,-0.007701379334816627,0
2022-06-28,MSFT,248.15289306640625,-0.03174906341977579,0.010798228601983206,-0.0613381114452588,-0.04151041924528398,-0.014346017461228544,-0.05526092750719669,0.026330360199765146,0.02284290031889394,40.19585095560828,0.037936910331386464,1
2022-06-29,MSFT,251.81024169921875,0.014738287301908626,0.02816753986721432,-0.042703678377538634,-0.0407961198318294,0.0024170610664160375,-0.03847766547831977,0.026658010586024725,0.023171795802898864,43.91421339457814,0.03127621550884352,1
2022-06-30,MSFT,248.4915313720703,-0.013179409640980966,-0.007842091988112476,-0.057227939527412786,-0.040283488708460546,-0.007815340735149556,-0.04778400025335294,0.025820458965729626,0.02328461128599902,45.09853314623382,0.042168194920756186,1
2022-07-01,MSFT,251.15219116210935,0.010707245334872884,-0.03033298272680618,-0.054629238212954956,-0.04006405817352732,0.005722219581732357,-0.03457109392999924,0.018999938634647832,0.02335942156982524,54.566806107902075,0.018992545950638817,1
2022-07-05,MSFT,254.31607055664065,0.012597458855093668,-0.007701379334816627,-0.026553751313115104,-0.03925621546664759,0.019808266274494724,-0.020225546761045154,0.020388575723252346,0.02334685903780445,65.91425979600201,-0.03492475906376602,0
2022-07-06,MSFT,257.5670471191406,0.012783213248711789,0.037936910331386464,-0.009450988934431415,-0.037669436658588906,0.03335385410276248,-0.005572003450270313,0.011664147290447473,0.02353088335882829,66.49944711403107,-0.0506743695495131,0
2022-07-07,MSFT,259.6859130859375,0.008226463713026044,0.03127621550884352,-0.015045880054980865,-0.03676326813811648,0.042684422241334063,0.004351935243038785,0.011002793585503384,0.023383844872961877,63.69764882867248,-0.05335330813449801,0
2022-07-08,MSFT,258.969970703125,-0.002756955024262653,0.042168194920756186,-0.010169469382879881,-0.036259768875903764,0.04036549701046699,0.0026420845424026673,0.0064541301929260594,0.02333025980189517,70.74409859796646,-0.04087284266376057,0
2022-07-11,MSFT,255.92221069335935,-0.011768777675228992,0.018992545950638817,-0.0010574231894086017,-0.03529466519421165,0.028177615599750183,-0.008111569103025795,0.010759485998167388,0.02299740785883991,65.28270771320979,-0.038788720661278364,0
2022-07-12,MSFT,245.43414306640625,-0.04098146697990068,-0.03492475906376602,0.0026878774470513456,-0.033156082237507434,-0.014088912058417336,-0.04677786116907878,0.021322845707434437,0.022641622724077774,49.94154749999408,0.023100793719674773,1
2022-07-13,MSFT,244.51499938964844,-0.0037449707089413087,-0.0506743695495131,0.04317686224516537,-0.02958266819182942,-0.019773617778836128,-0.048771329596962176,0.018618274136511154,0.020327951563997426,49.659757819078635,0.03778867842343003,1
2022-07-14,MSFT,245.830810546875,0.0053813105965321295,-0.05335330813449801,0.03922423254755758,-0.02620249085985593,-0.016328173912215194,-0.0421028259443782,0.017945437910546053,0.020277634830703863,45.72299275923497,0.04234881912519617,1
2022-07-15,MSFT,248.3851318359375,0.010390566110814792,-0.04087284266376057,0.019701369272288494,-0.02355468034045194,-0.007060623996117954,-0.03044899359533726,0.020231496947668008,0.019330408279502463,38.949277777671966,0.014178868285423807,1
2022-07-18,MSFT,245.9953155517578,-0.00962141439994968,-0.038788720661278364,0.03788221554974136,-0.0198623385041784,-0.01837578325834832,-0.03787313573517004,0.02015799003500021,0.0183671687935935,39.21772692040306,0.0180137156795539,1
2022-07-19,MSFT,251.10386657714844,0.020766863035307503,0.023100793719674773,0.04797079294443041,-0.016334823506364615,-0.00028322389535240244,-0.016613420989373684,0.011909972554319638,0.018745825619715308,53.30013770837564,-0.029399362908271942,0
2022-07-20,MSFT,253.75489807128903,0.010557509648407182,0.03778867842343003,0.03361680897629982,-0.014026181763576728,0.008614266847242869,-0.005532740188893159,0.011083150969786711,0.018128400032559843,52.22482721780069,0.024669092110856328,1
2022-07-21,MSFT,256.241455078125,0.00979905028724759,0.04234881912519617,0.04626064731063129,-0.010854219847760915,0.016209575209948035,0.005179413069219541,0.011048562274111856,0.018184318758575943,59.03857426932264,0.04368714657977346,1
2022-07-22,MSFT,251.90695190429688,-0.016915698408388247,0.014178868285423807,0.005794736886996832,-0.0099914013524246,-0.0012677398176345056,-0.011246474672730655,0.015611737376910429,0.01802016784809576,50.84718475149662,0.0782762151057963,1
2022-07-25,MSFT,250.42660522460935,-0.005876561438645567,0.0180137156795539,-0.03313437875897085,-0.010188889043764582,-0.005444848880603148,-0.015578260963263313,0.014934971673273657,0.016211693236084537,45.46277230486176,0.07410255375988672,1
2022-07-26,MSFT,243.72157287597656,-0.026774440928985954,-0.029399362908271942,-0.049039331011063725,-0.010334436319010765,-0.029651797953395898,-0.03967979965471313,0.01638887919421968,0.017069982260649173,35.053168515383234,0.09098873898366922,1
2022-07-27,MSFT,260.0148010253906,0.06685180945268754,0.024669092110856328,0.047800804626565885,-0.007484476655603589,0.032778994690576324,0.025049184414416947,0.036932441681803964,0.021738795685419848,50.27185264411192,0.05109079460315624,1
2022-07-28,MSFT,267.4359130859375,0.0285411139338263,0.04368714657977346,0.06205335923303412,-0.003935934743818259,0.058969401370289276,0.0548013669107954,0.038409948548449875,0.022356135045906948,56.299506552429655,0.026192752991439416,1
2022-07-29,MSFT,271.6252746582031,0.01566491771402223,0.0782762151057963,0.09309670699197503,0.0006507013052881039,0.07065431368401542,0.07135098984344213,0.03553529037468801,0.022170146982277355,61.48944987703546,0.007729351796622597,0
2022-08-01,MSFT,268.9838562011719,-0.009724494380558113,0.07410255375988672,0.07099944044506801,0.004889287964279232,0.05652976080509209,0.06169543904849917,0.03615515056716139,0.022348373522793417,69.46571490265087,0.008308994387718815,0
2022-08-02,MSFT,265.8974914550781,-0.011474163504390678,0.09098873898366922,0.045539477206801626,0.007295800758703619,0.042036844985354316,0.04963933818959565,0.03217311344942265,0.02249000872828332,67.06300703866407,0.027217712895399426,1
2022-08-03,MSFT,273.2991638183594,0.02783656334167306,0.05109079460315624,0.0610796950742758,0.009862354801482676,0.06775205027286813,0.07828259983266972,0.01964726521217369,0.023097156301228206,69.97892639598754,0.023683857022754884,1
2022-08-04,MSFT,274.4407958984375,0.004177224928638479,0.026192752991439416,0.05681818715987563,0.011506270855955902,0.06913074444681655,0.08143245237285157,0.01676079311503747,0.0230686806553488,69.34904296352701,0.011880737597182556,1
2022-08-05,MSFT,273.7247619628906,-0.0026090652200697617,0.007729351796622597,0.056974911877640144,0.013509384143873815,0.06328544109331302,0.07764977257163097,0.015905069994231254,0.023066756272473374,71.11695008490811,0.03181233822101848,1
2022-08-08,MSFT,271.2188415527344,-0.009154891184071867,0.008308994387718815,0.059770626464707766,0.015207285845478813,0.050430357753970645,0.0664045524651038,0.01580503620511902,0.02298579450426987,65.95053966039909,0.046910765576807956,1
2022-08-09,MSFT,273.1346130371094,0.007063563406609852,0.027217712895399426,0.11286314782702545,0.018873736084186854,0.052205901649416075,0.07206495814337122,0.013996716904581267,0.02050734184711838,65.54881266167746,0.03687555690874089,1
2022-08-10,MSFT,279.7719421386719,0.024300578486772473,0.023683857022754884,0.14419132910876975,0.02393642736446111,0.07050523040303713,0.09612930109385509,0.012603644865416357,0.020794675890368534,67.70015334606626,0.009608001774080277,0
2022-08-11,MSFT,277.70135498046875,-0.00740098217989571,0.011880737597182556,0.12964422304386725,0.02848203623126877,0.05614272398350573,0.08622381931339484,0.013748106430126538,0.021040691694569406,70.08728093023609,0.013120626375454636,1
2022-08-12,MSFT,282.4325866699219,0.0170371213701348,0.03181233822101848,0.13707525318573932,0.03346491889037928,0.06722670726719238,0.10294136246353536,0.01471764540967876,0.021160518196859816,73.72335405789217,-0.017651366309044958,0
2022-08-15,MSFT,283.9419250488281,0.005344065982974655,0.046910765576807956,0.15425744759390048,0.03829878434594036,0.06529249311889762,0.1060919005782075,0.012087694412328877,0.020816573080867724,82.29979533553234,-0.05155677392887459,0
2022-08-16,MSFT,283.20660400390625,-0.0025896881723099785,0.03687555690874089,0.12784644802311185,0.04196160980164887,0.056173286043300186,0.10049201735517443,0.013243624740253881,0.020681968441258074,74.82897893119755,-0.05357919094528363,0
2022-08-17,MSFT,282.4599914550781,-0.0026362822698082766,0.009608001774080277,0.11312133717208006,0.04496033272644406,0.04778061650818621,0.09488918165071292,0.009594588748824368,0.020747077154037095,68.76668214327374,-0.0533087415047826,0
2022-08-18,MSFT,281.344970703125,-0.003947535175545247,0.013120626375454636,0.0979682058757676,0.04785188505071103,0.038807721260659234,0.08851662892821532,0.008848354048129477,0.020827253528088625,63.15098392375365,-0.03901124099587905,0
2022-08-19,MSFT,277.447265625,-0.013853828872021468,-0.017651366309044958,0.10138788758162676,0.05101317426962515,0.019608685149354876,0.07162216069170202,0.006840824541450269,0.02066921913959371,61.07470511140236,-0.06311354740836161,0
2022-08-22,MSFT,269.30279541015625,-0.029355020661302467,-0.05155677392887459,0.07537613732621073,0.05362044288700685,-0.013742748489960599,0.03914080213652982,0.011555335231030597,0.02194891361713424,53.93507106297171,-0.04507659005357123,0
2022-08-23,MSFT,268.0326232910156,-0.004716520365880772,-0.05357919094528363,0.09974927589774873,0.057578613320351524,-0.022744869385612487,0.03352412589536291,0.011226910683464533,0.02085525114157593,42.909335941030974,-0.048726655328716895,0
2022-08-24,MSFT,267.40240478515625,-0.0023512753713383905,-0.0533087415047826,0.02841224319012592,0.058796507574679024,-0.0263539440132311,0.030893043692651334,0.0112799662857049,0.014953195260196771,40.39146708083643,-0.0519237542172426,0
2022-08-25,MSFT,270.3693542480469,0.011095447945856707,-0.03901124099587905,0.010968763051530495,0.05886351598769912,-0.016076370828487785,0.04184083344792455,0.014979115403073649,0.013753966446561064,45.68454600403482,-0.06616484543137657,0
2022-08-26,MSFT,259.93658447265625,-0.038587101723885575,-0.06311354740836161,-0.043032410000340415,0.056858441997715836,-0.052026921912683766,0.0018733503631400694,0.0205216518781871,0.01582736162094395,37.9472072308215,-0.04487331058671218,0
2022-08-29,MSFT,257.1635437011719,-0.010668143451642798,-0.04507659005357123,-0.04394431943588328,0.055156751610794696,-0.060114206351516764,-0.008273159088732718,0.01833405094619992,0.015852744408921027,33.24505618063861,-0.04516844305653389,0
2022-08-30,MSFT,254.9722900390625,-0.008520856535775723,-0.048726655328716895,-0.04108801988401378,0.05347544333276688,-0.06625864165521833,-0.01632640855959122,0.018187840349212128,0.015774632615461723,21.306456863732365,-0.01855742213102396,0
2022-08-31,MSFT,253.5178680419922,-0.005704235534173097,-0.0519237542172426,-0.0723796425133385,0.05009900311513826,-0.0682099015736154,-0.021528146529896874,0.01790384485955065,0.014136081926910977,21.614643499727947,-0.011282341913986582,0
2022-09-01,MSFT,252.48040771484375,-0.00409225722494877,-0.06616484543137657,-0.08001867255814488,0.04661329076939125,-0.0682628088449655,-0.024831472232999974,0.014243002385286726,0.014015394414198615,11.50576037137472,0.015591401618560319,1
2022-09-02,MSFT,248.2723693847656,-0.016666791566776862,-0.04487331058671218,-0.09298534920847112,0.042594515807534705,-0.07946870232212166,-0.04025911741185084,0.004915660727668315,0.014288259464562605,7.13149783387199,0.04135757982808208,1
2022-09-06,MSFT,245.54786682128903,-0.01097384525804479,-0.04516844305653389,-0.09465041065907664,0.0383448809875393,-0.08521694934680268,-0.05013970214008767,0.00494140140976157,0.01432338346690653,6.806079484417822,-0.004975197649796592,0
2022-09-07,MSFT,250.24066162109375,0.019111527461243005,-0.01855742213102396,-0.08381929760365137,0.033552686927425635,-0.06374133069508714,-0.032327336680811336,0.013652628285171909,0.015084429886860174,16.112609709376116,-0.0227440357097648,0
2022-09-08,MSFT,250.6575927734375,0.0016661207241173148,-0.011282341913986582,-0.10406457896626231,0.026847191456391695,-0.05704563867271173,-0.03172996239951853,0.013774766312466833,0.013605556102683224,17.24284747246851,-0.05082754736442763,0
2022-09-09,MSFT,256.41693115234375,0.02297691570074223,0.015591401618560319,-0.07664501251577249,0.021429854796979342,-0.031502057516520576,-0.010747287237926284,0.017622716781890018,0.01499410344989365,28.40932802549568,-0.07456693250752477,0
2022-09-12,MSFT,258.5403137207031,0.008280976450411703,0.04135757982808208,-0.08459460443614308,0.015844269089898333,-0.01905582289584784,-0.003513479391640817,0.013672530722808203,0.014470144305424752,37.392033348110246,-0.08299262652108175,0
2022-09-13,MSFT,244.3262176513672,-0.0549782579930308,-0.004975197649796592,-0.13952045789169176,0.007736581735380721,-0.06596676992445138,-0.05874054549641028,0.03156507801656573,0.018166654091086254,28.690947325339295,-0.037858657821557284,0
2022-09-14,MSFT,244.54917907714844,0.0009125562861183045,-0.0227440357097648,-0.1364990236111323,-2.6897898895206218e-05,-0.05815496661216202,-0.058180300264644935,0.029720937880353893,0.018231470328789818,29.306340315737756,-0.05261270592492873,0
2022-09-15,MSFT,237.9172821044922,-0.027118868268881324,-0.05082754736442763,-0.1576956407919099,-0.008121266174053177,-0.07576916351558372,-0.08327508814494144,0.031051784254204847,0.018727597584421534,22.443546157256833,-0.017931654954253418,0
2022-09-16,MSFT,237.2967071533203,-0.002608364325964896,-0.07456693250752477,-0.15656318092241417,-0.01612630041431362,-0.07022506069269363,-0.08521889068166355,0.02595111561585091,0.01874664332278221,26.931366271991948,-0.02786648496473998,0
2022-09-19,MSFT,237.0833740234375,-0.0008990142865529238,-0.08299262652108175,-0.14548311193709396,-0.023067109219561566,-0.0636566367046355,-0.08525537133278127,0.024145088460781592,0.018768718345397742,28.413519833708666,-0.028913861023680987,0
2022-09-20,MSFT,235.07635498046875,-0.008465456724815912,-0.037858657821557284,-0.12709277814052988,-0.028174325753941076,-0.06526558350801859,-0.0916010954516836,0.011445654916238559,0.01806593315296234,28.526516187044464,-0.02491230019750801,0
2022-09-21,MSFT,231.6827850341797,-0.014436032694870593,-0.05261270592492873,-0.13561721633179413,-0.03366615586577737,-0.07205326606666707,-0.10329366544640561,0.010607357047737197,0.018142730194487998,27.38042472797723,0.008872094119146912,0
2022-09-22,MSFT,233.65103149414065,0.008495436808870327,-0.017931654954253418,-0.12621940822908095,-0.03929902586830092,-0.057801512105561836,-0.09482899485439933,0.00859751463514863,0.018451684366869735,30.8631659653975,-0.014441157236082192,0
2022-09-23,MSFT,230.68408203125,-0.012698208280604417,-0.02786648496473998,-0.1467816954594201,-0.045684381711506905,-0.06226239133643552,-0.10510235419585756,0.009453193642719186,0.018015390094168162,31.661903425524542,-0.02109939389257076,0
2022-09-26,MSFT,230.22837829589844,-0.001975445082031402,-0.028913861023680987,-0.11429020750206453,-0.05032537951912763,-0.058429414333337815,-0.10581431140105979,0.009330815358395255,0.01651448127124187,33.23422830672021,0.013855618880046272,1
2022-09-27,MSFT,229.22006225585935,-0.0043796340290559455,-0.02491230019750801,-0.10866035303115629,-0.054409413581852695,-0.05716574048544709,-0.10846479965051414,0.009219011841288878,0.016479110527910717,24.976858781166182,0.05274732019337325,1
2022-09-28,MSFT,233.73829650878903,0.019711338564625036,0.008872094119146912,-0.08327961256895933,-0.05728129861285358,-0.034364272097165416,-0.08967714057840792,0.01253275824763222,0.017399558940833594,31.650795132266097,0.03372462417924016,1
2022-09-29,MSFT,230.27684020996097,-0.014809110661495373,-0.014441157236082192,-0.09167412147920728,-0.0601421707957871,-0.04407532628582178,-0.10156671128024697,0.013712441437451253,0.017559580109503436,20.163623842809145,0.03911605949949171,1
2022-09-30,MSFT,225.81678771972656,-0.0193682199485099,-0.02109939389257076,-0.10560668939204021,-0.0632806306787641,-0.05737310767581094,-0.1170231319168491,0.015160431616939493,0.0178637640366332,14.540727496032602,0.005753446706221688,0
2022-10-03,MSFT,233.4183349609375,0.033662454053883906,0.013855618880046272,-0.059829591430723084,-0.06462714176978934,-0.02261181633400222,-0.08577762104390163,0.022865962146011623,0.01965032412901417,36.20298390854115,-0.047727821843639884,0
2022-10-04,MSFT,241.3108062744141,0.03381255938954997,0.05274732019337325,-0.017255538000493842,-0.0645646812044205,0.011333321506926675,-0.05396309198757576,0.025968410069030855,0.02117399701368739,46.56947464453341,-0.09430261825427178,0
2022-10-05,MSFT,241.62103271484375,0.0012855886780174242,0.03372462417924016,-0.03444535692325479,-0.06602160454022032,0.014465851774173588,-0.052510811511218725,0.025658039152096794,0.020667257249076306,54.530282449053935,-0.09410102106262153,0
2022-10-06,MSFT,239.28436279296875,-0.009670805126607895,0.03911605949949171,-0.045373570593366,-0.06793291299073079,0.007059577712791976,-0.06135291295645329,0.024653571763599766,0.02072987801429147,52.3332689695987,-0.050853094108179286,0
2022-10-07,MSFT,227.1160125732422,-0.050853094108179286,0.005753446706221688,-0.11427060782383813,-0.0725450993939526,-0.03822235293242282,-0.1079946079338221,0.03515713199670254,0.02252286274650911,40.8638145117459,-0.024248611370053297,0
2022-10-10,MSFT,222.2777862548828,-0.02130288509181666,-0.047727821843639884,-0.14025869677327818,-0.07809070757940106,-0.051427738228565834,-0.12550241734048995,0.030990334730373315,0.022520538258670897,38.8475390092215,0.03611779259935877,1
2022-10-11,MSFT,218.5545654296875,-0.016750305498030915,-0.09430261825427178,-0.10548050254047503,-0.0815076633474795,-0.06215939341128163,-0.13860058984671086,0.01950943873399021,0.019705905259934372,38.6256329551533,0.05807211130033019,1
2022-10-12,MSFT,218.88424682617188,0.00150846263877491,-0.09410102106262153,-0.10494793868385877,-0.08462801864987635,-0.05554400545799887,-0.13547144497808683,0.019568846941425556,0.01971635659149823,36.83209077480571,0.047530400916067306,1
2022-10-13,MSFT,227.1160125732422,0.03760784920080429,-0.050853094108179286,-0.04539926412956474,-0.08515684529795309,-0.017736076195927652,-0.10138257319707145,0.032562402896138785,0.02120956422154242,47.091370499023434,0.008154041765554787,0
2022-10-14,MSFT,221.6087646484375,-0.024248611370053297,-0.024248611370053297,-0.06611108385396447,-0.08617340987305311,-0.038292043828226596,-0.12116569771359298,0.025649040876353908,0.02178080594165586,43.5081016712218,0.059328108276932134,1
2022-10-17,MSFT,230.30596923828125,0.03924576089596954,0.03611779259935877,-0.02858658821215465,-0.08621263789487521,0.0009228573665207573,-0.08536934249632289,0.0297750832648902,0.02376255770586244,50.732964643514265,0.04092105043472172,1
2022-10-18,MSFT,231.2464904785156,0.0040837901134089805,0.05807211130033019,-0.016292002240171577,-0.08581254688030737,0.00584752324225013,-0.08046681450041648,0.02685211355030136,0.023725751987706458,48.23272763792208,0.050985320327259,1
2022-10-19,MSFT,229.28790283203125,-0.008469696739749288,0.047530400916067306,-0.010336901819421485,-0.08541383201086761,-0.002151972904794852,-0.08738199666348034,0.02813348609373992,0.02357907399087727,49.28333481138869,-0.021819955156890947,0
2022-10-20,MSFT,228.96792602539065,-0.0013955241540806185,0.008154041765554787,-0.020043161970236922,-0.08446021376925028,-0.0025280395286442214,-0.08677473453888807,0.023460603143880338,0.023489424646615034,52.429345778956886,-0.03980522792693586,0
2022-10-21,MSFT,234.7563934326172,0.02528069108939146,0.059328108276932134,0.01765319637796048,-0.08165314383096456,0.021782392005842866,-0.06164935261255722,0.01987151339987341,0.02400223660958028,51.06123327236364,-0.025813723046383852,0
2022-10-24,MSFT,239.73033142089844,0.021187657194558618,0.04092105043472172,0.04127185881832385,-0.07779461596620763,0.04127833564573802,-0.03972751258975393,0.014554257971311076,0.024399105081885985,48.68565578388604,-0.061152569412181945,0
2022-10-25,MSFT,243.0366668701172,0.013791894540928107,0.050985320327259,0.06027659393458995,-0.0734223372452164,0.052481409465776174,-0.02479423552434068,0.014525822849508591,0.02447522367532297,51.121379765486274,-0.08972327432337623,0
2022-10-26,MSFT,224.28485107421875,-0.07715632393000071,-0.021819955156890947,-0.040444572309162985,-0.0727384945666002,-0.026731976642452526,-0.09752602747129124,0.04232722457190989,0.030000037803885868,40.57053641796106,-0.048504251931391074,0
2022-10-27,MSFT,219.8538055419922,-0.019756330001798772,-0.03980522792693586,-0.04526306101154287,-0.07150758488003384,-0.043797728915754175,-0.11217344397779205,0.04287475237223088,0.030134536116534275,44.94261433141297,-0.05512661799531504,0
2022-10-28,MSFT,228.6964569091797,0.04022059725274363,-0.025813723046383852,0.012752236972864983,-0.06805688406210586,-0.005961191544570643,-0.07361237548485566,0.04611386434451111,0.03123950821700471,54.2338142312779,-0.0613897215818332,0
2022-10-31,MSFT,225.07020568847656,-0.01585617577863563,-0.061152569412181945,-0.03576466807484513,-0.06668194555135942,-0.019944756068603908,-0.08529674648176144,0.043909795482249395,0.030476253881064543,54.303281207956985,-0.018351817714212793,0
2022-11-01,MSFT,221.23062133789065,-0.0170594963417785,-0.08972327432337623,-0.08321295364488823,-0.06760529109965696,-0.03243390228594567,-0.09784648998006351,0.04152602513646368,0.0294922031817984,51.4810091958717,0.0030678197918827532,0
2022-11-02,MSFT,213.4060821533203,-0.03536824666156746,-0.048504251931391074,-0.116773569935123,-0.06958118393049839,-0.06086053435656413,-0.12620697025188998,0.02891376316596063,0.030280331330437588,41.301707025982935,0.020036278274341734,1
2022-11-03,MSFT,207.7340087890625,-0.026578780262610957,-0.05512661799531504,-0.1318529703974176,-0.07147571930260965,-0.07943093513433597,-0.14522927121333995,0.029666200227030388,0.030629628355192368,41.215505758395096,0.1340955259769756,1
2022-11-04,MSFT,214.65684509277344,0.03332548360312315,-0.0613897215818332,-0.05485816406912669,-0.07001822867695873,-0.04611921637835514,-0.11290825921653203,0.02670679332325319,0.030004920723860292,39.864376199896846,0.11617485979102127,1
2022-11-07,MSFT,220.93975830078125,0.029269568390853706,-0.018351817714212793,-0.006019620658662017,-0.06634025970597279,-0.017907568430658105,-0.08305983539623851,0.03225600355322818,0.030454285966833767,43.75659961311849,0.06003422215727228,1
2022-11-08,MSFT,221.90931701660156,0.004388339714305189,0.0030678197918827532,0.015349720928128363,-0.0616177294886342,-0.014332731736961257,-0.07506731083859419,0.03138002730532178,0.030202872903041706,45.47614588281872,0.05723785981880436,1
2022-11-09,MSFT,217.68194580078125,-0.01904999426186349,0.020036278274341734,-0.005492862290566891,-0.05757853020877379,-0.03285144296578568,-0.08853843537335215,0.02722445097347619,0.030539822749405046,43.39687458598672,0.07973466150717479,1
2022-11-10,MSFT,235.5902099609375,0.08226802684199441,0.1340955259769756,0.03731219693266885,-0.052705968655835655,0.044747204071355684,-0.010317209319701148,0.03783847698151617,0.034761914026559704,50.427251257203146,-0.002547209649965909,0
2022-11-11,MSFT,239.59457397460935,0.01699715796482293,0.11617485979102127,0.08116018946590287,-0.046139913269986566,0.058284510191808137,0.009455354676587868,0.037757060732837223,0.03431800565445006,49.929739155925354,-0.021084353846339998,0
2022-11-14,MSFT,234.2037048339844,-0.0224999633806241,0.06003422215727228,0.016924162272452525,-0.042411053919857666,0.033583427415737166,-0.010251935055062944,0.04234964337069748,0.03379815337968211,45.52508271852634,0.004894006518044947,0
2022-11-15,MSFT,234.6109313964844,0.0017387707969378496,0.05723785981880436,0.01454915450179084,-0.03935283123001798,0.03461250156890494,-0.006102429593802916,0.04249161682623795,0.03379235109868419,56.42572393723412,0.015500022048117623,1
2022-11-16,MSFT,235.0387420654297,0.0018234899217985934,0.07973466150717479,0.025081302425323804,-0.03588873496329337,0.03518645598740866,-0.0019650763691144713,0.03962015753791265,0.03371459934257471,59.944773907190125,0.024200605329996794,1
2022-11-17,MSFT,234.9901123046875,-0.00020690104241904983,-0.002547209649965909,0.02630144048485228,-0.03239059776251785,0.033601530493923004,0.00012255907297142876,0.014147620593144804,0.033709756993264416,54.658358155788875,0.024040032435706404,1
2022-11-18,MSFT,234.5428771972656,-0.0019032081947432111,-0.021084353846339998,-0.0009095225575309618,-0.029970896131639724,0.03168281678058893,0.0007623582380602567,0.010339967647857289,0.03325981755813802,57.357611833030816,0.0022385658397547914,0
2022-11-21,MSFT,235.3498992919922,0.003440829686965241,0.004894006518044947,-0.018272331677610887,-0.02920803362152946,0.03623097637481143,0.0059647071771855575,0.0020654602903855865,0.03291317317914051,61.50889608895466,-0.007105989014056013,0
2022-11-22,MSFT,238.24740600585935,0.01231148482571598,0.015500022048117623,-0.019705918970725933,-0.028922989231897955,0.05009567713073748,0.01972377116862245,0.00553544367982504,0.032881205195596355,72.01710950151293,0.041260214853774624,1
2022-11-23,MSFT,240.7268218994141,0.010406895651547066,0.024200605329996794,0.07330843231919615,-0.024412928586889038,0.057193206304256616,0.03138402405620644,0.006318793457705609,0.02752859935658888,80.99603399530896,0.02871793610569484,1
2022-11-25,MSFT,240.6392822265625,-0.00036364735828298134,0.024040032435706404,0.09454226472600347,-0.019058100204404016,0.052007242313380386,0.0319579828736134,0.006350215817414408,0.02698788844489058,78.00693106924983,0.030425535314716035,1
2022-11-28,MSFT,235.0679168701172,-0.02315235195557086,0.0022385658397547914,0.02785989799338151,-0.016467896550905747,0.026221569774550257,0.009321859125194898,0.01419931136012084,0.026330640912031078,65.46624247528567,0.03491065574297236,1
2022-11-29,MSFT,233.6775054931641,-0.0059149346940499115,-0.007105989014056013,0.03824273309902715,-0.013589768568987748,0.01823845146633496,0.004400826562863003,0.014335398090446991,0.026074433120647056,62.765137621967654,0.01993086326110194,1
2022-11-30,MSFT,248.0775451660156,0.06162355953972121,0.041260214853774624,0.12135265753794999,-0.007999818701066919,0.07469978592612136,0.06610238248063705,0.0320701294795798,0.02880910700278036,77.00981136578119,-0.042212115750943524,0
2022-12-01,MSFT,247.63999938964844,-0.001763745993513255,0.02871793610569484,0.1604167833029846,-0.00045769544319163025,0.0649077222273795,0.06442031881549637,0.032351741225143345,0.027196382480369555,65.52928715853349,-0.028623045861090435,0
2022-12-02,MSFT,247.9608612060547,0.0012956784735789206,0.030425535314716035,0.1936459641417665,0.00838237849949186,0.057144022809783035,0.06600540413745026,0.0322774686961199,0.026030681654209673,61.913212993064114,-0.037644020628954444,0
2022-12-05,MSFT,243.2742919921875,-0.018900439331724472,0.03491065574297236,0.13331718765849643,0.015490099802894841,0.030874879896487517,0.04684323467038132,0.031346231420959575,0.026102762629720416,63.180475734355014,0.009232511567296653,0
2022-12-06,MSFT,238.33489990234375,-0.02030379802729987,0.01993086326110194,0.07873250941951904,0.020711911729803134,0.006235626675298089,0.027076690154379968,0.03344903577837239,0.026189401681847947,54.781509839110335,0.048139711883518066,1
2022-12-07,MSFT,237.6056671142578,-0.0030596978805232933,-0.042212115750943524,0.07073317294055737,0.024588551262968217,-0.00015608550573198432,0.02442862784077704,0.010227626105980239,0.02623817040098453,53.27057088887455,0.05258428337258714,1
2022-12-08,MSFT,240.55178833007812,0.012399204327073532,-0.028623045861090435,0.10506081450699156,0.02981448562885536,0.007393794598663073,0.03742872241032291,0.013883564668212963,0.025738130354650956,56.59900554150626,0.006507725247675067,0
2022-12-09,MSFT,238.62661743164065,-0.008003145234554698,-0.037644020628954444,0.01288851294460236,0.030416705286343104,-0.0013034957973651062,0.029073561441467666,0.013321298408922187,0.018402176820622167,54.68123483065969,-0.002974364640799254,0
2022-12-12,MSFT,245.52032470703125,0.028889096068109188,0.009232511567296653,0.024732407892717356,0.03108499686931787,0.026275343444060795,0.05817710928207753,0.01906756784575608,0.019130826520576245,60.23081180760835,-0.047760406502751485,0
2022-12-13,MSFT,249.8082733154297,0.017464739888704006,0.048139711883518066,0.0666281880233559,0.03350304985022334,0.04080454119481347,0.0756746676228024,0.015098662047699218,0.018583186341789355,61.313038977979694,-0.05885104146337816,0
2022-12-14,MSFT,250.09999084472656,0.001167765684559674,0.05258428337258714,0.06602019503544021,0.03572113418920764,0.03866849447565501,0.07577091114492229,0.014314875043818598,0.01858629686527458,59.58252345400145,-0.04972419173410447,0
2022-12-15,MSFT,242.1172332763672,-0.03191826413666454,0.006507725247675067,0.03011627423093932,0.03646817346158926,0.004040207332210333,0.040655719775611665,0.023517195954987722,0.020195100513223374,51.30094817348268,-0.043452186070870535,0
2022-12-16,MSFT,237.91685485839844,-0.01734853137518788,-0.002974364640799254,0.012454747670047173,0.03678032688944777,-0.013976781929542215,0.02228947435167461,0.024799690893997122,0.020638080112215244,52.569766091111454,-0.024357497528078143,0
2022-12-19,MSFT,233.7941741943359,-0.017328241273684597,-0.047760406502751485,-0.003192179664019301,0.036388643650327124,-0.030912479780126678,0.0043513006591335834,0.019146246420834373,0.0210296441556968,50.10029266675127,-0.01451442001287695,0
2022-12-20,MSFT,235.10679626464844,0.005614434469275675,-0.05885104146337816,-0.0010329429843610738,0.03597457640177759,-0.025422498624246948,0.009637514158448601,0.015308376284982727,0.021053708534049923,35.61258122903162,-0.030066214480451325,0
2022-12-21,MSFT,237.6639709472656,0.010876651476032562,-0.04972419173410447,-0.0024488621654894516,0.03522365861220633,-0.014703212442024771,0.02000254523462086,0.017802789920358317,0.021012511651266958,39.4313525865494,-0.01399167643946464,0
2022-12-22,MSFT,231.59671020507812,-0.02552873587866511,-0.043452186070870535,-0.03792727217638803,0.033422742070674305,-0.03803601868847406,-0.0058845446598200235,0.015973330237296104,0.021611246182824652,34.54542310402617,0.006843426919706186,0
2022-12-23,MSFT,232.12179565429688,0.002267240535298587,-0.024357497528078143,-0.03539524591935239,0.03145855959676491,-0.03414649858158303,-0.0037621386454677053,0.0157384807855436,0.021627890474397442,38.568869865070454,0.0035604661322843345,0
2022-12-27,MSFT,230.4007873535156,-0.007414246886769726,-0.01451442001287695,-0.019854387526564654,0.030119247296175544,-0.04037578844635048,-0.011472629507168652,0.014330128393202253,0.0210811364419739,41.293224934427464,-0.03317013637363653,0
2022-12-28,MSFT,228.03802490234375,-0.010255010316204127,-0.030066214480451325,-0.024133604896708016,0.0293054555543375,-0.04909998115245884,-0.021233422913503386,0.013735399318851222,0.02115881618314473,39.864011822584914,-0.05210429115338555,0
2022-12-29,MSFT,234.33865356445312,0.02762972826486987,-0.01399167643946464,-0.05538143967189091,0.02686916336422751,-0.02001971552675119,0.006311534830482746,0.019653316916580926,0.01677344413234631,43.854575924928696,-0.06671920085523664,0
2022-12-30,MSFT,233.18162536621097,-0.00493741933156544,0.006843426919706186,-0.05838464730686732,0.024383506315794667,-0.02190132853403437,0.0019481465991264546,0.01534948691740975,0.016779022605995085,44.53124736595124,-0.05295635832213652,0
2023-01-03,MSFT,232.94825744628903,-0.001000798924681301,0.0035604661322843345,-0.06054424753465515,0.021621722229557827,-0.019793954054661778,0.0013997887985015556,0.015375972994341059,0.01675686088466026,35.42281846422114,-0.04478663310908826,0
2023-01-04,MSFT,222.75836181640625,-0.04374317173088227,-0.03317013637363653,-0.08433250389005387,0.01752970488235439,-0.05860787440151871,-0.04210554826120516,0.025488564544500394,0.018795507299371322,22.411769447853487,0.029113772658536874,1
2023-01-05,MSFT,216.15626525878903,-0.029637929206260516,-0.05210429115338555,-0.09305659663205967,0.013205649671329756,-0.08220762555878314,-0.07008758099089452,0.027596606452493084,0.01932417856442214,19.32874257738628,0.07287129473302212,1
2023-01-06,MSFT,218.70376586914065,0.011785458114302871,-0.06671920085523664,-0.07955155899555111,0.009129019584518616,-0.06764964687880137,-0.05913820224552524,0.022605221594635138,0.01967220325731244,26.53937220603069,0.06357537900379318,1
2023-01-09,MSFT,220.8331756591797,0.00973650262297343,-0.05295635832213652,-0.08197242185471154,0.004747152840263835,-0.05459820134662241,-0.05011023451295449,0.02483815307466209,0.019564441124074405,32.14069912489754,0.058251211623571164,1
2023-01-10,MSFT,222.51528930664065,0.00761712384219404,-0.04478663310908826,-0.06751689437837094,0.0016124539663080473,-0.04410036259163519,-0.04255901842990373,0.02594281114467325,0.019710994513074818,37.575024079313046,0.030412825773334262,1
2023-01-11,MSFT,229.2436981201172,0.030237961779805422,0.029113772658536874,-0.06629441618055965,-0.002435501783921934,-0.011740829154714305,-0.014147736128285127,0.02183789850433533,0.019828896208097937,44.229659099305174,-0.016286917050809202,0
2023-01-12,MSFT,231.90785217285156,0.011621493086097612,0.07287129473302212,-0.0716566385292432,-0.006398578902600094,0.0036165672393222437,-0.0028051525541151756,0.009123486112643776,0.019548909965786863,44.346850053274665,0.007169611522015451,0
2023-01-13,MSFT,232.60794067382812,0.003018821891613843,0.06357537900379318,-0.06994022715401971,-0.0102559051197475,0.010470914683414989,0.0001076208561574532,0.010449459590948382,0.01957667342448175,51.110179707324775,0.014003101771074222,1
2023-01-17,MSFT,233.6969757080078,0.004681848053101456,0.058251211623571164,-0.034777605271690826,-0.012378106733707095,0.01706191063428264,0.004472609749663459,0.011006809754409052,0.01845237191372767,51.70816040369314,0.007031278310659861,0
2023-01-18,MSFT,229.28260803222656,-0.01888928028446879,0.030412825773334262,-0.036291026254994585,-0.01425590714618985,-0.00027133112968436013,-0.014523370204483466,0.017671242102838842,0.018524632781538618,48.85434459806151,0.020355357768547355,1
2023-01-19,MSFT,225.5100250244141,-0.016453855964872033,-0.016286917050809202,-0.035433514109020625,-0.01538403507300734,-0.014941661403288453,-0.030095833433218533,0.013622518650749269,0.018486757239167956,47.482607312267945,0.06928806196619863,1
2023-01-20,MSFT,233.5705413818359,0.03574349458100223,0.007169611522015451,-0.00653428530021416,-0.015279600732079679,0.02061020976854655,0.005015693260199017,0.021926236257157745,0.020252191191027218,49.26101229527327,0.03305309846380933,1
2023-01-23,MSFT,235.86517333984375,0.009824149674151794,0.014003101771074222,-0.007568659230308694,-0.015160098061017258,0.031042038238720426,0.015411339833990567,0.022243681228955495,0.02022342622808196,52.52649262447285,0.000536174298050307,0
2023-01-24,MSFT,235.3401641845703,-0.0022258867124778092,0.007031278310659861,0.016163675106513287,-0.015135532235440952,0.027906031309152368,0.012348126437268458,0.02232601952094345,0.01933833616744349,52.239620986338515,0.023839004650964446,1
2023-01-25,MSFT,233.94973754882812,-0.005908156988671531,0.020355357768547355,0.007874925701736535,-0.015737064487839958,0.02142524887910735,0.005351013867988863,0.019979186994529774,0.019396020507023055,62.546289200418215,0.05045522050752238,1
2023-01-26,MSFT,241.1351776123047,0.030713606002558125,0.06928806196619863,0.04659007628441292,-0.014308755916402682,0.050335630109125784,0.03530663394759337,0.018897681430070007,0.020416700096277295,77.64151727128379,0.06693568672093675,1
2023-01-27,MSFT,241.290771484375,0.0006452558005471953,0.03305309846380933,0.05811638908777028,-0.01260981467521205,0.04798854231909555,0.03477360101870608,0.014677107191089974,0.020203284339100562,76.3917583855667,0.041062130752271164,1
2023-01-30,MSFT,235.99163818359375,-0.0219616078484145,0.000536174298050307,0.0070538282694621035,-0.01329638761519214,0.02460522936126197,0.010981681079121675,0.01914155112998092,0.02006705935526334,66.49039069655956,0.05792907101459277,1
2023-01-31,MSFT,240.950439453125,0.021012614293026255,0.023839004650964446,0.03331657918891828,-0.013572280817692794,0.04437353461269633,0.030199003722366502,0.02110937987910827,0.020527684399387305,68.72037767821118,0.07969829258926397,1
2023-02-01,MSFT,245.75372314453125,0.01993473721113803,0.05045522050752238,0.054971287781342415,-0.013507418309432806,0.062244909730047926,0.04789672338725848,0.020964625058411606,0.02090546178585799,67.44763858846478,0.05531141862926181,1
2023-02-02,MSFT,257.2757263183594,0.046884348389106156,0.06693568672093675,0.1549542931654424,-0.00914937471953392,0.10381324924545665,0.09371404820772389,0.02566581435252147,0.020071366441404306,72.58096982601137,-0.0037039712535960057,0
2023-02-03,MSFT,251.1986846923828,-0.023620734505114926,0.041062130752271164,0.16211614033782418,-0.003836558713792959,0.06969913881021639,0.06559517525807723,0.03049719456900993,0.019524308236039196,65.10267128553372,0.018385904449715884,1
2023-02-06,MSFT,249.66241455078125,-0.006115757108692166,0.05792907101459277,0.14155516965430048,0.0007661680702817364,0.05619501641688207,0.05700423931445142,0.02719097630438498,0.019737284258174035,62.87637115358915,0.05666550706043738,1
2023-02-07,MSFT,260.1537780761719,0.04202219843250243,0.07969829258926397,0.17805568524575843,0.0060747039053583585,0.09150034333938928,0.0981308847377731,0.03043529603722364,0.021250270284418723,72.67534794100119,0.01722954152506384,1
2023-02-08,MSFT,259.3467102050781,-0.0031022723446955114,0.05531141862926181,0.16552310186506491,0.012156509353068223,0.07977136988672529,0.09289762064392848,0.03138572010966578,0.021406699043232356,75.98560990900727,0.012239427940241576,1
2023-02-09,MSFT,256.3227844238281,-0.011659780757808047,-0.0037039712535960057,0.11812357995342704,0.01666765608144205,0.06119939448151568,0.07888710102256824,0.0250277589263981,0.021154546383570613,68.93811057708308,-0.00308529934749624,0
2023-02-10,MSFT,255.81719970703125,-0.001972453279693198,0.018385904449715884,0.1030984820486327,0.020152715471433158,0.053890164849140554,0.07512891347948703,0.021674986627408906,0.02117631238706692,67.11710956931535,-0.016699496505745426,0
2023-02-13,MSFT,263.8096618652344,0.031242864699309925,0.05666550706043738,0.13413867601002716,0.024613748187453766,0.07987625422851252,0.10645605642370404,0.023729233760264354,0.021954454955563946,71.65033568993572,-0.0664054605723976,0
2023-02-14,MSFT,264.6361083984375,0.0031327379268819566,0.01722954152506384,0.13238995753666294,0.028973038397426043,0.0764428651301039,0.10763068559415379,0.016379515706831157,0.02196408521986364,73.5381184037364,-0.07359377673959899,0
2023-02-15,MSFT,262.5209655761719,-0.007992646336383746,0.012239427940241576,0.144966763197641,0.033943284127406326,0.06066903696668624,0.09667162745358882,0.017008364946887497,0.02143080116071372,67.78765770163204,-0.054024993586007986,0
2023-02-16,MSFT,255.53195190429688,-0.026622687664338618,-0.00308529934749624,0.13312901223186224,0.038696158526363655,0.02620731994146519,0.0659176010748348,0.020985068234467573,0.02212605311875861,60.63607442460057,-0.04932283930616843,0
2023-02-17,MSFT,251.5451812744141,-0.015601847832226956,-0.016699496505745426,0.0769559371067845,0.041272687935020924,0.006563623521948392,0.04810720984231365,0.022089630287176122,0.021524822171974954,61.848480994972206,-0.03061303533792159,0
2023-02-21,MSFT,246.291259765625,-0.02088659175330221,-0.0664054605723976,0.04420358579500383,0.04286224889477719,-0.01651162733025513,0.02564289608423498,0.011598695766955604,0.022168130570374787,54.05035354498511,-0.01286269254140282,0
2023-02-22,MSFT,245.16053771972656,-0.004590995421333455,-0.07359377673959899,0.04172842136480548,0.044585576463112675,-0.02294256574318565,0.02062010320072405,0.009047857380574748,0.02220036787354226,49.523605048181146,-0.020834151529849465,0
2023-02-23,MSFT,248.33827209472656,0.012961851057093243,-0.054024993586007986,0.06150267444901658,0.04702129049791193,-0.013107698090335962,0.0332972515279113,0.01563827215383553,0.02223512100466105,41.711297145734285,-0.014365874439949522,0
2023-02-24,MSFT,242.9283905029297,-0.021784324849185244,-0.04932283930616843,0.007436546207737926,0.04682372718569061,-0.03495033739327147,0.01023688472926887,0.014536771490026936,0.021915204609580203,42.23392701064607,0.024355683580126408,1
2023-02-27,MSFT,243.84461975097656,0.003771602183466616,-0.03061303533792159,0.010584110825668125,0.04661721686743259,-0.031801688889970814,0.013333021749727392,0.015229256136487661,0.021926719406959668,44.47253701526422,0.02682295866094142,1
2023-02-28,MSFT,243.123291015625,-0.0029581490708641134,-0.01286269254140282,0.030219938667839896,0.0484588134773738,-0.03603058137134074,0.01068223288387804,0.012795186387147564,0.02129321453571295,30.130675996020827,0.018963960322664564,1
2023-03-01,MSFT,240.0528259277344,-0.012629251089288918,-0.020834151529849465,-0.0037253035413750135,0.048823580758943885,-0.048035391844414854,-0.0015570709184741238,0.013600113525930529,0.0210144867278758,28.619189978897268,0.03017022137283365,1
2023-03-02,MSFT,244.7706756591797,0.019653381347260357,-0.014365874439949522,-0.004000132623721897,0.04885109339496174,-0.029136826816067662,0.018290900730869586,0.015846005016829274,0.02100054348250399,37.66157655233601,0.004818627129200559,0
2023-03-03,MSFT,248.84507751464844,0.016645792411595695,0.024355683580126408,-0.03276892431460343,0.04669314737009356,-0.011322997260371781,0.03484144372997222,0.013471490985454053,0.018371965320904397,43.08079176003577,-0.026244593937410188,0
2023-03-06,MSFT,250.38525390625,0.0061892982050686385,0.02682295866094142,-0.0032381968366153036,0.04565067850348803,-0.005043004803294671,0.04037745710922658,0.01346440039349567,0.017679513497457503,34.72071224681329,-0.011484560413737466,0
2023-03-07,MSFT,247.73387145996097,-0.010589211644555396,0.018963960322664564,-0.007724603217870496,0.04451739288479972,-0.015201466782328477,0.028639196433297043,0.01499173064430903,0.01778872233736048,31.529636653892936,0.026126595401788633,1
2023-03-08,MSFT,247.29527282714844,-0.0017704427344865659,0.03017022137283365,-0.04942655587826417,0.04136186884245774,-0.014426091750747938,0.026339086976806092,0.012603193608949853,0.014748456696562398,32.72888022994209,0.0462751214108843,1
2023-03-09,MSFT,245.95013427734375,-0.005439402599276111,0.004818627129200559,-0.051655083332813656,0.03805605386027122,-0.017163298522449688,0.02023958792483138,0.01066736215854445,0.014763330437264868,37.53490680270757,0.09464178872243645,1
2023-03-10,MSFT,242.31423950195312,-0.014783056679654516,-0.026244593937410188,-0.05465196920891724,0.03538007009926747,-0.028974764381185292,0.005380176523166025,0.008099120429485336,0.01488087003411742,37.880726244112694,0.12405957416689573,1
2023-03-13,MSFT,247.5096893310547,0.021440959638938883,-0.011484560413737466,-0.032474401195426106,0.03382097137003526,-0.006501339932487027,0.027099749805824525,0.014126937246123189,0.01583179325943785,51.602132083050606,0.07210947428902226,1
2023-03-14,MSFT,254.2063140869141,0.027056010509965978,0.026126595401788633,-0.03640256278113918,0.03153544496141669,0.02234922749637791,0.05458946529143671,0.01804514936426729,0.015397345106212193,60.37570139912283,0.04980994515796078,1
2023-03-15,MSFT,258.7388916015625,0.017830310513446523,0.0462751214108843,-0.02228424848205568,0.029129455362221224,0.04181346697181865,0.07216092585373524,0.01825279007735104,0.015981789949588262,61.570128270110395,0.02580606428887866,1
2023-03-16,MSFT,269.227294921875,0.04053663233768434,0.09464178872243645,0.025545880996530324,0.028295351423518023,0.08258342268640284,0.1132155010765894,0.020467308896722672,0.018370538711417094,76.28601329853191,0.0052859656043273695,0
2023-03-17,MSFT,272.3756408691406,0.011694007281762397,0.12405957416689573,0.06591617541101913,0.029041632676423346,0.09154665180509602,0.12324694871599928,0.010936575140753437,0.01725611580179795,77.29894463471305,0.0040801303723556615,0
2023-03-20,MSFT,265.35748291015625,-0.025766466988713432,0.07210947428902226,0.054909824015567654,0.02974862548982138,0.060486303367780936,0.09203431324375422,0.024877943431131,0.017977866008473554,68.98623011653848,0.015244328099738302,1
2023-03-21,MSFT,266.8683166503906,0.005693578804204735,0.04980994515796078,0.08354765371839457,0.03191567382957561,0.062156939034181624,0.09605639345621708,0.02395023347381748,0.017093112977753865,73.52490450177609,0.005296440454897411,0
2023-03-22,MSFT,265.4159240722656,-0.005442356726174102,0.02580606428887866,0.08262090849097214,0.03368226578167288,0.0521352482838624,0.08757354735482581,0.024306237944777553,0.01711709146235324,69.21261079143903,0.030188398520020865,1
2023-03-23,MSFT,270.6504211425781,0.019721865176737907,0.0052859656043273695,0.08984579323859032,0.03552885430470032,0.0681615023387323,0.10611205672921487,0.017640048176513046,0.0173659025935568,69.86331759040647,0.023013476762532514,1
2023-03-24,MSFT,273.4869689941406,0.010480485637479164,0.0040801303723556615,0.1257925367551571,0.03872485503205936,0.07288663782809701,0.11443401734382364,0.0174667230778395,0.01626388408377766,70.55867120389557,0.027550707623096304,1
2023-03-27,MSFT,269.4026794433594,-0.014934128546610026,0.015244328099738302,0.10481289158023532,0.041007703279293484,0.05159216837497538,0.09471554798652515,0.013561767920045096,0.01692714988221026,68.80393385975822,0.03925774375843005,1
2023-03-28,MSFT,268.2817687988281,-0.004160725672243792,0.005296440454897411,0.10348032752479575,0.04371997061574873,0.04209985588330145,0.08766043096119547,0.013805188006693442,0.01695950341959906,67.99869031052256,0.04341787341385683,1
2023-03-29,MSFT,273.42840576171875,0.019183699980559688,0.030188398520020865,0.13903431340579897,0.04763648615724492,0.05525092481509919,0.10551937088747332,0.015195685290215259,0.01670189625327415,72.12365549125676,0.01365369071426703,1
2023-03-30,MSFT,276.8790283203125,0.012619839365193064,0.023013476762532514,0.13117728492052172,0.05101611760463953,0.06198811435944629,0.11616662489633733,0.01387360421054358,0.01648661325782345,77.91251596329587,0.026579858944983936,1
2023-03-31,MSFT,281.021728515625,0.014962130647612426,0.027550707623096304,0.12930394815257085,0.05337819704214297,0.07126715959972452,0.1284494691296152,0.01447709456783866,0.016435279876481603,77.53047130268533,0.0037809550286038718,0
2023-04-03,MSFT,279.97882080078125,-0.0037111283897955927,0.03925774375843005,0.11819213165649023,0.05481439936764332,0.061305153084805,0.11947995759693342,0.010950780480961937,0.016584865192149766,73.34050811017869,-0.015318912105560467,0
2023-04-04,MSFT,279.92999267578125,-0.00017439935228080738,0.04341787341385683,0.12996253207556996,0.056938639910653066,0.05468413581868958,0.11473641604754836,0.00996495877092692,0.0162046056241767,70.8877795104296,-0.012849042151608647,0
2023-04-05,MSFT,277.1617126464844,-0.009889186945763018,0.01365369071426703,0.12077238467963602,0.05892652203941329,0.03841170362543034,0.09960169376509875,0.010684059934144985,0.016514867548130106,59.22479046904704,0.019343131798104762,1
2023-04-06,MSFT,284.2384338378906,0.02553282386601685,0.026579858944983936,0.15567505044486518,0.06218659859311515,0.0573414724837098,0.12309394220890746,0.014530959296684333,0.016849686955593267,62.63765130589931,-0.018724007333106085,0
2023-04-10,MSFT,282.0842590332031,-0.007578759760251463,0.0037809550286038718,0.16412580462870174,0.06633305641683873,0.04162320154697774,0.1107172521402815,0.014295700483651481,0.016422202249902696,69.87953380372721,-0.002038765869945003,0
2023-04-11,MSFT,275.6898498535156,-0.022668436734482378,-0.015318912105560467,0.11385477715488057,0.06881015041540306,0.012742039004094874,0.0824289710399686,0.017870153452306962,0.017419080081052207,59.39382003995877,0.0195874274461314,1
2023-04-12,MSFT,276.3331604003906,0.002333457496591862,-0.012849042151608647,0.08704286670830408,0.0700921074985752,0.010996408734369467,0.08185927769605228,0.01800243510888295,0.016673813339616025,61.82931523192647,0.01749641215763642,1
2023-04-13,MSFT,282.52288818359375,0.02239951142394414,0.019343131798104762,0.09192277370754431,0.07133468669558152,0.029164521348745698,0.10257965003736658,0.020311665456596077,0.016898557747856976,62.6034502308253,-0.012869057250659233,0
2023-04-14,MSFT,278.9163513183594,-0.012765467918092077,-0.018724007333106085,0.035988388173257,0.06977171280349492,0.014236882329738965,0.08500192679836172,0.017136266200067536,0.01502191861440794,55.6709588003616,-0.0013279674854212997,0
2023-04-17,MSFT,281.5091552734375,0.009295991227558531,-0.002038765869945003,0.033532787202086745,0.06767184745174148,0.021968106767902063,0.09112657658964451,0.017818663040219812,0.014948826212089024,63.05179923052273,-0.024342261882822402,0
2023-04-18,MSFT,281.08990478515625,-0.0014892961043274644,0.0195874274461314,0.059287651143143494,0.06744400425163333,0.017540318308722602,0.08616731186294446,0.013043868256708962,0.01351301025745035,64.02036157224262,-0.04490718132304916,0
2023-04-19,MSFT,281.1679992675781,0.0002778274178205642,0.01749641215763642,0.05358329080300939,0.06709344409379003,0.015195460082896517,0.08330841992823768,0.013139790813696818,0.013509832706303007,59.529554993593386,0.023990284493753844,1
2023-04-20,MSFT,278.8870849609375,-0.008112282736948195,-0.012869057250659233,0.0507549083038592,0.06670569819866001,0.004516949071545762,0.07152395351175111,0.008437173832510747,0.01360736140791765,52.54579726787203,0.06542915019983431,1
2023-04-21,MSFT,278.54595947265625,-0.001223167033098771,-0.0013279674854212997,0.029172459058982136,0.06518059712933888,0.0018636691772291325,0.06716574137639131,0.006239049384159006,0.013010426516176994,46.52641476472824,0.07523779514722384,1
2023-04-24,MSFT,274.6565856933594,-0.013963131207001656,-0.024342261882822402,0.004276681640520197,0.06312906952624386,-0.012333232170054442,0.0500172518850428,0.006008764139934567,0.013269798402655415,43.08505196946303,0.08443083053711309,1
2023-04-25,MSFT,268.4669494628906,-0.022535910489250632,-0.04490718132304916,-0.003473350682339782,0.06111279800406377,-0.03442874995455947,0.024580010807998764,0.0094225371279105,0.01382622402040271,37.15606964878123,0.1088881879022976,1
2023-04-26,MSFT,287.9132995605469,0.07243480114241874,0.023990284493753844,0.07317504595863733,0.06135369903549148,0.03186935237086774,0.09517835406017738,0.038325665959795016,0.02125166925794661,58.76929923863402,0.030571710186920287,1
2023-04-27,MSFT,297.1344299316406,0.03202745543595342,0.06542915019983431,0.08669920048680191,0.06207936007421644,0.06041279377748321,0.1262425414297017,0.03900655058172961,0.0219260648370726,60.16283586641052,0.001902839634073894,0
2023-04-28,MSFT,299.5031433105469,0.00797185765194297,0.07523779514722384,0.08171119036166674,0.06275844459893953,0.06456854256541211,0.13137920846577722,0.0383592168819938,0.02185875787967953,63.68088872014942,0.011032982175985362,1
2023-05-01,MSFT,297.8460693359375,-0.005532743183570554,0.08443083053711309,0.05986846963464276,0.06322042306880382,0.055522479744896325,0.12225305747300164,0.03691571871969249,0.021805850890840445,68.80066168675222,0.010112379121746118,1
2023-05-02,MSFT,297.6998291015625,-0.0004909926617499005,0.1088881879022976,0.0632941029257017,0.06345348132367867,0.05170184869679528,0.11843599231115576,0.032024706977536344,0.021764517252929844,68.28493602885297,0.005206340771138684,0
2023-05-03,MSFT,296.7153015136719,-0.003307115059023924,0.030571710186920287,0.059962523763331,0.06347329520735623,0.045125034610586034,0.11146256446102232,0.015354045334429715,0.021802021672372558,63.333277904277075,0.02598560677222861,1
2023-05-04,MSFT,297.6998291015625,0.0033180883590031574,0.001902839634073894,0.0741015642419347,0.06482396377108568,0.044813670146448326,0.11254263364755679,0.005375452190200161,0.021585685482106716,68.56083611320025,0.015389192117131856,1
2023-05-05,MSFT,302.80755615234375,0.01715730595545195,0.011032982175985362,0.06532938583894543,0.06540968154776117,0.05928813642900321,0.12857583610014567,0.008976803709924121,0.021219933324047698,70.04944664117919,-0.005408067686863638,0
2023-05-08,MSFT,300.8580017089844,-0.0064382622023426705,0.010112379121746118,0.06655366995707279,0.06595932661656367,0.04902344535900993,0.11821632541987803,0.009179387750600267,0.021190452757179797,68.08774901471959,0.002624533208094748,0
2023-05-09,MSFT,299.249755859375,-0.005345531248874713,0.005206340771138684,0.08545801021828558,0.0674656638596578,0.03914766081045551,0.1092544475952435,0.009753810217863762,0.02040690394654967,66.09409114886512,0.015439306631900962,1
2023-05-10,MSFT,304.4256286621094,0.017296163827671185,0.02598560677222861,0.10166158929682712,0.06998744086452446,0.051989776966021584,0.12561584927151515,0.011613497351719446,0.02060430863551226,71.61714995125564,0.007609204184806595,0
2023-05-11,MSFT,302.28118896484375,-0.00704421538583988,0.015389192117131856,0.06993522156127163,0.07115530915450963,0.041025385122060776,0.11509986823811347,0.01288745824210629,0.020349651092439837,69.49556324259287,0.02936462345345614,1
2023-05-12,MSFT,301.1699523925781,-0.003676168457822482,-0.005408067686863638,0.07978593212277518,0.07271091513672623,0.03323907388614278,0.10836683250342749,0.010330703167620248,0.020064982533982322,72.81886633474569,0.03257904228271569,1
2023-05-15,MSFT,301.6476135253906,0.0015860185553633332,0.002624533208094748,0.07153748954413963,0.07338045003952587,0.03131513040904288,0.10699349881103082,0.009896923195953106,0.020032543386375983,81.67103214921562,0.04014107498197417,1
2023-05-16,MSFT,303.8699645996094,0.007367374958634265,0.015439306631900962,0.0810418995013873,0.07412279032587699,0.034883191113442624,0.11159162090011887,0.009628799130977628,0.0200109399879485,72.69195382345282,0.013502576173187508,1
2023-05-17,MSFT,306.7420654296875,0.009451743063394025,0.007609204184806595,0.0909565321399588,0.07483900767224294,0.04013500767629763,0.11797767949595239,0.007025902354718628,0.02002413568466654,66.67397556286446,-0.0004778474955140499,0
2023-05-18,MSFT,311.1575622558594,0.014394820025700028,0.02936462345345614,0.11571162321640616,0.07640451678130522,0.04936615049180859,0.1295424641467937,0.00702166587235469,0.01990734448274847,68.88452850491137,0.023232615186468575,1
2023-05-19,MSFT,310.9817810058594,-0.0005649268130448748,0.03257904228271569,0.11644692888243902,0.07820535768073622,0.04306835226932604,0.1246418858440046,0.006038204872700867,0.019895885099543893,72.3580774684833,0.0457059399223827,1
2023-05-22,MSFT,313.7560729980469,0.00892107564376965,0.04014107498197417,0.142357727217727,0.08066197493830263,0.045517966286365175,0.12985151028050113,0.005421505374942296,0.019355927784782997,75.0848907362537,0.03122867762282433,1
2023-05-23,MSFT,307.9729919433594,-0.018431774083058183,0.013502576173187508,0.14715421231368198,0.08360453342117191,0.019536394812342373,0.10477425940653173,0.013021650946815237,0.01904728851577248,65.29479078561123,0.041647958972850674,1
2023-05-24,MSFT,306.5954895019531,-0.00447280273738937,-0.0004778474955140499,0.06488824924003711,0.08284618656195653,0.011847229285014249,0.09567491361455938,0.01271659464649853,0.011368884165078723,61.95802979446463,0.05967827071679843,1
2023-05-25,MSFT,318.3865661621094,0.03845808912358817,0.023232615186468575,0.07152364078224815,0.08159723528886631,0.04708891762126788,0.13252847840077475,0.02123871013652338,0.012281139869593038,67.75236347880154,0.02908685617438156,1
2023-05-26,MSFT,325.19549560546875,0.021385730954152526,0.0457059399223827,0.08578324758442402,0.0810124989986516,0.06498237772972781,0.15125926153913904,0.022108042588378125,0.012887729394493737,74.96764344738327,0.009161875471916936,0
2023-05-30,MSFT,323.55426025390625,-0.0050469190801881725,0.03122867762282433,0.0863136820146273,0.08079884600774978,0.055165686791083024,0.14042185663077733,0.023011723596767994,0.012868860176436146,74.91693416680747,0.007457396210946543,0
2023-05-31,MSFT,320.7994384765625,-0.00851424974340298,0.041647958972850674,0.07759362658928293,0.08040075162644311,0.04225599316312123,0.1260541584006012,0.020644195468127128,0.01314571603315603,67.66322293236028,-0.015256247267397272,0
2023-06-01,MSFT,324.892578125,0.012759185826120234,0.05967827071679843,0.0949640159020575,0.08046886314869095,0.05074475218700414,0.13529698785494526,0.019364575041548773,0.013177817054655936,73.40786224640667,-0.022009603534822175,0
2023-06-02,MSFT,327.6474304199219,0.008479271243500008,0.02908685617438156,0.10059663590919476,0.0806442057447998,0.05454742256006484,0.13959056187264696,0.012460701987635858,0.013201328741208435,76.50805677936584,-0.025670919290921135,0
2023-06-05,MSFT,328.1748962402344,0.0016098579489436382,0.009161875471916936,0.08377380145404367,0.0799084025911101,0.05195072193889172,0.13601042373359373,0.008916279078008578,0.012894902154299866,76.53146064260608,-0.012174673959084559,0
2023-06-06,MSFT,325.9671325683594,-0.006727399618826513,0.007457396210946543,0.08345841133274123,0.07904658082800875,0.04068578399154266,0.12294843693238966,0.009266398818109728,0.012907504971015905,72.10709889208043,0.0018282434211369658,0
2023-06-07,MSFT,315.9052429199219,-0.030867804275719113,-0.015256247267397272,0.05565747919398034,0.07768338775390293,0.005887721713916383,0.08402848763670834,0.017261746772223453,0.01498444339457703,58.01434825616746,0.04316904960333123,1
2023-06-08,MSFT,317.7418212890625,0.0058137001847931025,-0.022009603534822175,0.0437420222649294,0.07605804026564944,0.009595275429181704,0.08638311353978367,0.015907987123383458,0.014615970901556299,56.030821471718006,0.07022056973246804,1
2023-06-09,MSFT,319.2364196777344,0.004703813878224716,-0.025670919290921135,0.05609092239895408,0.0752497561129708,0.011619241193722374,0.08774334237273851,0.015222300842275724,0.014458258828514009,57.38244336145609,0.04755342810866425,1
2023-06-12,MSFT,324.1794738769531,0.015483992096543053,-0.012174673959084559,0.07640045529635664,0.07581255140592846,0.02355157228244198,0.10114962847272335,0.017796597055946536,0.014638030049495996,58.97393320350557,0.01868298616370412,1
2023-06-13,MSFT,326.5630798339844,0.007352735595887783,0.0018282434211369658,0.08259792284581269,0.0767410222355811,0.027037771318172643,0.10585369976368209,0.018036952163298443,0.014649134716105613,67.00006697774106,-0.0021838515351021437,0
2023-06-14,MSFT,329.5425720214844,0.009123787627844271,0.04316904960333123,0.084485505027462,0.07718568050595143,0.03224108313299334,0.11191531358081375,0.004245839476738026,0.01467513531627429,70.3870759933931,0.007025544682288221,0
2023-06-15,MSFT,340.0538330078125,0.03189651923224912,0.07022056973246804,0.10859862839960188,0.07836743279573666,0.05963764161555951,0.14267872328269982,0.010913936609814955,0.01590713953038373,69.6979852923959,-0.037575460715556175,0
2023-06-16,MSFT,334.4172058105469,-0.016575690817565714,0.04755342810866425,0.07475197898472263,0.07810913969641264,0.0383106250026235,0.11941217465922294,0.01747924916009663,0.01647138290290535,58.56616148358387,-0.040107379115680075,0
2023-06-20,MSFT,330.2361145019531,-0.012502620188036606,0.01868298616370412,0.06191466726383865,0.07774899691338932,0.022273367279194378,0.1017540961564245,0.01943775878188931,0.01684756900495117,55.92717739870244,-0.010294074295245315,0
2023-06-21,MSFT,325.84991455078125,-0.013282011744193856,-0.0021838515351021437,0.03854536244405904,0.07663167835410278,0.006810896629343199,0.08396450542324896,0.02066248523842815,0.017175091370537087,54.35403737820093,0.006865590567036062,0
2023-06-22,MSFT,331.8577880859375,0.01843754829102462,0.007025544682288221,0.07755484009120805,0.07687551698589301,0.02160434043527193,0.1001407022612657,0.02209126455521121,0.01683836498966528,55.81283287354167,-0.013717552441919079,0
2023-06-23,MSFT,327.2761535644531,-0.013806017776198498,-0.037575460715556175,0.06745260374213125,0.07679359081981363,0.00430314560411893,0.08142719042669344,0.014605973390512183,0.017207206354897475,49.69931806543329,0.016476869804092242,1
2023-06-26,MSFT,321.0046081542969,-0.01916285479968871,-0.040107379115680075,0.008222840629696915,0.0744110464899943,-0.015337704260240281,0.057932047604995596,0.015045068962072047,0.015795937407857702,44.687354440168406,0.02857564148501912,1
2023-06-27,MSFT,326.8366394042969,0.018168060837297162,-0.010294074295245315,0.0050466375488151805,0.07174053885005738,0.0022994159709446294,0.07420491616179814,0.018612148732415373,0.01558732692719175,50.61140318877277,0.01070021680177824,1
2023-06-28,MSFT,328.0870666503906,0.003825847825301487,0.006865590567036062,0.014009416513098394,0.06972752502842061,0.0054352527614367485,0.07554176451281647,0.017545240315721335,0.015551349045429232,59.77736910894737,0.016138119390104233,1
2023-06-29,MSFT,327.3055114746094,-0.0023821578331646442,-0.013717552441919079,0.020280811677674482,0.06803223630879329,0.0020412070414530525,0.07021231123004568,0.014769299346557938,0.01541769862397288,57.8082417048504,0.0064766478258992954,0
2023-06-30,MSFT,332.66864013671875,0.016385696158756513,0.016476869804092242,0.023934255613333733,0.06623910652173337,0.017249502244982784,0.08463120038336847,0.015243158842269271,0.015582269586056989,60.31509592881961,-0.02557718702865075,0
2023-07-03,MSFT,330.1775207519531,-0.007488290401349018,0.02857564148501912,0.007721990460259676,0.06358749893851856,0.009241636264866848,0.07341678773956772,0.011318141985277601,0.015604045134420602,54.78636874599398,-0.016331805409558142,0
2023-07-05,MSFT,330.3338623046875,0.00047350756156361307,0.01070021680177824,0.006578705712068533,0.06128774168698259,0.009386460980871147,0.07124947766380418,0.008968143616741784,0.015601861194471583,53.11994206590206,-0.0028094911671615597,0
2023-07-06,MSFT,333.38177490234375,0.009226764027131296,0.016138119390104233,0.022746594957482102,0.05955231627165891,0.017547124160268934,0.07814441231957825,0.009526397232065987,0.015623767258095242,53.17296056391597,0.004072955462221861,0
2023-07-07,MSFT,329.42535400390625,-0.011867538048822346,0.0064766478258992954,0.04279799524381933,0.05867224955895378,0.003401024930076213,0.06227282027248382,0.011637250748279539,0.014068889375161245,40.14858279485458,0.023782795302470294,1
2023-07-10,MSFT,324.159912109375,-0.015983717799902042,-0.02557718702865075,0.020199074815756557,0.05699017112134386,-0.013601206797160925,0.04261382922135604,0.010078133383382381,0.01460747789820159,40.426757263435285,0.04188900244698024,1
2023-07-11,MSFT,324.7851257324219,0.0019287197450741367,-0.016331805409558142,0.017381181195707196,0.05549127905248663,-0.01253235858082724,0.04226348386446488,0.010401474228766491,0.014584619947816862,44.550847126700475,0.08127058539210363,1
2023-07-12,MSFT,329.4057922363281,0.014226841495546427,-0.0028094911671615597,0.016121681909320174,0.053485016386126016,0.0007211164786633528,0.05424470179146712,0.013099186268726975,0.014521312702044263,53.53809435606556,0.05302488825009588,1
2023-07-13,MSFT,334.7396240234375,0.01619228293132946,0.004072955462221861,0.025038176984397253,0.05180699457340365,0.015663621629024682,0.06828210136316293,0.014667880198413974,0.014858659491319412,52.90640842868293,0.012286178878391674,1
2023-07-14,MSFT,337.260009765625,0.00752939168627087,0.023782795302470294,0.023418636617418498,0.04990169811617995,0.022114250678832992,0.07311948745645358,0.01290643190578064,0.014818933691253124,60.50577872261168,-0.004258037218305533,0
2023-07-17,MSFT,337.7386474609375,0.001419194928106382,0.04188900244698024,-0.006808291282579981,0.04639417034157889,0.02392404808450399,0.07142815478817544,0.006817987598879989,0.01295238964035916,70.05367971954011,-0.0017934367155747477,0
2023-07-18,MSFT,351.18060302734375,0.039799873859449164,0.08127058539210363,0.050127197182233685,0.045058566661995814,0.06197752193909101,0.10982870690492463,0.014610163913376824,0.015161262792610472,74.67308364443922,-0.023672329473179432,0
2023-07-19,MSFT,346.87249755859375,-0.012267492656519385,0.05302488825009588,0.050377237152668286,0.04393039965316614,0.0463177723801671,0.09228293028503853,0.019368292041101246,0.015149056932109987,67.92820574356381,-0.048749559883860316,0
2023-07-20,MSFT,338.852294921875,-0.023121471702621688,0.012286178878391674,0.03990297308814372,0.042465370007625625,0.02012485925236729,0.06344483885449614,0.023938120305918676,0.01583514305744676,59.682128627615555,-0.046559232790490124,0
2023-07-21,MSFT,335.8239440917969,-0.008937082249291906,-0.004258037218305533,0.011951372389766846,0.039425640449872734,0.010404696257383383,0.05024054852088988,0.024233647476905127,0.015526617884443303,52.7535794962153,-0.01570798050467459,0
2023-07-24,MSFT,337.1329345703125,0.0038978473737352193,-0.0017934367155747477,0.030117626654146745,0.03830320361536521,0.012841237008750728,0.05163630113993545,0.024311054500602506,0.015155838289243056,56.19774481112399,-0.026628987038492702,0
2023-07-25,MSFT,342.8673400878906,0.017009330532737232,-0.023672329473179432,0.06810722144862491,0.03924216119265922,0.02669722557240628,0.06698704359437468,0.015490215669644552,0.014700005832922592,60.15834971988276,-0.041711863657009185,0
2023-07-26,MSFT,329.9626159667969,-0.03763765927015894,-0.048749559883860316,0.009564339445533143,0.03808857573297364,-0.01240747589751734,0.025208516750078624,0.021560982318054235,0.016883800879188417,47.61056156569756,-0.03040514825130647,0
2023-07-27,MSFT,323.0755920410156,-0.02087213397069887,-0.046559232790490124,-0.015274831344434636,0.03595656772970135,-0.03229488170208383,0.002500472926373787,0.021233420944602892,0.017527281915592347,45.73715228849253,-0.012276342197135026,0
2023-07-28,MSFT,330.548828125,0.02313154032086584,-0.01570798050467459,0.009909141571672553,0.03470197830690491,-0.01039105816287722,0.02395032986907375,0.025738762918770405,0.01830381521255777,54.16564856150695,-0.031297269869594246,0
2023-07-31,MSFT,328.1554260253906,-0.00724069152864848,-0.026628987038492702,-0.013566695404391926,0.03232725287994964,-0.016892332437351776,0.014888837740163474,0.02548471111982558,0.01799475317071675,52.14794898664918,-0.017296015241146212,0
2023-08-01,MSFT,328.5657043457031,0.0012502560913947303,-0.041711863657009185,-0.0048816660885308005,0.030438596117468686,-0.015425481593915658,0.014543584519398411,0.022907556658614586,0.017922829158435693,49.43423495115941,-0.030593953935195484,0
2023-08-02,MSFT,319.9300537109375,-0.026282872863929718,-0.03040514825130647,-0.031494829265047986,0.027926566909861394,-0.03980618414698733,-0.01299126730213307,0.019591627243099274,0.018852850041665547,40.45102608966685,-0.016091621589344296,0
2023-08-03,MSFT,319.1094055175781,-0.002565086286332008,-0.012276342197135026,-0.042810886674733095,0.024763310469144928,-0.04021353593133792,-0.01644604573752284,0.01774132110354706,0.018685682929831825,38.03450597088733,-0.011418555039569789,0
2023-08-04,MSFT,320.20355224609375,0.0034287511104256208,-0.031297269869594246,-0.027993600509884087,0.02224181402901504,-0.035585195113262746,-0.014134860376143199,0.011893307164647225,0.018574092969490915,38.5333257765584,-0.020654128738528676,0
2023-08-07,MSFT,322.4796447753906,0.007108267579578831,-0.017296015241146212,-0.0051834519668102486,0.021037225373934376,-0.0284840459615201,-0.00804604588203972,0.013257098342635486,0.018326390730191666,28.022172420481457,-0.0183875992203284,0
2023-08-08,MSFT,318.5135803222656,-0.012298650526880173,-0.030593953935195484,-0.019309829525023026,0.01922447086075918,-0.03952502402371583,-0.02106040083557148,0.013449166038274599,0.018518614666933594,28.169736048942227,-0.012850945568638972,0
2023-08-09,MSFT,314.7818603515625,-0.011716046665663171,-0.016091621589344296,-0.044394883846711086,0.016268560466003334,-0.04868041286375013,-0.03320381263793071,0.008745169576065713,0.018317304988123964,30.161097701953153,-0.0035740974206700526,0
2023-08-10,MSFT,315.46563720703125,0.0021722244563429083,-0.011418555039569789,-0.05757904183777396,0.012592496811155929,-0.043829134477834764,-0.03178855590282659,0.009082431630145427,0.017842179454100097,32.54608105032091,-0.01665715730153816,0
2023-08-11,MSFT,313.59002685546875,-0.005945529814810224,-0.020654128738528676,-0.07018318871130147,0.008458748830669771,-0.046092252048113846,-0.0380233860005591,0.008567199344112032,0.01768493847747363,30.010022792264937,-0.012024171936209194,0
2023-08-14,MSFT,316.5500183105469,0.0094390484441087,-0.0183875992203284,-0.06273676201904399,0.004704999019546907,-0.03397508275445116,-0.029429936465952933,0.009358809356545403,0.01789166493418594,26.5494455291539,-0.0045627416014965005,0
2023-08-15,MSFT,314.4203796386719,-0.00672765297326805,-0.012850945568638972,-0.10467612126575687,-0.001097055916532419,-0.035061716004625376,-0.03612030725817117,0.008352175594761613,0.014776014869404459,32.859319930102885,0.003985372312159452,0
2023-08-16,MSFT,313.65679931640625,-0.0024285331731458415,-0.0035740974206700526,-0.09575765872466346,-0.006324129136152767,-0.03247376011750425,-0.038592521001137525,0.006668694938806473,0.014699231775902726,37.9904728477718,0.020599234902518138,1
2023-08-17,MSFT,310.21087646484375,-0.010986284560298598,-0.01665715730153816,-0.08452478819314102,-0.010534450143343754,-0.03885747054959232,-0.04898257860673494,0.0077599126218577145,0.014148361426443597,21.099799478227084,0.009751411462283865,0
2023-08-18,MSFT,309.8193664550781,-0.0012620769917137675,-0.012024171936209194,-0.07743515045374627,-0.0146135405715615,-0.03618772416652272,-0.050272433962784246,0.007647080745681216,0.014120313632448114,22.37266345041448,0.02053818886442005,1
2023-08-21,MSFT,315.1056823730469,0.01706257416524415,-0.0045627416014965005,-0.0653369930331491,-0.01841646520411022,-0.01637248943630376,-0.0344874312584057,0.010733257485341341,0.014794970477677187,32.31767550907172,0.005654318101323774,0
2023-08-22,MSFT,315.6734619140625,0.0018018702066548986,0.003985372312159452,-0.07931311908231697,-0.02244724825567912,-0.010399868516201227,-0.032613668341470725,0.01023547897173404,0.014071060486071704,42.90397678479128,0.01845178087986965,1
2023-08-23,MSFT,320.1178894042969,0.014079192667276974,0.020599234902518138,-0.029835884691527093,-0.02370252122625771,0.005083851798537875,-0.018739169532885902,0.011502545814115882,0.012196795598853845,51.4999800281059,0.005474076618387613,0
2023-08-24,MSFT,313.2358703613281,-0.021498389408275198,0.009751411462283865,-0.030456406866038677,-0.02469647906879724,-0.01500230270905989,-0.039328277723019056,0.015294084086484895,0.012249990190709895,41.15876255126026,0.02434599073490329,1
2023-08-25,MSFT,316.1824951171875,0.009407047642597144,0.02053818886442005,-0.043462060020916904,-0.02666980101530103,-0.0034854456241901755,-0.03006229049824438,0.01546214319243691,0.011132531876990417,42.14329066074109,0.01758631779340858,1
2023-08-28,MSFT,316.88739013671875,0.002229392931034857,0.005654318101323774,-0.03433749679275466,-0.028000296045435635,0.000512764711759317,-0.027501888897407234,0.01369185835616572,0.011106431797894613,47.79133145156945,0.03042922962632244,1
2023-08-29,MSFT,321.4981994628906,0.014550308625984165,0.01845178087986965,-0.021510172210110978,-0.02877930008888352,0.016204330009162105,-0.013041319355794334,0.014959398613891336,0.011675146542081608,58.909289049412976,0.013611105916712773,1
2023-08-30,MSFT,321.8702392578125,0.0011572064650546832,0.005474076618387613,0.006064405404776263,-0.0281680052588541,0.017068423732872207,-0.011580364975449897,0.013800905443878018,0.010049457969952744,58.566616540371264,0.00340645208268775,0
2023-08-31,MSFT,320.8619079589844,-0.0031327260984215233,0.02434599073490329,0.005491854552402753,-0.02764485298228414,0.013601576798807358,-0.014419289774407096,0.007054973272291628,0.010058922407257599,59.95769281237489,0.019862082976388695,1
2023-09-01,MSFT,321.74298095703125,0.002745956987077136,0.01758631779340858,0.0048076565676398175,-0.027699004021047302,0.01613780670370213,-0.012008198490121913,0.006591160333744891,0.010048976994614628,57.54024628555476,0.028235754311395578,1
2023-09-05,MSFT,326.530029296875,0.014878485695646093,0.03042922962632244,0.012560124606641354,-0.027514516064397698,0.030597226516416498,0.002240842571506807,0.00820633106717195,0.010468012474903973,66.32363673162789,-0.005336393346527468,0
2023-09-06,MSFT,325.8741455078125,-0.002008647689999088,0.013611105916712773,0.023109109439225728,-0.02671539078578511,0.027333795202868716,-0.00011182860341962808,0.007191765415175122,0.010040891012373621,66.51676604115474,0.009553068837909962,0
2023-09-07,MSFT,322.9666748046875,-0.008922066212384783,0.00340645208268775,0.026001544193124282,-0.025399260999881546,0.016855957422957202,-0.008971432438912963,0.0089418310792413,0.00986984512480487,67.4994766677552,0.026643744309254425,1
2023-09-08,MSFT,327.2348937988281,0.01321566380408079,0.019862082976388695,0.03730757078962954,-0.023627099196845802,0.02838901885733547,0.004091169495846314,0.010098570871384658,0.010222040702465874,71.59506305144471,-0.012115921230891114,0
2023-09-11,MSFT,330.82763671875,0.010979094797056055,0.028235754311395578,0.05496861630496275,-0.021046830834202557,0.036871329695591815,0.015048474222653985,0.010509533250596314,0.010240404632779684,70.3497452613234,-0.026276963551698396,0
2023-09-12,MSFT,324.78753662109375,-0.01825754389072154,-0.005336393346527468,0.026022801560749098,-0.0190172855808034,0.01662824990487466,-0.0027052598530785676,0.013296457474375767,0.011120170355461948,60.33302332533402,-0.009404247330408122,0
2023-09-13,MSFT,328.98724365234375,0.01293062866556216,0.009553068837909962,0.04632926157780215,-0.01650752945845846,0.0274315423267828,0.01047118587527418,0.014624918185874766,0.011237334199736887,60.11168286242133,-0.04549790756321692,0
2023-09-14,MSFT,331.57171630859375,0.007855844583995797,0.026643744309254425,0.057116303651736144,-0.013823707495120519,0.032614222747291644,0.01833966577673185,0.013366156454315917,0.011243569709258357,73.17507056715239,-0.05659892155890023,0
2023-09-15,MSFT,323.2701416015625,-0.025037041154936657,-0.012115921230891114,0.04209802469062929,-0.011687785294389963,0.004717500492297022,-0.007025421934973242,0.017909939045820753,0.012519600006291199,57.89017729865181,-0.04000362128803814,0
2023-09-18,MSFT,322.1344909667969,-0.003513008127318251,-0.026276963551698396,0.039749369616971286,-0.009303248088413874,-0.0007244525559452208,-0.010020960882502705,0.016325044258890878,0.012561827437284874,55.785738850463936,-0.03500856361722193,0
2023-09-19,MSFT,321.733154296875,-0.0012458668077341972,-0.009404247330408122,0.02103253700129093,-0.008003236692127325,-0.0029942745343126687,-0.01097354733862066,0.014606747411340082,0.012065706734203447,50.285585411144325,-0.05023555966335291,0
2023-09-20,MSFT,314.0190124511719,-0.023976832174980034,-0.04549790756321692,-0.005241015360806678,-0.007902456564663929,-0.026649799750100733,-0.03434165742978246,0.014625980364959329,0.013301617232468458,41.90223724110319,-0.02487760908280312,0
2023-09-21,MSFT,312.80511474609375,-0.0038656821942171238,-0.05659892155890023,-0.02284400497520267,-0.008313679767734783,-0.0293123300597824,-0.037382316502153956,0.01189685974126535,0.012888085093221174,41.72530410498635,-0.0184332718894189,0
2023-09-22,MSFT,310.3381652832031,-0.007886538124202591,-0.04000362128803814,-0.00925087243291256,-0.007856364638560764,-0.036534517752752405,-0.04410385389795357,0.009193318501406849,0.012087360139479461,38.656258024879484,-0.003974664183210352,0
2023-09-25,MSFT,310.8570251464844,0.001671917673444323,-0.03500856361722193,-0.01684302595160847,-0.007838749068326378,-0.03412522908400761,-0.04169647904464535,0.010088564957202789,0.011879182302520488,32.96449888248402,0.013415453885825324,1
2023-09-26,MSFT,305.5707092285156,-0.01700561830789471,-0.05023555966335291,-0.03571199505073597,-0.00820222799578807,-0.04887833807508535,-0.05667965479792636,0.010277826556473016,0.012390231580426469,29.949773701382256,0.004004417882817801,0
2023-09-27,MSFT,306.20697021484375,0.0020822054179685523,-0.02487760908280312,-0.04756241022062668,-0.00934069258036807,-0.04462432376346437,-0.053548194253951076,0.007880764024577916,0.011828196653944864,32.6720171038981,0.019725846365132194,1
2023-09-28,MSFT,307.0390930175781,0.0027175175083393732,-0.0184332718894189,-0.046078029066722426,-0.010445272804451178,-0.03980649037126338,-0.04983597352439906,0.008631935565530628,0.011857771594135928,27.5223256439554,0.018237447616090474,1
2023-09-29,MSFT,309.10467529296875,0.0067274243650543575,-0.003974664183210352,-0.03664265646490683,-0.011026144246500502,-0.031566492190418405,-0.04224457974067142,0.009301439572293315,0.01202463576124761,24.971800915872507,0.0364528980992902,1
2023-10-02,MSFT,315.0273132324219,0.0191606223161771,0.013415453885825324,-0.020872771504240717,-0.011331453895909616,-0.011971278869562285,-0.02316708077088636,0.012998643853667832,0.012880655316404374,38.72419849906535,0.02492256230495271,1
2023-10-03,MSFT,306.7943420410156,-0.026134150423116176,0.004004417882817801,-0.060440650124451656,-0.013505934723661017,-0.03480541000281734,-0.047841265130949995,0.016605382378495306,0.013474858985209965,26.54660736803744,0.04786374505534985,1
2023-10-04,MSFT,312.2471618652344,0.017773534505045596,0.019725846365132194,-0.04181670694170314,-0.014981726636284165,-0.015540234169013956,-0.03028914126511406,0.018280408560640844,0.014256795031049155,30.745194866009655,0.042199474868094056,1
2023-10-05,MSFT,312.6387023925781,0.001253944231245585,0.018237447616090474,-0.031978446130255245,-0.015731239171858036,-0.01269833784840313,-0.028229816430482835,0.018318736310604152,0.014179500065879357,37.42469167354324,0.03694883472130783,1
2023-10-06,MSFT,320.3724365234375,0.024736969772693573,0.0364528980992902,-0.020971043753082785,-0.016065431580821965,0.012821976564079574,-0.0034494456039634303,0.020668801849330717,0.015019172244491528,48.19717175249557,0.0014361832446749823,0
2023-10-09,MSFT,322.87860107421875,0.007822659708111024,0.02492256230495271,-0.024027725504955466,-0.016568518115418707,0.022029117604717152,0.005095609655197952,0.019646919539884733,0.014903342934782859,51.12355985334511,0.00855002501870028,0
2023-10-10,MSFT,321.4786682128906,-0.004335787062600405,0.04786374505534985,-0.010187793665442757,-0.016253641469081703,0.018131001051846063,0.0015826647921921566,0.011862168463905925,0.014376047990070787,58.35164669963073,0.011175585684473965,1
2023-10-11,MSFT,325.423828125,0.012271918177466201,0.042199474868094056,-0.010831470204690885,-0.015492019259896406,0.031207302091225575,0.01523181870628254,0.011129639584897237,0.014344588032713126,63.31339227643585,-0.006949039563790005,0
2023-10-12,MSFT,324.1903381347656,-0.0037904107924161545,0.03694883472130783,-0.02226178473847351,-0.015482303779567497,0.028501445948620807,0.012577874124720001,0.012118388679916445,0.014225722919899089,65.00530250738517,0.0004831936985441043,0
2023-10-13,MSFT,320.8325500488281,-0.010357458847344403,0.0014361832446749823,-0.007540416633153746,-0.014938947096457267,0.01824250411713213,0.0030310332167622356,0.00937707556295578,0.0132682859684925,60.17982981193609,-0.0032343638724513513,0
2023-10-16,MSFT,325.63922119140625,0.014981868709538881,0.00855002501870028,0.010879711185507901,-0.013867776423777678,0.032923212167960125,0.01859886399868449,0.011181642838767835,0.013670581827140543,70.68199101648571,-0.009980838843673068,0
2023-10-17,MSFT,325.0713806152344,-0.001743772061898241,0.011175585684473965,0.010375761011185869,-0.012724871023852669,0.030576400705337514,0.017462448926135687,0.010884870301193988,0.013674630709555293,69.46853628747026,-0.004607611816027091,0
2023-10-18,MSFT,323.1624450683594,-0.005872358074900719,-0.006949039563790005,0.02911744911817804,-0.010276575220974804,0.023041716090581366,0.01252835094098148,0.00967505074639423,0.012511485728732468,66.2779047154255,0.03198929267577055,1
2023-10-19,MSFT,324.34698486328125,0.003665462410619158,0.0004831936985441043,0.03689795841911381,-0.008177584406735994,0.024919195485932022,0.016537832254761797,0.00978012657329255,0.012454366698942464,65.66713133338436,-0.01035255069483998,0
2023-10-20,MSFT,319.79486083984375,-0.014034735132057108,-0.0032343638724513513,0.030472228731554196,-0.006525419025310564,0.009027105639786148,0.00244278096759043,0.010846507292992372,0.012779925259905657,55.04249337503591,0.009611951020694898,0
2023-10-23,MSFT,322.3890686035156,0.00811209960303616,-0.009980838843673068,0.03709758031557131,-0.004293508362431586,0.015365166106747541,0.011005687275146503,0.008576777830428418,0.012863237484441178,68.72792814452018,0.024262202593798188,1
2023-10-24,MSFT,323.5735778808594,0.0036741607973083124,-0.004607611816027091,0.058915557377198224,-0.001231495024001772,0.01621480799068875,0.014963344511331078,0.00894747934799887,0.012070126737637863,65.15578677425415,0.022932965533164262,1
2023-10-25,MSFT,333.50018310546875,0.030678046364664535,0.03198929267577055,0.08913321885349412,0.0027903899007990507,0.04292049047468249,0.04583064527863945,0.01600655575963817,0.013564855881082138,72.2395770638471,0.01585119655377576,1
2023-10-26,MSFT,320.9891662597656,-0.03751427279350705,-0.01035255069483998,0.04543419245115099,0.004922079784286604,0.0016113412154221685,0.006541352149730839,0.025535447130919323,0.016489806786820035,50.59669295867467,0.06230758897006172,1
2023-10-27,MSFT,322.86871337890625,0.00585548459794305,0.009611951020694898,0.04452872824680498,0.006882285080818784,0.005317383889810401,0.012236264722442991,0.024691616305327443,0.016478783808011238,49.99031612472831,0.06970705012078726,1
2023-10-30,MSFT,330.2109375,0.022740587170108295,0.024262202593798188,0.04819780263426199,0.008734943350316104,0.025754147100730762,0.034714051467007456,0.026381839969144533,0.016689548009695625,57.66060309455821,0.056980216540090334,1
2023-10-31,MSFT,330.99407958984375,0.002371641883739173,0.022932965533164262,0.07887934760411208,0.012076394701953985,0.024336739983683575,0.036707034763439506,0.02640569610331573,0.015273589967610576,55.17367465084797,0.06630970603578423,1
2023-11-01,MSFT,338.78656005859375,0.02354265815994716,0.01585119655377576,0.08499484201817586,0.015158273498542263,0.04416437247060667,0.05999210160594992,0.024803475714287676,0.0156000949995488,62.0846393954661,0.04949853882741184,1
2023-11-02,MSFT,340.9892272949219,0.0065016370069319596,0.06230758897006172,0.09068143094690884,0.01820191811674432,0.04638159572857381,0.06542774785289351,0.010112871537437989,0.015592013614791895,67.0137275367814,0.03551329100414513,1
2023-11-03,MSFT,345.37493896484375,0.012861730866731147,0.06970705012078726,0.07804198985631872,0.0205184641301821,0.05578963836128681,0.07745282018502087,0.009479115767461651,0.014994061540661378,66.77763549231346,0.04781737535792718,1
2023-11-06,MSFT,349.02642822265625,0.010572536816819245,0.056980216540090334,0.08098346270531254,0.02271274143379176,0.06270479254076622,0.08684173171419585,0.007992282278740022,0.015044722049202633,69.35004607277082,0.028468820828864594,1
2023-11-07,MSFT,352.94219970703125,0.011219126025256099,0.06630970603578423,0.09787128853384686,0.02567429425197565,0.06950452867990076,0.09696330265304898,0.006372622934020749,0.014992595777933757,73.29964141651223,0.02701567891979484,1
2023-11-08,MSFT,355.5559997558594,0.007405745334498892,0.04949853882741184,0.09259362414999672,0.028166034742477475,0.07252847809989516,0.10273735247635307,0.002671984188337212,0.014903953042872193,73.88373245544996,0.019879735906167983,1
2023-11-09,MSFT,353.098876953125,-0.00691064924912399,0.03551329100414513,0.08917150025101028,0.030547875551502734,0.06049275004275523,0.09288855059433243,0.00804037179555979,0.015011723685256486,76.33132553958049,0.04503444322830852,1
2023-11-10,MSFT,361.8898620605469,0.024896666857960215,0.04781737535792718,0.12797115506350631,0.03414485419059421,0.08023523943096045,0.11711971417287215,0.011345024761808924,0.01525701940268458,78.44359064287391,0.002517707479596565,0
2023-11-13,MSFT,358.9627990722656,-0.00808827020357794,0.028468820828864594,0.10233281408467754,0.036667131146979504,0.06619526531520159,0.10528958693680268,0.013702436873179973,0.015425337160729224,74.85909448322639,0.031433642510988014,1
2023-11-14,MSFT,362.4771728515625,0.009790356517109133,0.02701567891979484,0.11506947232799591,0.039897942159927924,0.07068587128475179,0.11340403424872281,0.013572969643261103,0.015375601696883734,72.3700441691035,0.009607286019156058,0
2023-11-15,MSFT,362.6243591308594,0.0004060566852774894,0.019879735906167983,0.12211169541730782,0.04345055451698743,0.06491416751346146,0.11118527860491745,0.013677372858350297,0.015192620740522631,89.7255351860048,0.022127965764708213,1
2023-11-16,MSFT,369.00048828125,0.017583289676603497,0.04503444322830852,0.13767201639562354,0.0476765826202159,0.07658008394405824,0.12790774326349608,0.01316085531166063,0.015402790235535932,90.53748342722784,0.003349485849786893,0
2023-11-17,MSFT,362.8009948730469,-0.016800772912468065,0.002517707479596565,0.13448037882866726,0.05159399435414014,0.05189350201457521,0.10616488941867197,0.013704040838239041,0.015608704314336818,79.22486356488761,0.02368520952135733,1
2023-11-20,MSFT,370.2463073730469,0.02052175326201988,0.031433642510988014,0.14844560014653485,0.05598860682770046,0.06608393793363776,0.12577249237993104,0.015084244737851997,0.015921980503370042,81.44223647124107,0.01393601885753748,1
2023-11-21,MSFT,365.9595947265625,-0.011578002430055911,0.009607286019156058,0.13099344242906552,0.05979703830905403,0.04734957829069897,0.10997798114671964,0.016779918254332577,0.016449481808411954,73.06168181309596,0.015493133453927221,1
2023-11-22,MSFT,370.64849853515625,0.012812627066376647,0.022127965764708213,0.11138919050589968,0.06279008851396006,0.055159871653452486,0.12141345339095122,0.017386730582157197,0.015514660256130765,74.15247940189576,0.002805257294731023,0
2023-11-24,MSFT,370.2364501953125,-0.0011116956940935285,0.003349485849786893,0.15342350805600935,0.06763622047652418,0.04665000247235418,0.11744145280132878,0.01581061842246809,0.011936691707468298,71.6464159919394,-0.00773637584459097,0
2023-11-27,MSFT,371.3940124511719,0.003126548602247814,0.02368520952135733,0.15029421266754395,0.0722336015534073,0.04277004929094419,0.11809308554325315,0.01242329264151619,0.011968779982216201,70.3591668347197,-0.025012491948332216,0
2023-11-28,MSFT,375.4060668945313,0.010802690158842942,0.01393601885753748,0.1368674512622141,0.07613908498902977,0.04738933569444903,0.12713660134149207,0.00982891343596071,0.011433044449080203,70.41102894771579,-0.026600508921573174,0
2023-11-29,MSFT,371.62945556640625,-0.010060070044595415,0.015493133453927221,0.12276768221025725,0.07980245277406395,0.031008081408087973,0.11328505513433496,0.009281596123993706,0.011993306046958828,64.30237578647518,-0.02652774112108225,0
2023-11-30,MSFT,371.6882629394531,0.00015824195893521242,0.002805257294731023,0.09711631676052601,0.08225504807684203,0.026486403534486502,0.11092009200744046,0.0075372252718705676,0.0113000417373231,67.27855099316555,-0.02100754539540728,0
2023-12-01,MSFT,367.3721618652344,-0.011612153260060931,-0.00773637584459097,0.07737175388093376,0.08380038859349126,0.010883965535720908,0.0955964346705438,0.009368029541611627,0.011860507955076267,55.558071957546225,-0.000747629329697963,0
2023-12-04,MSFT,362.1045227050781,-0.014338699844351877,-0.025012491948332216,0.048438904659313664,0.08441550718014956,-0.005898926492011625,0.07801861981649627,0.010402742077408138,0.012317411896059815,53.04083272289042,0.005851278515480285,0
2023-12-05,MSFT,365.4200744628906,0.009156338984787737,-0.026600508921573174,0.04696964159337602,0.08499347837727189,0.0009509509888148138,0.08602525399839234,0.009784810582700297,0.012272185478524301,52.85940062090621,0.004993116384258256,0
2023-12-06,MSFT,361.7709655761719,-0.009986065741140138,-0.02652774112108225,0.025014764107180065,0.08431905732661371,-0.010241405775340606,0.07321410587059707,0.009775936458953666,0.012382845206401752,49.223651801558695,0.015103027024902183,1
2023-12-07,MSFT,363.8800048828125,0.005829763876384231,-0.02100754539540728,0.02341123517158694,0.08368417868297096,-0.005603636280800295,0.07761160670237399,0.010842039452109426,0.012346966628252496,44.949710204602546,-0.013532886824638823,0
2023-12-08,MSFT,367.0975036621094,0.008842197252176831,-0.000747629329697963,0.0396450615470032,0.0838564868187821,0.0012738323325007794,0.08523713825548263,0.011194637882988013,0.012302706386551518,54.50245545451171,-0.009352524983059718,0
2023-12-11,MSFT,364.2232971191406,-0.007829545323234544,0.005851278515480285,0.006447914968680024,0.08201809707966001,-0.006881723665513539,0.07457194753447305,0.009351496481047352,0.011229040128985157,43.01952645309522,0.0036358170332659867,0
2023-12-12,MSFT,367.2446594238281,0.00829535707513851,0.004993116384258256,0.02307163966006187,0.0808423294365932,0.00022719377306512634,0.08108789008350659,0.009174677375389384,0.011176138426340557,51.53435081682163,-0.002991721784000867,0
2023-12-13,MSFT,367.23480224609375,-2.6840901511948623e-05,0.015103027024902183,0.013125321401906698,0.07913349080146936,-0.00044725718874871756,0.07865084059008898,0.007011026947832132,0.010993096980656633,45.411383837372824,-0.010016911052848076,0
2023-12-14,MSFT,358.9556579589844,-0.022544552521907457,-0.013532886824638823,-0.01011708419331836,0.07622719862206284,-0.022493677077001784,0.05201889155477191,0.013051563860463633,0.012162150386368448,37.48373880508579,0.020796260310200543,1
2023-12-15,MSFT,363.6642150878906,0.013117378217908593,-0.009352524983059718,-0.014461425832293484,0.07278014345922834,-0.008951275121176105,0.06317739325059013,0.014091489886334284,0.011850881601493784,42.050075516279016,0.010384801841539781,1
2023-12-18,MSFT,365.5475463867187,0.005178764422484994,0.0036358170332659867,0.007570407888856323,0.07030241282871041,-0.0041915403074920254,0.06581619712413311,0.013898952111457604,0.011280845828013832,39.39643401081864,0.005393937784964331,0
2023-12-19,MSFT,366.1459655761719,0.0016370488473202993,-0.002991721784000867,-0.011074632522245942,0.06683833452033738,-0.0020039739434559722,0.06470041829607864,0.013308180643311976,0.010254985629114376,43.66928633387756,0.0021700516700005057,0
2023-12-20,MSFT,363.5562438964844,-0.007072921520826503,-0.010016911052848076,-0.006567257327612541,0.06350022606854533,-0.008738045524376847,0.05420731267797341,0.013611494615907264,0.010046353394897838,41.129907394462315,0.012573731359771356,1
2023-12-21,MSFT,366.4205932617187,0.007878696661993922,0.020796260310200543,-0.011406778363184267,0.05980317901211207,-0.0003520119461519755,0.05943011563252987,0.007543942499590028,0.009764524278429304,48.92811889179704,0.0066929183042709894,0
2023-12-22,MSFT,367.4407958984375,0.0027842393563020096,0.010384801841539781,-0.0075509969248035436,0.056324432462713014,0.0028136676249337356,0.059296578319759874,0.005650118323812656,0.009791091222491985,56.647018708009234,-0.009904404375306264,0
2023-12-26,MSFT,367.519287109375,0.00021361593980206983,0.005393937784964331,-0.010432923557986307,0.05281095462418106,0.0035585081287143883,0.05655739096421075,0.005400403485096165,0.009758529033121775,52.84420800713171,-0.010836534673788756,0
2023-12-27,MSFT,366.9405212402344,-0.0015747904652644307,0.0021700516700005057,-0.022550369855038332,0.04898489354494284,0.0031375530430082232,0.052276139289754386,0.0055087230820700245,0.009390973614961712,57.63982472186593,-0.016387352297385527,0
2023-12-28,MSFT,368.12750244140625,0.0032348054588247077,0.012573731359771356,-0.009423238854042393,0.04541820509886607,0.006864473612850475,0.05259445078216074,0.0035840727822505514,0.009191604179198464,56.453027751607905,-0.020065072774965498,0
2023-12-29,MSFT,368.8730163574219,0.0020251513703035684,0.0066929183042709894,-0.007574214369233001,0.04220330957432061,0.00929210266985736,0.05188756972975028,0.0019943817525719053,0.009207390252340002,52.916518785428835,-0.00359023501743283,0
2024-01-02,MSFT,363.801513671875,-0.013748641024565522,-0.009904404375306264,-0.009719430495850223,0.03916734267690125,-0.004097802331477718,0.03490904031728426,0.0068321297533480724,0.009356248460394128,49.35381041926347,0.013266031644197707,1
2024-01-03,MSFT,363.5366516113281,-0.0007280400179581203,-0.010836534673788756,0.003955015241321469,0.03724832060631944,-0.005017897137222338,0.0320435152277605,0.006769582408035545,0.00876917476604323,43.79510529078805,0.03283864024024097,1
2024-01-04,MSFT,360.9273376464844,-0.007177581554097312,-0.016387352297385527,-0.012294718135039129,0.03474776919384759,-0.01155174448160623,0.022794627361208075,0.007104283942898553,0.008654347422866079,40.28998089783017,0.045360702880991255,1
2024-01-05,MSFT,360.7409973144531,-0.0005162821227295833,-0.020065072774965498,-0.0028470174771443313,0.032686862526430716,-0.011922708809858018,0.020374437772762155,0.006408456520901824,0.008367079002684552,53.66052970121087,0.05634256542366445,1
2024-01-08,MSFT,367.5486755371094,0.018871373848096562,-0.00359023501743283,0.010082089164196839,0.031157966402306947,0.0062181146246094166,0.03756982483347571,0.012199295489014477,0.00930940821323232,57.333190455779395,0.04158102464871005,1
2024-01-09,MSFT,368.6277160644531,0.0029357758554480196,0.013266031644197707,0.00416840863007395,0.029222117747844445,0.00896080956539036,0.03844478114547045,0.009762541102458475,0.009124116741720428,55.996938876154104,0.03640350808203818,1
2024-01-10,MSFT,375.4747009277344,0.018574254091312303,0.03283864024024097,0.03089149952127679,0.028169141702641287,0.026121486828250662,0.05502644839484039,0.011702986950337578,0.009780501255682458,64.60821926187594,0.028999260782757608,1
2024-01-11,MSFT,377.29925537109375,0.004859327243223577,0.045360702880991255,0.027378467431058873,0.027096900675435798,0.02969305943028555,0.05759454998785363,0.009132014949715389,0.009685827906484396,72.04908730014952,0.03650275144050852,1
2024-01-12,MSFT,381.0660705566406,0.009983627404305473,0.05634256542366445,0.037663283071080356,0.026350520268494826,0.038014029172165786,0.06536623888684923,0.007468105016782904,0.009865414321237156,72.83571237555594,0.02069678050525936,1
2024-01-16,MSFT,382.8317260742187,0.00463346294514988,0.04158102464871005,0.06651536919906276,0.02683315133649722,0.03944347358729772,0.06733501761979999,0.006371788893439375,0.008020998397450164,73.4528459821428,0.022112888144170117,1
2024-01-17,MSFT,382.0470581054687,-0.0020496419583518888,0.03640350808203818,0.05054894667910981,0.02664315578758991,0.03473070874265183,0.062299200213885575,0.007660678416654791,0.007752000556280759,71.67115829342458,0.033609533986883156,1
2024-01-18,MSFT,386.3631896972656,0.011297382090049712,0.028999260782757608,0.05694373691275101,0.026370807872461155,0.04347905712842559,0.07099644286289619,0.005281365427610682,0.007980760934491167,76.0664675632328,0.02792790309335058,1
2024-01-19,MSFT,391.07171630859375,0.012186788847605934,0.03650275144050852,0.06807599448268786,0.026568073999068798,0.052652551745608234,0.08061950263569417,0.005948689780722011,0.008243940828391126,78.1333632689717,0.013193739846572239,1
2024-01-22,MSFT,388.9529113769531,-0.005417944697306276,0.02069678050525936,0.06985622694380123,0.026984696048228285,0.043383027991076295,0.07153840186329563,0.007840406720518462,0.008141691617264059,73.81907037358818,0.033315499180907926,1
2024-01-23,MSFT,391.2972412109375,0.006027284448611336,0.022112888144170117,0.06789096575543851,0.027684119062792334,0.04618107067749966,0.07514367199937522,0.007887419563888115,0.008098659370918979,84.87207354493914,0.02429186708997988,1
2024-01-24,MSFT,394.8874816894531,0.009175225635133621,0.033609533986883156,0.0746968929345615,0.02797602646141706,0.051920412974554964,0.08134896628323585,0.007152865670614758,0.008201805728200364,86.66842280350828,-0.012370869032007237,0
2024-01-25,MSFT,397.1535034179687,0.005738398489667951,0.02792790309335058,0.08063309150840414,0.028546397283319536,0.05379735737311342,0.08387947539279872,0.006666108468657845,0.008173309859520616,92.71370001719976,-0.002692269803900693,0
2024-01-26,MSFT,396.2314147949219,-0.0023217436459987972,0.013193739846572239,0.07982463603552481,0.029451908954085226,0.04728098984839968,0.07812541421075903,0.006191371328194351,0.008201381135953565,91.132533802281,0.018047767699080675,1
2024-01-29,MSFT,401.91107177734375,0.014334191511194305,0.033315499180907926,0.0917713811434524,0.030733213237548407,0.05757120439290042,0.09007376573139814,0.006064588614028997,0.00852464943553592,90.8944511472734,-0.009933771314449058,0
2024-01-30,MSFT,400.8025817871094,-0.0027580479067977892,0.02429186708997988,0.08655977535301518,0.032169682350155604,0.050242405817614744,0.08402837040343059,0.007395297038627574,0.008661783870628787,88.2642647263775,-0.007586934753640251,0
2024-01-31,MSFT,390.00238037109375,-0.026946436741648205,-0.012370869032007237,0.07201967478027105,0.03342963881397587,0.018446024344590084,0.052492307089959445,0.015402338659280205,0.010424182762448473,65.79226554087276,0.04142587270742015,1
2024-02-01,MSFT,396.0842590332031,0.015594465491011622,-0.002692269803900693,0.08953047038754414,0.035459738487433556,0.02995114661627163,0.0664729449301169,0.017225592979998646,0.010707945611442905,68.69024058317603,0.025583160469281996,1
2024-02-02,MSFT,403.3825073242187,0.018425999328601783,0.018047767699080675,0.11762802439564068,0.03864182835656438,0.04317084797128001,0.08348087682515803,0.019054693333002658,0.010787302961680003,70.74598919102942,0.022688389910817452,1
2024-02-05,MSFT,397.9185791015625,-0.013545278051099396,-0.009933771314449058,0.10305893165423097,0.04153768912572953,0.024117700417024768,0.06665718308510415,0.019253964891328964,0.011544911715923476,63.122833282898355,0.023690551020952855,1
2024-02-06,MSFT,397.76171875,-0.000394202130286736,-0.007586934753640251,0.08220147486245044,0.043619276930093376,0.019749261822744835,0.06422998727344931,0.01925498847418426,0.011120785293997711,63.81984693817312,0.002046900011784647,0
2024-02-07,MSFT,406.1585693359375,0.02111025317450177,0.04142587270742015,0.10181234789443305,0.046164764219838395,0.036290905963328735,0.08413103130028876,0.014770189001767223,0.011752430986885795,66.24272882752271,-0.00918445888212216,0
2024-02-08,MSFT,406.21734619140625,0.00014471405974481044,0.025583160469281996,0.08187674212859619,0.04820066841545656,0.03239192657822065,0.08215390750601181,0.014459307651855222,0.011341245688255362,63.4540813449636,-0.016416358586515023,0
2024-02-09,MSFT,412.53460693359375,0.015551430290746016,0.022688389910817452,0.09338834111359207,0.05039554027104676,0.043773610421241615,0.0963751454390811,0.013843423405897747,0.011631968323890064,69.49389167428123,-0.03743367884471105,0
2024-02-12,MSFT,407.3454895019531,-0.01257862333105042,0.023690551020952855,0.06896289377567766,0.05179727157930514,0.027229309414795067,0.08043698492877538,0.013530336692963852,0.01215826475307616,62.67041251743825,-0.028235833704740143,0
2024-02-13,MSFT,398.5758972167969,-0.02152863481041245,0.002046900011784647,0.0411255652817184,0.052212981544289105,0.0031231104605671245,0.05549915891369461,0.01808146513947904,0.013367046278180241,52.69192151817764,-0.008358845943140958,0
2024-02-14,MSFT,402.42822265625,0.009665224280628548,-0.00918445888212216,0.05334726211961782,0.053357529337088705,0.010227556094203338,0.0641308025556353,0.015343486009386767,0.01343204806045822,53.76253547200079,0.005275060575874235,0
2024-02-15,MSFT,399.5487365722656,-0.007155278685421651,-0.016416358586515023,0.03412733724797001,0.05339484705628195,0.0013418720350848456,0.05480836814344925,0.015465052309819718,0.013443297784819572,52.302011586507874,0.009297674920581978,0
2024-02-16,MSFT,397.0919189453125,-0.006148981093095696,-0.03743367884471105,0.015394114137285753,0.05294576711541499,-0.005565547820900352,0.04708554709571944,0.01139267184363552,0.01331983980800271,46.4992267501871,0.008612572422122655,0
2024-02-20,MSFT,395.84375,-0.0031432746066142325,-0.028235833704740143,0.017716382681523646,0.05247201910265731,-0.009545925727757254,0.04242519937776068,0.011129745208244418,0.01327314520372551,46.40505523689674,0.011643890744651442,1
2024-02-21,MSFT,395.2442626953125,-0.0015144543893581552,-0.008358845943140958,0.010087015876115712,0.05185623004705131,-0.011534026576455303,0.039724092335078565,0.00672367141301645,0.013228733000421943,54.4597494152885,0.013775074192957648,1
2024-02-22,MSFT,404.5510559082031,0.023546940692887652,0.005275060575874235,0.024471715784471604,0.051545266764882136,0.010520229484393795,0.06260776428447667,0.012741681671854887,0.014082674095402151,56.82875441196018,0.004834219186925726,0
2024-02-23,MSFT,403.26361083984375,-0.0031824044198057733,0.009297674920581978,0.015384750151491655,0.050881566515057486,0.006536241593615211,0.057750382320076676,0.012209621425806784,0.014076098451042447,49.89381001805453,0.012574861084435174,1
2024-02-26,MSFT,400.5119018554687,-0.006823598535569131,0.008612572422122655,0.010802997694572714,0.050290218905047146,-0.0008656947972711659,0.04938098812691627,0.01232415391316034,0.014165330902167768,52.4340990413468,0.01810861557634924,1
2024-02-27,MSFT,400.4529113769531,-0.0001472877041662768,0.011643890744651442,-0.0036280672586159746,0.04877912374905069,-0.0008311266614562385,0.04790745545732422,0.012095865190177588,0.01379333791696963,52.53060922297083,-0.011853338973716099,0
2024-02-28,MSFT,400.6887817382813,0.0005890089811486643,0.013775074192957648,-0.0002839304285932043,0.04743942012700675,-0.00022841335594248058,0.04720017097390916,0.011962580046594557,0.013779578477021466,43.924056983703906,-0.013808314997140414,0
2024-02-29,MSFT,406.5067443847656,0.014519904004411277,0.004834219186925726,0.04231862379395657,0.04780999202789027,0.012204016965913222,0.06059748294765188,0.008108233375452087,0.012565830895709153,50.28500329092696,-0.010879092112234034,0
2024-03-01,MSFT,408.3345947265625,0.004496482203667496,0.012574861084435174,0.03092861029938687,0.04730271076880577,0.015207010891615358,0.06322905449828542,0.007842989281016326,0.012179967283463107,45.46254803647211,-0.022334538188508057,0
2024-03-04,MSFT,407.7646179199219,-0.0013958572553038895,0.01810861557634924,0.010863412557900132,0.045951155859114357,0.013237972383543406,0.05979742837491253,0.0064829397374493,0.011527253609260634,50.50300469676149,-0.025065053809673388,0
2024-03-05,MSFT,395.7062072753906,-0.029571988629232493,-0.011853338973716099,-0.005559860590493293,0.044128799396295104,-0.016455140758711018,0.026947513032004933,0.016447057243539513,0.013022646433617948,46.808000738646705,0.03136721309781265,1
2024-03-06,MSFT,395.1559448242187,-0.0013905833192779937,-0.013808314997140414,-0.006551092784821466,0.04238053528437269,-0.01750467233627151,0.024134005564512506,0.016384661982916344,0.013025341981420586,41.26961330986642,0.03235563738418534,1
2024-03-07,MSFT,402.0843200683594,0.017533268409317904,-0.010879092112234034,-0.01003117889212446,0.04028042703101953,0.00022829773265953257,0.04051792069384064,0.017209606212570963,0.012738030495842292,52.77427549491264,0.039301889059382145,1
2024-03-08,MSFT,399.2146301269531,-0.007137035189331398,-0.022334538188508057,-0.017238840561854096,0.037808100538853084,-0.006044630968340292,0.031534933555141365,0.016883940689698434,0.01282461016651742,52.30174094039239,0.02510964941617777,1
2024-03-11,MSFT,397.5439758300781,-0.004184852384652604,-0.025065053809673388,-0.036337875299583544,0.034521487329223,-0.008353610330352423,0.025879497945697993,0.016806082998719395,0.012247271355769343,51.82688454750726,0.03164257528813286,1
2024-03-12,MSFT,408.118408203125,0.026599402873524358,0.03136721309781265,0.0018974524601140796,0.03280516602516004,0.01792546383337834,0.05131867767567044,0.014898673754565392,0.013498077560590628,61.391350933320645,0.014761137628443333,1
2024-03-13,MSFT,407.94146728515625,-0.0004335528964444224,0.03235563738418534,0.023497582602856726,0.031841355860120935,0.016297128379261228,0.04865740690360432,0.014781110819338611,0.012499622117390703,53.57800091594143,0.024403800701795708,1
2024-03-14,MSFT,417.8869934082031,0.02437978710336597,0.039301889059382145,0.038413734131062194,0.03143216632022994,0.03907338832211793,0.07173371588278377,0.01630061330328916,0.01342096956537797,63.048051719602704,0.00975964851769695,0
2024-03-15,MSFT,409.23876953125,-0.020695125747800747,0.02510964941617777,0.024252442998857537,0.030749772069937453,0.016345232310666535,0.047597616548587185,0.02010066062284522,0.014223118988715762,57.045391159864955,0.02958545066881757,1
2024-03-18,MSFT,410.123291015625,0.0021613824256878633,0.03164257528813286,0.032817016535930055,0.030484235823934558,0.0168964298894978,0.04789574046676637,0.019558231999952824,0.014115190231975381,57.70441390786281,0.013275025076419977,1
2024-03-19,MSFT,414.1427001953125,0.00980048992032101,0.014761137628443333,0.04622771029051864,0.030601869521444947,0.02453824274976557,0.055891028374124296,0.016411005733270007,0.014177539753349188,60.10930741092684,0.0005694651713981091,0
2024-03-20,MSFT,417.8967895507813,0.00906472419699389,0.024403800701795708,0.05731272783314578,0.031233893300341098,0.030936736626732797,0.06313690465793398,0.016457698783341308,0.014222756022230039,58.83245528384485,-0.00893626399755465,0
2024-03-21,MSFT,421.9654235839844,0.009735978200686057,0.00975964851769695,0.043046155538233766,0.03106533724999805,0.03874266201037968,0.07101155312169283,0.013092910264915388,0.013482878342910228,60.21508032235975,-0.020145855601117924,0
2024-03-22,MSFT,421.3462829589844,-0.0014672781000426571,0.02958545066881757,0.044840822809381065,0.03101253142386806,0.03491514245645799,0.06701048083292571,0.005200713818679183,0.013452289509371518,60.17074187426639,-0.009726092632730277,0
2024-03-25,MSFT,415.5676879882813,-0.013714598192540839,0.013275025076419977,0.037591357617746235,0.0308032854147009,0.018837856788139096,0.05022141008208614,0.010334839126200932,0.013781983022137203,66.41756895635766,-0.003358075838993946,0
2024-03-26,MSFT,414.3785400390625,-0.0028615024305074233,0.0005694651713981091,0.03477469701550229,0.03055530983750865,0.014191167281580652,0.045180092632334024,0.009686009152737873,0.013816907458309274,65.7233919547564,-0.002845999913391628,0
2024-03-27,MSFT,414.162353515625,-0.0005217126432685015,-0.00893626399755465,0.033626026960106525,0.03029296839529727,0.011993447952859393,0.04264973348794321,0.00833519814571664,0.01382426734287774,61.09803446514088,-0.008423676129989843,0
2024-03-28,MSFT,413.4645690917969,-0.0016848089110585995,-0.020145855601117924,0.017116135963652246,0.02902452969604763,0.009430354055889545,0.03872859534327655,0.00546649745416019,0.0135074265176987,63.63805765263087,0.011409090382360043,1
2024-04-01,MSFT,417.2482299804687,0.0091511127470556,-0.009726092632730277,0.02182924339260328,0.027832648403575577,0.017560572385161954,0.045881978025699155,0.008132939730190202,0.013611705588296252,68.12509018065322,4.702908562448371e-05,0
2024-04-02,MSFT,414.1721801757813,-0.007372229727209079,-0.003358075838993946,0.01571387505013444,0.026352686732078023,0.009270319605731103,0.03586730416628492,0.006066875375992183,0.013735993234783904,56.459711874120856,0.01148450211522678,1
2024-04-03,MSFT,413.19921875,-0.002349171364837588,-0.002845999913391628,0.04420706866100588,0.026296053215076443,0.004757848523247121,0.031179014376280234,0.006024530526667127,0.011768584026558698,55.516597887704584,0.00668337701717725,0
2024-04-04,MSFT,410.673583984375,-0.006112389982888877,-0.008423676129989843,0.03926965888633971,0.026391297150078596,-0.0032641419625941692,0.023041010247009552,0.006515523110088338,0.01189177152589947,41.03568825286009,0.02404979968718024,1
2024-04-05,MSFT,418.1818237304687,0.01828274337309055,0.011409090382360043,0.04003514401997199,0.026284837975417474,0.01298007449386751,0.039606091624265094,0.011048970048154048,0.01194437919296724,61.43786972086609,-0.008507199381857067,0
2024-04-08,MSFT,417.2678527832031,-0.0021855826709834547,4.702908562448371e-05,0.04522184632990256,0.026750904027441402,0.008560848587020109,0.035540763053406366,0.010443314759942373,0.011794704364709294,59.130779353182085,-0.025789449934041753,0
2024-04-09,MSFT,418.9287414550781,0.00398038972040804,0.01148450211522678,0.05379220142966146,0.027634990112461066,0.009965148202577101,0.03787552508708569,0.009627728913813046,0.01170010185732495,56.508966851081006,-0.027446889835458954,0
2024-04-10,MSFT,415.9607849121094,-0.007084633373828808,0.00668337701717725,0.019215934766366072,0.02712652806938176,0.0018628233468238609,0.029039883346011486,0.010403893381664515,0.01043265925868585,47.30952411245542,-0.02698103615918268,0
2024-04-11,MSFT,420.5502014160156,0.011033291287004365,0.02404979968718024,0.030908194292603497,0.027088841589430368,0.011380947382278128,0.03877808565248486,0.010140916975941678,0.010662081755472747,48.06132004481529,-0.05528936390164452,0
2024-04-12,MSFT,414.624267578125,-0.014090907144825193,-0.008507199381857067,-0.0078076749971756065,0.0253108229327903,-0.0024789738247101845,0.02276910424054779,0.00971034920291815,0.009764165390195156,41.96054785960856,-0.053993814995103806,0
2024-04-15,MSFT,406.5067443847656,-0.019578022388257454,-0.025789449934041753,-0.006675870787153593,0.024125736265238062,-0.021686948810306528,0.0019155738475362671,0.012620552382433047,0.00964409297788953,39.737376041698965,-0.030654830296928504,0
2024-04-16,MSFT,407.4304504394531,0.0022723019173653825,-0.027446889835458954,-0.006565929405041526,0.023106368912118036,-0.019146096059512563,0.0035178760938274767,0.012331497468981418,0.009645609034453731,42.08283577574122,-0.01690857567490378,0
2024-04-17,MSFT,404.73773193359375,-0.006609026161287224,-0.02698103615918268,-0.02270948698910613,0.021286357087045182,-0.024524265902609255,-0.0037599410968647273,0.012317944801882807,0.009438240596164573,39.83461574922576,-0.006750112309599654,0
2024-04-18,MSFT,397.2982482910156,-0.01838099849756225,-0.05528936390164452,-0.04929097752080869,0.01850050679353621,-0.040071681385769664,-0.02231252100593939,0.00911955868483008,0.00986719632103881,34.776943767529474,-0.012936806366303677,0
2024-04-19,MSFT,392.2371215820313,-0.012738859863477447,-0.053993814995103806,-0.07045198573251399,0.014953004138309245,-0.04888424853033202,-0.0346622107625949,0.009034927372094938,0.009681029764336003,27.001537788054648,0.01803961245565744,1
2024-04-22,MSFT,394.04534912109375,0.004610036734333578,-0.030654830296928504,-0.06479452873338443,0.011722463475321687,-0.041326329484394186,-0.030088312397022365,0.009745932477899358,0.009845526094042257,31.05096090415313,0.003217142895202363,0
2024-04-23,MSFT,400.5413818359375,0.01648549520843967,-0.01690857567490378,-0.03615850458702541,0.009694634963128834,-0.023737632317069712,-0.014273125034143908,0.013977742937805812,0.010460491520119977,39.20548236117122,-0.04475319506222508,0
2024-04-24,MSFT,402.0057067871094,0.00365586433157028,-0.006750112309599654,-0.02985876935322651,0.008168252976428647,-0.01868887895835003,-0.010673281473098872,0.014128141504538038,0.010526586942593504,42.47182124627403,-0.03451830698471403,0
2024-04-25,MSFT,392.1584777832031,-0.024495246802854642,-0.012936806366303677,-0.05312862346285596,0.005817313103150479,-0.04014854597348405,-0.034564789532897655,0.016105289424427165,0.011712090819820078,28.28077060419757,-0.003007256902181399,0
2024-04-26,MSFT,399.31292724609375,0.018243770996188458,0.01803961245565744,-0.0342269759094187,0.0036919225497367147,-0.020941618544904728,-0.01732701082890198,0.017108420584629417,0.0126125851779402,36.42842610461201,0.0008367797286079615,0
2024-04-29,MSFT,395.31304931640625,-0.010016900673046392,0.003217142895202363,-0.052571057437653446,0.0010245614871677855,-0.02813531085745058,-0.027139575726216836,0.018133721983566047,0.012475024501075358,32.75924989361533,0.02806729363178695,1
2024-04-30,MSFT,382.6158752441406,-0.032119288989377326,-0.04475319506222508,-0.076191271268504,-0.002008358928094145,-0.05568791848887311,-0.05758443608868313,0.020481808134173995,0.014093257225083011,28.684420188355745,0.05139605746159326,1
2024-05-01,MSFT,388.129150390625,0.014409426014972526,-0.03451830698471403,-0.060673077832083866,-0.004695862004697515,-0.03910821327684966,-0.04362042850874881,0.022591849897538468,0.014674037361134417,29.51692730676608,0.0394997222880944,1
2024-05-02,MSFT,390.9791564941406,0.007342932373534117,-0.003007256902181399,-0.04795640201436402,-0.006845650979529272,-0.029686947113684026,-0.03632937161462524,0.020769306962215756,0.014832480603761935,34.45733064313261,0.036396532674867865,1
2024-05-03,MSFT,399.6470642089844,0.022169743759661742,0.0008367797286079615,-0.04432225044154614,-0.008864722358705501,-0.005888966362614267,-0.01470148466953547,0.021704820201327305,0.01513934036701039,45.52331014308486,0.019869139602623376,1
2024-05-06,MSFT,406.4084167480469,0.016918309039614998,0.02806729363178695,-0.026025096260646752,-0.010211147770404994,0.012296947277127934,0.00196023356095143,0.021828565494371233,0.015728498982157304,49.38023396029204,0.0004352269183494073,0
2024-05-07,MSFT,402.28082275390625,-0.010156270943324275,0.05139605746159326,-0.039739261248459945,-0.011847001696983162,0.004097643341201884,-0.007797903143398233,0.012536450435255286,0.01580094079581917,48.535602602403046,0.017638301742884943,1
2024-05-08,MSFT,403.4601440429687,0.002931587145986958,0.0394997222880944,-0.030052450429388422,-0.013231003559984189,0.008614770177367559,-0.004730215437501961,0.012609149496804958,0.015786906034119755,53.96886674626163,0.03240386845299259,1
2024-05-09,MSFT,405.2094421386719,0.004335739530982874,0.036396532674867865,-0.03647783124509407,-0.01539169326766432,0.014934024755245856,-0.000687528440703078,0.012710176113675347,0.015578823739233385,58.72780305758605,0.02286889729500219,1
2024-05-10,MSFT,407.5877075195313,0.005869224982288479,0.019869139602623376,-0.016970931536871126,-0.01646793491274834,0.02179133278981471,0.004964539627021702,0.009644025193739922,0.015384118390438762,59.04196965769963,0.01501650889042172,1
2024-05-13,MSFT,406.5852966308594,-0.0024593746822551,0.0004352269183494073,0.00019323725172792905,-0.016742569941340935,0.019268329110259996,0.002203157821137891,0.00653805661206952,0.01474390067734983,54.3548769423529,0.029941108551708506,1
2024-05-14,MSFT,409.3763732910156,0.006864676817593507,0.017638301742884943,0.0047760859539673906,-0.016998834634732285,0.02601501979866394,0.008573960144354853,0.0036561464376881738,0.014814881757998789,55.21121740211139,0.031817343169993295,1
2024-05-15,MSFT,416.5338134765625,0.017483764702900473,0.03240386845299259,0.029145000854291947,-0.01638138975415826,0.042412710943679155,0.025336542041022092,0.007178011725384147,0.015194499874465906,67.91528219455593,0.017585416639191997,1
2024-05-16,MSFT,414.47613525390625,-0.004940002842703239,0.02286889729500219,0.043236754847980174,-0.015044288846198461,0.03503841646999417,0.019466999565707743,0.008853966730054447,0.014550254915743131,62.047165666591326,0.01427605412458699,1
2024-05-17,MSFT,413.708251953125,-0.0018526598649903914,0.01501650889042172,0.054740179319318516,-0.01277431008495733,0.030358546235164763,0.017196426666870934,0.009234582190749352,0.014159593913144,65.40619095913038,0.023678645468499182,1
2024-05-20,MSFT,418.7589111328125,0.012208263083569815,0.029941108551708506,0.06271755793296796,-0.0103645104454132,0.03973763095643812,0.02896125941990091,0.00938754283843128,0.014312833529188202,84.71675447951023,0.011708225075667489,1
2024-05-21,MSFT,422.4016418457031,0.008698873304060495,0.031817343169993295,0.05457678282719769,-0.008567559205722053,0.04594364801171413,0.03698246388152482,0.00946758093899486,0.014034010719822876,84.14708677908332,0.0003030794096230416,0
2024-05-22,MSFT,423.8587341308594,0.0034495421911464597,0.017585416639191997,0.05435999284289439,-0.006836263987826885,0.04671966538258343,0.039564013428778244,0.007119488597567507,0.014033389185324199,83.69450591515741,-0.036815889520651734,0
2024-05-23,MSFT,420.3932189941406,-0.0081761088250899,0.01427605412458699,0.07199829357392229,-0.004175905213699371,0.034554817092110834,0.030234614237558244,0.008152219473026696,0.012785128606192015,73.7978382722981,-0.02779859380223293,0
2024-05-24,MSFT,423.5043029785156,0.007400414287886958,0.023678645468499182,0.06058250079520433,-0.0019046087768951336,0.03911785687384284,0.03713874388341232,0.007858335559845468,0.012352270572653284,71.40300605949454,-0.03868321339122227,0
2024-05-28,MSFT,423.6618347167969,0.0003719719898318541,0.011708225075667489,0.07171224286527522,0.0009404409037674366,0.03590166407616935,0.03687586837334744,0.006740464114474907,0.011988344358471034,79.72228043634848,-0.033114879246616824,0
2024-05-29,MSFT,422.5296630859375,-0.002672347466974867,0.0003030794096230416,0.1043181697997464,0.005219305841260624,0.02811648625791552,0.03348254064013778,0.005932245281777107,0.008749390498895318,76.54381192366701,-0.012023226110639107,0
2024-05-30,MSFT,408.2539978027344,-0.03378618480638984,-0.036815889520651734,0.051850904246318885,0.007165330689703486,-0.00904592918297642,-0.0019454155672644635,0.01580059974316871,0.012041873621730023,53.14213760095948,0.02375384287858262,1
2024-05-31,MSFT,408.7068786621094,0.0011093115114915175,-0.02779859380223293,0.0453418599777311,0.008775294487441965,-0.010076495749055892,-0.0013896254792133966,0.016222564775225816,0.011993227989405442,51.202845396991734,0.02100547716719503,1
2024-06-03,MSFT,407.1217956542969,-0.003878288060629731,-0.03868321339122227,0.018703331300849557,0.009481377615714992,-0.01480752254503137,-0.005466540642118933,0.014689343328725839,0.011101799949425648,50.569477557789995,0.03470189835259618,1
2024-06-04,MSFT,409.63232421875,0.006166529503581097,-0.033114879246616824,0.007932678896022338,0.00944699921604486,-0.009118823099832474,0.00024203060153693556,0.015687095257566185,0.010535576648280311,50.27331201236765,0.039921232717506916,1
2024-06-05,MSFT,417.4494934082031,0.019083379721954286,-0.012023226110639107,0.037706671052465834,0.010480365863302588,0.00794135456384315,0.01850494872842523,0.019585822019183706,0.01100483807819563,50.964205032954254,0.040211243743596636,1
2024-06-06,MSFT,417.95159912109375,0.0012027939207477356,0.02375384287858262,0.035917934626478853,0.011843608104060488,0.007391271790989418,0.019322419221533105,0.008771204166927482,0.011003184377049039,53.78359198709345,0.04018644748711209,1
2024-06-07,MSFT,417.2919616699219,-0.0015782627762617185,0.02100547716719503,0.02981796146575255,0.012931992644884982,0.004338897151985988,0.017327000382927338,0.009124315457322497,0.011011593802060609,53.91065154769635,0.044166653319996696,1
2024-06-10,MSFT,421.2496948242187,0.009484326365786444,0.03470189835259618,0.03351913478409485,0.014458729295452555,0.012200232280480838,0.02683536143181864,0.00806204953205401,0.011115778770505104,52.78443407941523,0.047911799245264675,1
2024-06-11,MSFT,425.9853515625,0.011241923249956098,0.039921232717506916,0.04771460033699659,0.016131870024214123,0.021199127244800442,0.03767297883435461,0.00826794549151658,0.011266541917798332,53.91065154769635,0.03157044558915589,1
2024-06-12,MSFT,434.2356567382813,0.019367579531829993,0.040211243743596636,0.0607247634918926,0.018162934367777384,0.03788468446706994,0.0567357158723667,0.008364574401025688,0.011858954634547912,59.86154493119303,0.010520180076876384,1
2024-06-13,MSFT,434.7475891113281,0.0011789275364721963,0.04018644748711209,0.04372700377610639,0.01952710677091396,0.03685138671179544,0.0570980944456867,0.00836938821092366,0.011362295022337062,64.45279804724805,0.018569601768491983,1
2024-06-14,MSFT,435.7223510742187,0.00224213310735788,0.044166653319996696,0.051260408050507245,0.0213723119175524,0.03654998558529221,0.05870345519535558,0.007401762056905609,0.011237434508309142,62.854834742772255,0.011523524364833504,1
2024-06-17,MSFT,441.4325256347656,0.013105076079914735,0.047911799245264675,0.06701406982034741,0.02393327772798237,0.04668241179653165,0.0717329526510524,0.007669588043505034,0.011424272884233411,66.7408583775877,0.005754151387973971,0
2024-06-18,MSFT,439.4338989257813,-0.004527592764285715,0.03157044558915589,0.04937205452425952,0.025692363261610396,0.039395768762407135,0.06610030242603182,0.009708186528061307,0.011350965099403547,65.66882404191048,0.013039598260201624,1
2024-06-20,MSFT,438.8038940429687,-0.0014336738343416755,0.010520180076876384,0.03883093854842801,0.026717370123874096,0.03589616471461987,0.06357258595720205,0.0066781597543425116,0.011284444946421479,87.90629480044124,0.01604210275653095,1
2024-06-21,MSFT,442.8206787109375,0.009153940342141675,0.018569601768491983,0.04473647244514245,0.027834419439224156,0.043044156384266286,0.07207668492669761,0.007320755917321304,0.011395418972567534,88.88897392954865,-0.006291785696662777,0
2024-06-24,MSFT,440.743408203125,-0.0046909970732611495,0.011523524364833504,0.04840751061036497,0.029193962350824387,0.03566905367309614,0.06590433703394227,0.00826368972389097,0.011253310223458504,87.90256160082669,0.020238078752108368,1
2024-06-25,MSFT,443.97259521484375,0.0073266824905762196,0.005754151387973971,0.048330777497121336,0.030401938723823463,0.040754221154665204,0.07239516721276984,0.0066189296046926804,0.011251607143248655,88.09545412073133,0.018472179242174258,1
2024-06-26,MSFT,445.1639404296875,0.002683375567960944,0.013039598260201624,0.05075299201133854,0.031839205734668585,0.0409235716508316,0.07406575140268856,0.005803694221231275,0.011241293431416123,86.04378690615754,0.019041714299973478,1
2024-06-27,MSFT,445.8432312011719,0.0015259339532953664,0.01604210275653095,0.05517616904092404,0.033335663855742936,0.03967810451820819,0.07433646432860308,0.005427157324322869,0.01117787838480649,86.10781225184468,0.03248307886345159,1
2024-06-28,MSFT,440.0345458984375,-0.013028537602970625,-0.006291785696662777,0.07784503830152145,0.03604811060408286,0.022344311141495377,0.05919789194497871,0.007863050629735514,0.008164517948631017,75.9786043910917,0.043159078696713316,1
2024-07-01,MSFT,449.6632080078125,0.021881604976526914,0.020238078752108368,0.10020954254494696,0.039351628230585245,0.039767891817640066,0.08068445134254709,0.012536087259217541,0.009076311900788408,78.73378687494518,0.006152336777661027,0
2024-07-02,MSFT,452.1737365722656,0.005583130929425639,0.018472179242174258,0.11065961439270167,0.04334476549788291,0.04015515584613172,0.08524043715769625,0.012447055533937485,0.008842345630043557,77.73161628076065,0.015175919219962752,1
2024-07-03,MSFT,453.640625,0.0032440814427971976,0.019041714299973478,0.10743366228527629,0.0471024021677271,0.03827406003061129,0.08717926236649198,0.012437801145121162,0.008851387251359134,73.99577039366122,-0.013173452407605146,0
2024-07-05,MSFT,460.3255920410156,0.014736261861502342,0.03248307886345159,0.10270966742049947,0.05050315885811818,0.048430056175300384,0.10137908585394739,0.013202592770918512,0.008539155832347047,77.43998260896889,-0.029964036606063837,0
2024-07-08,MSFT,459.0260314941406,-0.002823133385030707,0.043159078696713316,0.09827557176338564,0.05360754604661366,0.04060275512420852,0.0963869152357626,0.009776265829883553,0.008678087379297818,74.8270819258102,-0.02633843404504843,0
2024-07-09,MSFT,452.4296875,-0.014370304822733826,0.006152336777661027,0.08420417611080677,0.05646315253325174,0.021580200367650626,0.07926183904595918,0.01078439961294704,0.009591151512157647,61.49894218219992,-0.021804404063994753,0
2024-07-10,MSFT,459.035888671875,0.014601608502702312,0.015175919219962752,0.0897002284201629,0.059099991591025525,0.03209396440928325,0.09309070902702032,0.01232885762726654,0.009808315674160625,68.69501235821224,-0.048750579057350474,0
2024-07-11,MSFT,447.66461181640625,-0.024772086749838218,-0.013173452407605146,0.05089203225976546,0.05994980940340322,0.004079723240363098,0.06427411127444471,0.01751145965618223,0.011615773815295128,57.01372462625423,-0.03151528174171059,0
2024-07-12,MSFT,446.5323791503906,-0.0025291985029184394,-0.029964036606063837,0.028318085402002646,0.05976956876712447,0.0001609508835889173,0.05994013961561828,0.014739540158249057,0.010960591234990298,53.07859173254157,-0.036247333151858574,0
2024-07-15,MSFT,446.9360046386719,0.0009039109079820307,-0.02633843404504843,0.02803561384263964,0.05944747134196526,-0.00029958863313683803,0.05913007292214556,0.015030387242978718,0.010961127474003162,55.28299243996202,-0.02427505423449705,0
2024-07-16,MSFT,442.5647277832031,-0.009780543098117045,-0.021804404063994753,0.015703524715028783,0.05836601762837135,-0.010834157572209735,0.04689951342431331,0.014462267756147841,0.011240960376360914,48.82188570812757,-0.010388801900653277,0
2024-07-17,MSFT,436.6576232910156,-0.013347436253621114,-0.048750579057350474,-0.010816833981328933,0.055951971132719214,-0.02351592050739293,0.03112028851993731,0.010051506454555777,0.011277974407187608,43.40254387929047,-0.03296358075611128,0
2024-07-18,MSFT,433.5563354492187,-0.007102332986707149,-0.03151528174171059,-0.013375307391920832,0.05361961372238189,-0.02981363807753945,0.022207379887466017,0.005668206556448619,0.011341089793904253,40.81540938595411,-0.049889932788400704,0
2024-07-19,MSFT,430.3467712402344,-0.007402876965593941,-0.036247333151858574,-0.019273126144833563,0.0513912281703115,-0.03608371016780365,0.013453131820042818,0.005245661914642988,0.011441951191448443,42.46551022742862,-0.02708699145763782,0
2024-07-22,MSFT,436.0866088867187,0.013337703522074529,-0.02427505423449705,-0.015207216256977518,0.049194838604297964,-0.022490073276308586,0.025598369802962484,0.010474958334366052,0.011671577160131742,38.76122291217197,-0.036596325489587245,0
2024-07-23,MSFT,437.9670104980469,0.0043119911802123045,-0.010388801900653277,-0.006299351625920546,0.04698842926085778,-0.017969478977056363,0.028174592692033373,0.01071292834698041,0.01168320591286698,38.115617478537814,-0.04929740525999626,0
2024-07-24,MSFT,422.2638244628906,-0.035854723435217006,-0.03296358075611128,-0.04889664584240383,0.04350318514923268,-0.050869897931071995,-0.009579715370057196,0.01852904864024131,0.013974450661738951,28.801426110808947,-0.02459784424670519,0
2024-07-25,MSFT,411.9262390136719,-0.024481342824874686,-0.049889932788400704,-0.07466395724670205,0.03893051128042879,-0.0706342787255998,-0.03445359602988296,0.020213862608033914,0.014751844648854836,18.838736754080756,-0.003083049569050922,0
2024-07-26,MSFT,418.6899719238281,0.016419767107702432,-0.02708699145763782,-0.060903154690020944,0.0342905708719452,-0.0524719502957689,-0.01998067255422986,0.023521303069289578,0.015395077388877479,25.73731659786563,-0.03945732367622368,0
2024-07-29,MSFT,420.12744140625,0.003433255102377686,-0.036596325489587245,-0.04523986736437324,0.030674176046896928,-0.04707231181970106,-0.01784204015249602,0.021927252372278622,0.01527158208772894,29.28407867697426,-0.07400483309914563,0
2024-07-30,MSFT,416.3763732910156,-0.00892840539689288,-0.04929740525999626,-0.07402614695623166,0.025768298213585394,-0.05200170634983381,-0.027573403613086245,0.02096253495665896,0.014233125224618315,21.60184105838104,-0.05511689137522402,0
2024-07-31,MSFT,411.8770446777344,-0.010805917198708492,-0.02459784424670519,-0.08911771877774932,0.02057691337959655,-0.05792407537395039,-0.038539060675916836,0.01547989608795411,0.014139525987070254,23.777276786852312,-0.047615632242910655,0
2024-08-01,MSFT,410.65625,-0.0029639784336356056,-0.003083049569050922,-0.0947542451692901,0.015392098179689118,-0.05607617679981347,-0.04154720863896866,0.011011883441867506,0.01402686945880595,23.746457547517437,-0.03457117454436498,0
2024-08-02,MSFT,402.1695861816406,-0.02066610168080818,-0.03945732367622368,-0.1263366774841257,0.008609790368920178,-0.06936321753599917,-0.061350629929377676,0.009017276848058154,0.013651084927700506,20.706172267531485,-0.006046610133801145,0
2024-08-05,MSFT,389.0359802246094,-0.03265688507608688,-0.07400483309914563,-0.1524751244318584,0.0010037315952438064,-0.09240522137659679,-0.0914942398216142,0.011650988153516534,0.01479409088000187,18.575952451248767,0.02950784719496835,1
2024-08-06,MSFT,393.427001953125,0.011286929620186958,-0.05511689137522402,-0.13041293968330714,-0.005429544160060473,-0.07580049234399067,-0.0808184743835152,0.016760420814924088,0.015327540962252481,24.161533620917652,0.036035186974433975,1
2024-08-07,MSFT,392.2652587890625,-0.0029528811146544154,-0.047615632242910655,-0.14545840865732618,-0.012640407700020173,-0.07124574612331336,-0.08298557854544264,0.017165102046870884,0.014515600697431968,24.735012156090946,0.04625654711761884,1
2024-08-08,MSFT,396.4593811035156,0.010692056511454773,-0.03457117454436498,-0.11438302104140996,-0.018238301187234462,-0.05559058340898526,-0.07281500679283259,0.01942124507923269,0.01448998119706319,29.511995134933272,0.04742809756865052,1
2024-08-09,MSFT,399.7378234863281,0.008269302074999985,-0.006046610133801145,-0.1047954366782935,-0.023343217695296348,-0.04244405164885945,-0.06479648860664611,0.01857107138816998,0.014821715561093988,27.349723897482136,0.03252116312503106,1
2024-08-12,MSFT,400.5155944824219,0.001945702784165837,0.02950784719496835,-0.10386366207792741,-0.028166347192900565,-0.035216823120936436,-0.06239124104678173,0.006156154935236191,0.014846898733444717,26.337468079313695,0.03805153802986028,1
2024-08-13,MSFT,407.6042175292969,0.017698744180074888,0.036035186974433975,-0.07899524760823728,-0.031998942292275734,-0.013989542322387583,-0.045540834057194,0.007972233639900643,0.015665441234261855,39.606355025652746,0.027911465498685173,1
2024-08-14,MSFT,410.41009521484375,0.006883828883211152,0.04625654711761884,-0.06011008780368621,-0.03494782572916044,-0.004040151710988149,-0.038846782922233536,0.005771881539736872,0.015682478278953364,48.79652530322446,0.01929772927737128,1
2024-08-15,MSFT,415.2626953125,0.01182378346496571,0.04742809756865052,-0.0421943785408283,-0.0369585287677634,0.009977707582295547,-0.027349582578184428,0.005871357374579792,0.015988466302430112,47.19439643736688,-0.013015707418826072,0
2024-08-16,MSFT,412.7377624511719,-0.006080326718074236,0.03252116312503106,-0.04091818497514077,-0.03865809642000506,0.0059909221915013244,-0.032898771876227584,0.009122742028388942,0.015967798600721644,44.05655167335517,-0.00401461308515727,0
2024-08-19,MSFT,415.7558288574219,0.007312309850996623,0.03805153802986028,-0.046620968438354615,-0.04073644035576096,0.01586401787200553,-0.02551866610160103,0.008768492272577214,0.01571879407911923,49.4949469860749,-0.019073310672957478,0
2024-08-20,MSFT,418.9810485839844,0.007757485289926036,0.027911465498685173,-0.0433502100819696,-0.04290868133193815,0.026124694219920475,-0.01790496329119473,0.006789368992242809,0.01581327478198357,55.904309122987506,-0.0258003924636091,0
2024-08-21,MSFT,418.330078125,-0.0015536990543711937,0.01929772927737128,-0.009315849736581727,-0.0431763052738251,0.02502416561186016,-0.019232590675645422,0.007393385345835124,0.013674347405371793,56.43889228600957,-0.03192333730186525,0
2024-08-22,MSFT,409.8577575683594,-0.020252716693512585,-0.013015707418826072,-0.005021485036411644,-0.04290253216067852,0.004519204353133688,-0.03857721311764584,0.01151467013044246,0.013309888728637111,56.45248042684938,-0.0058477080679026905,0
2024-08-23,MSFT,411.0807800292969,0.002984016865249961,-0.00401461308515727,-0.018173809751324987,-0.04336680226297407,0.008457059863661076,-0.03527649804214661,0.011536062123654557,0.012756205392149035,73.12485354169787,0.000839773739179428,0
2024-08-26,MSFT,407.8259887695313,-0.007917643971419919,-0.019073310672957478,-0.029280288370460372,-0.04479426245868601,0.0019843367822856006,-0.04289881257903261,0.01086612898664729,0.012808539538830856,65.47329675216419,-0.009794710154612196,0
2024-08-27,MSFT,408.1711730957031,0.0008464010035587055,-0.0258003924636091,-0.01970620986598992,-0.0457370806895927,0.003844256667659307,-0.04206864909933372,0.009364830670278762,0.012692369650134445,67.39798476389109,-0.011936939142888958,0
2024-08-28,MSFT,404.9755859375,-0.007829036857176286,-0.03192333730186525,-0.0167561140622301,-0.04646687997268706,-0.003168904047525456,-0.04948853493619121,0.009176158490361042,0.012587324521025185,59.5230993830746,-0.005382344253005211,0
2024-08-29,MSFT,407.4610290527344,0.006137266545292341,-0.0058477080679026905,-0.007780767849668968,-0.046760887346803504,0.0033434742791222938,-0.0435737568917941,0.006414638263696536,0.012668037591479196,58.79227395524133,-0.027643256659104276,0
2024-08-30,MSFT,411.4259948730469,0.009730908081026168,0.000839773739179428,0.023016182748403002,-0.0454495794395523,0.011953632272014625,-0.03403923472707593,0.008013559563141764,0.011897747754054147,61.58029621241472,-0.02737700334982318,0
2024-09-03,MSFT,403.8314514160156,-0.01845907539064151,-0.009794710154612196,0.03803111265663417,-0.04318404305822254,-0.008530140455612067,-0.05134581756110679,0.011366329322846138,0.0100511980735909,46.03813613639276,0.011625702263377002,1
2024-09-04,MSFT,403.2988586425781,-0.0013188491673196134,-0.011936939142888958,0.025091965321254905,-0.04149940204585312,-0.011036213640532866,-0.05207761941945355,0.011275719879338328,0.00982535373813461,42.15791921567411,0.03458053193961508,1
2024-09-05,MSFT,402.7958679199219,-0.0012471910392933827,-0.005382344253005211,0.026845632884665127,-0.03956753241605515,-0.013543304544335721,-0.05257496181881249,0.010852074888999537,0.009793977294553056,34.79307703131592,0.045569166625943236,1
2024-09-06,MSFT,396.1974792480469,-0.01638147060929329,-0.027643256659104276,-0.0006606019883796943,-0.03847551809047922,-0.029671797293814528,-0.06700567761073861,0.011767400226420461,0.010296003318456001,31.648043557758683,0.07191934373078923,1
2024-09-09,MSFT,400.1623840332031,0.010007395283486709,-0.02737700334982318,0.0010620975097432872,-0.037137890201121126,-0.020012288596483296,-0.056406964621035116,0.0118573787146173,0.010376341433895896,33.05462808568889,0.06314704853475561,1
2024-09-10,MSFT,408.5262756347656,0.020901243933184155,0.011625702263377002,0.020000921968333918,-0.035199185129167865,-0.0005097243321260381,-0.035690967580162436,0.013964630927169833,0.011371371673952616,39.780200110973865,0.05057927751423463,1
2024-09-11,MSFT,417.2451477050781,0.021342255297447377,0.03458053193961508,0.0236526752206343,-0.033358672495294894,0.019619151137792556,-0.014393990194943695,0.015989606644539838,0.011677168820293363,49.08394440639464,0.018367078109598145,1
2024-09-12,MSFT,421.15093994140625,0.009360905112523632,0.045569166625943236,0.026171005177004325,-0.0313166128831458,0.027814839511258738,-0.004372839933268091,0.01532419990359305,0.011753133246287543,60.33209683030464,0.02737706512204041,1
2024-09-13,MSFT,424.6917419433594,0.008407441765286627,0.07191934373078923,0.0227062212360869,-0.029638429406603217,0.03526498301103875,0.004581354894937828,0.006524465649345563,0.011617062021964702,61.94598961190348,0.010868838043793128,1
2024-09-16,MSFT,425.4314575195313,0.0017417705670166317,0.06314704853475561,0.03075486718969933,-0.027624492223794817,0.03546614327779629,0.006861916854816075,0.00852932311069398,0.011490488017695307,66.16554711046898,0.0050308675317980445,0
2024-09-17,MSFT,429.1892395019531,0.008832872877646336,0.05057927751423463,0.03231081734067054,-0.02551088855261674,0.042907347129403695,0.016301854026080198,0.0070910535934759055,0.011535366146896518,68.1608955352971,-0.01374221371614659,0
2024-09-18,MSFT,424.9087219238281,-0.00997349696626193,0.018367078109598145,0.014147831649849785,-0.024199256455481044,0.031762841601108205,0.006794947995967249,0.008236322207854602,0.011721491202751856,66.90647109586155,0.0030175799619187593,0
2024-09-19,MSFT,432.6808166503906,0.018291210148319248,0.02737706512204041,0.03430482118262246,-0.02206301587702264,0.04880767157452648,0.025667811264634466,0.010448943690567902,0.012338337226088247,69.63000476021713,-0.016822934832172343,0
2024-09-20,MSFT,429.3076477050781,-0.007795975267463784,0.010868838043793128,0.04745522020154702,-0.01914326023191648,0.03818387914441268,0.01830965497737047,0.011739289937254404,0.011451154736166952,64.04773024337898,-0.016656414942954334,0
2024-09-23,MSFT,427.5717468261719,-0.004043489297676728,0.0050308675317980445,0.040116122178467606,-0.01647702194890932,0.03192834461880634,0.014925238634820426,0.012078328603991528,0.01153922342701864,70.54106036297422,-0.007404713164701371,0
2024-09-24,MSFT,423.2912292480469,-0.010011226443044752,-0.01374221371614659,0.03792117448222565,-0.013988406655156882,0.019694482840230787,0.005430581750241803,0.011987101438867177,0.011643256980884371,66.24462529570172,-0.019759117378459035,0
2024-09-25,MSFT,426.19091796875,0.006850339719663534,0.0030175799619187593,0.044147519621190456,-0.010929258377828543,0.024456207242584904,0.013259660656860461,0.011797046913560639,0.011691230472910362,68.29681253505495,-0.03466711787626353,0
2024-09-26,MSFT,425.40185546875,-0.001851429645100655,-0.016822934832172343,0.050438273912152276,-0.007448182865147923,0.020055281538311487,0.012457723268854304,0.006536630111224072,0.011495384384203737,75.12303334357189,-0.03424446152133265,0
2024-09-27,MSFT,422.1569213867187,-0.0076279264895441345,-0.016656414942954334,0.03606698870846459,-0.004456079227916354,0.01049394849049512,0.0059911073966913975,0.006508557547589574,0.011678415234740577,69.15808998853247,-0.02794248172409075,0
2024-09-30,MSFT,424.40570068359375,0.005326880084041141,-0.007404713164701371,0.031548093636018404,-0.0014850736584344215,0.014301072095754375,0.012794760291863216,0.007524019202632544,0.011562701174584326,65.48075589985197,-0.04824531316266445,0
2024-10-01,MSFT,414.9273681640625,-0.022333188513406932,-0.019759117378459035,0.027476603689830403,0.0015956192978887618,-0.009664615131193877,-0.008084416879715062,0.011817127112711883,0.011942939160677447,47.77338214073583,-0.014214854880063355,0
2024-10-02,MSFT,411.4161071777344,-0.008462350897373905,-0.03466711787626353,0.020127129946455158,0.00420684048564568,-0.018995479225693224,-0.01486854969109852,0.010199248019317639,0.012134565622414255,40.576620734028126,0.0007911709886958551,0
2024-10-03,MSFT,410.8341979980469,-0.0014144054390075045,-0.03424446152133265,0.019956336989343404,0.007106536169897204,-0.021320937482362745,-0.014365919325860066,0.010256003669883197,0.012136301305107499,35.77069104045269,-0.0016805555400801753,0
2024-10-04,MSFT,410.3608093261719,-0.0011522620905994874,-0.02794248172409075,0.03574815797668873,0.010312478700840844,-0.02409496135167022,-0.014030961426566124,0.010546215951684923,0.011442416151623124,34.43993731043618,0.0006248371812778153,0
2024-10-07,MSFT,403.93011474609375,-0.015670830239948086,-0.04824531316266445,0.009415504463253122,0.01249242409444018,-0.039818378308925095,-0.027823382283072906,0.00919834381751152,0.011906581935384464,25.284734776073194,0.023440950584550313,1
2024-10-08,MSFT,409.02923583984375,0.012623770567230963,-0.014214854880063355,0.001231157541327299,0.01409494555773616,-0.027755385910891217,-0.014051651006502852,0.0104910311956357,0.01128928464313474,34.70739920659601,0.009717624395008118,0
2024-10-09,MSFT,411.7416076660156,0.006631241946807753,0.0007911709886958551,-0.013190183443313686,0.014688128830431468,-0.020667631299146727,-0.006283071299856946,0.010630487487889898,0.010266866943167386,27.65727980826847,-0.0032099884160546877,0
2024-10-10,MSFT,410.1437683105469,-0.0038806846957396557,-0.0016805555400801753,-0.0261359303445714,0.014441765955809815,-0.02318943269287621,-0.009082563096664886,0.010780485974797784,0.010013625287475467,28.74638023537445,0.0021162102328857735,0
2024-10-11,MSFT,410.6172180175781,0.0011543506048659058,0.0006248371812778153,-0.03314056416867728,0.013677871481311277,-0.020420059966132498,-0.007021491440678762,0.010783702191572113,0.009772933411678356,30.654944712097645,0.004419660790458302,0
2024-10-14,MSFT,413.3986206054687,0.006773711539226124,0.023440950584550313,-0.028283843851650725,0.012914851437767716,-0.012367124834404608,0.00038800702341434956,0.006265143345180999,0.009928069649946416,38.31275260218553,-0.0008589833670522573,0
2024-10-15,MSFT,413.0040283203125,-0.0009545079869358597,0.009717624395008118,-0.0377111299445031,0.011898553060931016,-0.011398496191279417,0.00036443125790497355,0.004697025488584725,0.00963470519392955,33.44068648791165,0.020944016972632484,1
2024-10-16,MSFT,410.419921875,-0.00625685530434672,-0.0032099884160546877,-0.03409861765893685,0.011268430577546118,-0.015877484509369655,-0.004787968263763487,0.005008307337742622,0.009505276108932342,31.99814014614813,0.020378789230732552,1
2024-10-17,MSFT,411.01171875,0.0014419301877364177,0.0021162102328857735,-0.05008102293081185,0.009100086151853537,-0.011891387150977262,-0.0028995136466626326,0.004701655132281048,0.008313003155394773,35.69625805845173,0.019221516551193307,1
2024-10-18,MSFT,412.4320068359375,0.003455590245107887,0.004419660790458302,-0.03930896866000788,0.007032506134373007,-0.00646146908722911,0.0005255967261508232,0.004898588385742174,0.008318782950939605,34.29908232503266,0.023890360715825842,1
2024-10-21,MSFT,413.04351806640625,0.0014826958633984422,-0.0008589833670522573,-0.033978458276552215,0.005499845353978516,-0.0032441232965915168,0.0022378798809465916,0.003746325411750425,0.00833804344822008,46.78125462763082,0.018649373716715933,1
2024-10-22,MSFT,421.6539916992187,0.020846407838866376,0.020944016972632484,-0.003867874965745588,0.005239151002510267,0.017735708831121633,0.023067779890334927,0.01002488616833731,0.009492948929309129,64.89669228822251,0.010385649079183601,1
2024-10-23,MSFT,418.7837829589844,-0.006807023760566522,0.020378789230732552,-0.017379851839800953,0.004242781269686358,0.011712348430349406,0.016004822632579963,0.010170237583284216,0.009453951017588344,60.84490436207529,0.01867641712382251,1
2024-10-24,MSFT,418.9119873046875,0.00030613493387265933,0.019221516551193307,-0.015255852979088047,0.003170175001637743,0.012816038102207328,0.016026842187456536,0.010256320902716028,0.009454036993505308,61.77651581059404,-0.043274494154109555,0
2024-10-25,MSFT,422.28515625,0.00805221394359168,0.023890360715825842,0.00030376112953467427,0.002714371948335348,0.020955622812136365,0.023726876115192752,0.01041613617372454,0.009501579937402412,77.60278222431106,-0.04152747907127341,0
2024-10-28,MSFT,420.74652099609375,-0.0036435930345497525,0.018649373716715933,-0.00862189099158217,0.0015191054058401043,0.017685837694411344,0.019231809751899975,0.011054098534219027,0.00945137182386487,69.73400985590331,-0.04249982338462943,0
2024-10-29,MSFT,426.03314208984375,0.012564859909558468,0.010385649079183601,0.026765585444318063,0.001368491599970767,0.029090734196917767,0.0304990362222739,0.008069756480379104,0.008343601562512508,72.1489711692812,-0.0474360996583586,0
2024-10-30,MSFT,426.6051635742187,0.0013426689800914993,0.01867641712382251,0.03691896387012994,0.0018654435766081168,0.02858555103530014,0.03050431934447073,0.006490920678095527,0.008018138400857239,76.34963172544387,-0.028552904864854955,0
2024-10-31,MSFT,400.7837829589844,-0.06052758573969308,-0.043274494154109555,-0.024463433394876,0.000308497568572319,-0.03250000167599343,-0.0322015302789167,0.02977003508046037,0.016102452476521284,41.31082680116792,0.046954579584695955,1
2024-11-01,MSFT,404.7487182617187,0.009892953436042795,-0.04152747907127341,-0.013675991802600374,-0.0007024752942463852,-0.022266267122583838,-0.0229531009142816,0.03003520755527485,0.01628928211011652,42.513233382991494,0.029656167782293075,1
2024-11-04,MSFT,402.8648681640625,-0.0046543695202959645,-0.04249982338462943,-0.002637205157879463,-0.0009567373234229404,-0.026691771990769553,-0.027622972299700566,0.030001314649901654,0.01593374742512125,41.44478663466783,0.023380594127327292,1
2024-11-05,MSFT,405.82379150390625,0.0073447043256171796,-0.0474360996583586,-0.007836712036869198,-0.00155678280824334,-0.01916331872552024,-0.02069026840862276,0.02917416410244491,0.01575622033131841,46.14625628575316,0.028119419757837827,1
2024-11-06,MSFT,414.4243469238281,0.021192831962980385,-0.028552904864854955,0.006515589408172318,-0.0015069769543255562,0.001298771178535274,-0.00021016299402520922,0.03218336117227012,0.0164146698138699,52.52261157804837,0.011947327574951538,1
2024-11-07,MSFT,419.6024169921875,0.01249460874293451,0.046954579584695955,0.023061788115426918,-0.0007353704651729132,0.01265248874484981,0.011907814013143003,0.00936127218567985,0.0165943705356339,55.021396929715856,0.003431825897783236,0
2024-11-08,MSFT,416.75201416015625,-0.006793103939828682,0.029656167782293075,0.014940425957285397,-5.549772423452115e-05,0.005029437805492254,0.004973660958905279,0.01174686037045687,0.016692280837944277,52.518077442070975,-0.017844367328079036,0
2024-11-11,MSFT,412.2840881347656,-0.010720826471335543,0.023380594127327292,-0.0026960236806564675,-0.00017164892665688658,-0.005611673517486593,-0.005782359206407572,0.013319695505723293,0.016824907835908787,43.25856783457295,-0.005382641023410906,0
2024-11-12,MSFT,417.2353210449219,0.012009274800190317,0.028119419757837827,0.010245160905132167,0.0002790568780697278,0.005816967994436206,0.006097648137434186,0.013708597317932447,0.017034491517471936,48.91830817770956,-0.012386805790271405,0
2024-11-13,MSFT,419.3756103515625,0.005129693481559672,0.011947327574951538,0.021820793775430003,0.0013429405438500908,0.009886367996820633,0.011242585345085265,0.010704635662164485,0.01698165833224183,50.31501261543412,-0.022836393273226063,0
2024-11-14,MSFT,421.04241943359375,0.003974501713711831,0.003431825897783236,0.024404901918855026,0.0024430235619203877,0.0126771204136793,0.015151114479467598,0.009284720575164813,0.016992835109275434,49.135567444929094,-0.03090626335915536,0
2024-11-15,MSFT,409.3153381347656,-0.02785249361478581,-0.017844367328079036,-0.007556806090492585,0.0020891446869579777,-0.015159339061084909,-0.013101864426784071,0.01593785860824823,0.01818839303530401,43.035720062634006,0.006830447394192696,0
2024-11-18,MSFT,410.0649108886719,0.0018312843034957726,-0.005382641023410906,-0.007211364051125213,0.00177095436460184,-0.013002138343672809,-0.01125421017271988,0.015497023278980265,0.01819027573763897,39.70230689328476,0.009304006465130188,0
2024-11-19,MSFT,412.0671081542969,0.004882634949881393,-0.012386805790271405,-0.022736375638916062,0.00044465110170488487,-0.007037359168541424,-0.006595837236343938,0.014283734538977336,0.017557348706488823,40.79441399639108,0.026464651476769463,1
2024-11-20,MSFT,409.798583984375,-0.005505229912872389,-0.022836393273226063,-0.02145546064635795,-0.0007037597853929434,-0.011433638067333107,-0.012129351318053594,0.013659061931233335,0.017537085059318565,58.13457936307306,0.020088723202078107,1
2024-11-21,MSFT,408.0295715332031,-0.004316785172784554,-0.03090626335915536,-0.025977809423651688,-0.002137868786908026,-0.014407382893347753,-0.016514450586067042,0.01284703951943133,0.017550341073750263,53.08267158179794,0.0256498108907397,1
2024-11-22,MSFT,412.1111450195313,0.010003131564683798,0.006830447394192696,-0.0240927512603486,-0.003550146530978626,-0.00332369160410817,-0.006862038542868487,0.006455429002508933,0.01760958939242824,58.34318236140962,0.03352525588974786,1
2024-11-25,MSFT,413.8801574707031,0.004292561539649631,0.009304006465130188,-0.016319477839376817,-0.004475631180126283,0.0017863889620244322,-0.002697237436240174,0.006590958235990572,0.017637878909016698,57.42902088357708,0.029632964103812,1
2024-11-26,MSFT,422.9723205566406,0.02196810579541042,0.026464651476769463,-0.007184468133602739,-0.00560880425999033,0.024173124870449314,0.018428738284708146,0.011293748295824645,0.01812778581079718,57.81152390811573,0.02203325739033679,1
2024-11-27,MSFT,418.0309143066406,-0.01168257592718358,0.020088723202078107,-0.020098793919277935,-0.007227975978973178,0.013259981537163013,0.005936162730157513,0.012981468759009693,0.01830255622418886,48.557651101417335,0.046407744408925256,1
2024-11-29,MSFT,418.4954528808594,0.001111254116191951,0.0256498108907397,0.04419258132429871,-0.005722982444984259,0.012213199636025074,0.006420321263926665,0.012316484767622862,0.0117369833510351,51.67344394523733,0.04748965946023476,1
2024-12-02,MSFT,425.9272766113281,0.017758433644402105,0.03352525588974786,0.05232520177102806,-0.0043628139186207004,0.027556717115911455,0.023073678368306094,0.013512516439002585,0.012132373388395392,62.39045481001081,0.034897076941430294,1
2024-12-03,MSFT,426.1446533203125,0.0005103610896062261,0.029632964103812,0.057785592628964544,-0.0026043658759665744,0.025202226950080453,0.022532225254246807,0.013783398166345629,0.012023793662228749,58.852432272787645,0.02813073532137289,1
2024-12-04,MSFT,432.2917785644531,0.014424973295441346,0.02203325739033679,0.06522039272872959,-0.000378935122100299,0.03669014557246042,0.0362973072655679,0.011869490608131177,0.012263948156127833,61.88716382798373,0.02645048261117977,1
2024-12-05,MSFT,437.4307861328125,0.011887821659308129,0.046407744408925256,0.055514207550197314,0.0015708802797900212,0.046128265941374424,0.04777160820447257,0.007884958513463615,0.01171089068917491,64.176686004887,0.01567937784800222,1
2024-12-06,MSFT,438.3696594238281,0.0021463356507571696,0.04748965946023476,0.044726249591622524,0.0031289787815544923,0.04602620010541103,0.049299193890490756,0.007631014803759341,0.011485067535027996,80.90082674671015,0.00834132932047682,0
2024-12-09,MSFT,440.7908935546875,0.005523270324049534,0.034897076941430294,0.057681495416344264,0.00536029777837177,0.04879569001071138,0.054417547217841644,0.006058542982343472,0.011303254222975994,81.5566363876277,0.012488302968823417,1
2024-12-10,MSFT,438.1324157714844,-0.006031154050766041,0.02813073532137289,0.06269542866342581,0.007941503701373254,0.03927435808449853,0.04752775924596886,0.008133784619477584,0.011052361680864155,76.41389232164218,0.025105589903768433,1
2024-12-11,MSFT,443.7261047363281,0.012767119627508317,0.02645048261117977,0.06349122990130107,0.010522971470275033,0.04924629187394802,0.06028748066862932,0.007706153921717019,0.011085750995399123,82.21049905055058,-0.02583580198014901,0
2024-12-12,MSFT,444.2894287109375,0.0012695308403010142,0.01567937784800222,0.059406931982739275,0.012717905309621358,0.04749285461880004,0.060814769556347015,0.006836617879494427,0.011082910818595077,85.23136537208173,-0.02787166733660862,0
2024-12-13,MSFT,442.0262451171875,-0.005093939777762402,0.00834132932047682,0.04983779475669503,0.014845606627055696,0.03958540969402957,0.05501868574157376,0.007797617387275769,0.011223324829860278,80.13130100993209,-0.02385580375352203,0
2024-12-16,MSFT,446.2956237792969,0.00965865422985801,0.012488302968823417,0.09034668921289146,0.01857046890591163,0.045081732690453125,0.06448939051151736,0.00849443428154799,0.008745858428188131,81.08407235030809,-0.03618320709863743,0
2024-12-17,MSFT,449.1319885253906,0.006355349671760102,0.025105589903768433,0.09527047206271466,0.022353305221606057,0.046934776164840875,0.0703372287635673,0.007065264059774739,0.00873523208620453,78.50518693310525,-0.03329236754082332,0
2024-12-18,MSFT,432.2620849609375,-0.03756112678556056,-0.02583580198014901,0.04900895122907678,0.02439465881999614,0.0052446389879863275,0.029767238986728506,0.018995626615120453,0.012849105368428423,62.307656169914466,0.0016462440530333744,0
2024-12-19,MSFT,431.9063415527344,-0.0008229808270954209,-0.02787166733660862,0.05394786227275561,0.026794987857081676,0.0018419783728540473,0.02868632201806931,0.018843361558739596,0.012738242492592576,61.620111968201286,-0.014873267707725457,0
2024-12-20,MSFT,431.4813537597656,-0.0009839813683699683,-0.02385580375352203,0.05747569260345653,0.029339374386915695,-0.0018586760856879048,0.027426165907685762,0.018954426759856573,0.012663080557927793,55.47753738952889,-0.026958264648133334,0
2022-04-27,SPY,394.8516540527344,0.0028119194070415077,-0.06170321638169063,-0.09593759876228303,0.004615981191696594,-0.05455558155342177,-0.05019142790007791,0.016350859320373088,0.012284099916140554,27.695606838615788,0.028255054933342683,1
2022-04-28,SPY,404.8254089355469,0.025259498802759017,-0.023398557550552535,-0.06734244337045125,0.002002653639358254,-0.027270057304405126,-0.025322016144553094,0.02328986308394823,0.014009939293293474,35.811007889226005,-0.032725032846929625,0
2022-04-29,SPY,389.86480712890625,-0.03695568873993904,-0.03295463018439593,-0.08776900003120491,-0.0008461108880696289,-0.05897718921899242,-0.05977339886511612,0.025877628553078073,0.01570924184861323,29.897132325252755,-0.0016020239387746216,0
2022-05-02,SPY,392.2115173339844,0.006019292231992157,-0.03274141995539559,-0.08487142544450232,-0.004067984204438879,-0.04913870020354605,-0.05300678895173028,0.025903956799707605,0.015802998350429105,34.72986591537257,-0.03935025766832789,0
2022-05-03,SPY,394.0094604492187,0.004584116059251908,0.0006729850113378344,-0.08848517384571541,-0.007516553674335791,-0.04033043626533417,-0.047543844050772166,0.022739431681838593,0.01565667506477739,36.891206906199386,-0.04152451935581247,0
2022-05-04,SPY,406.0082092285156,0.030452945890225402,0.028255054933342683,-0.04871067936923246,-0.009394301867298616,-0.008595621453327151,-0.017909173457956173,0.026532947789170168,0.017351843511585627,42.190063464781886,-0.08462684032872025,0
2022-05-05,SPY,391.5774841308594,-0.03554293920577878,-0.032725032846929625,-0.07325545609981954,-0.011790740436078084,-0.040205928581379835,-0.051522611349563374,0.02922297064873609,0.018822262523224616,38.1239660260807,-0.051883567342162595,0
2022-05-06,SPY,389.240234375,-0.0059688052826814,-0.0016020239387746216,-0.08340577791176362,-0.014394200578922045,-0.04177531640292853,-0.05556819469829888,0.0238930617556317,0.018716152615534182,37.10409882790233,-0.02338696930619044,0
2022-05-09,SPY,376.77789306640625,-0.032017094349468866,-0.03935025766832789,-0.11037368640369416,-0.018195854993982907,-0.06708699012894237,-0.08406213997855627,0.027276794855254995,0.019715496255071668,28.568845853134007,0.0048218658641348,0
2022-05-10,SPY,377.6484069824219,0.0023104166460801157,-0.04152451935581247,-0.09281224923607956,-0.02139105720956902,-0.06043742586697565,-0.08053566264222523,0.02703875284347855,0.019599583311610613,29.252297546203938,0.023127597469789762,1
2022-05-11,SPY,371.6490173339844,-0.015886177559638837,-0.08462684032872025,-0.10390384243087902,-0.024955596388214762,-0.07038011016582668,-0.09357932893098497,0.016311712796580585,0.019756502743220845,29.335019930280794,-0.002266345710509654,0
2022-05-12,SPY,371.2610473632813,-0.0010439149644095869,-0.051883567342162595,-0.11497596307388047,-0.028880697849025028,-0.06571478410067455,-0.092697593125874,0.013838804799575128,0.019393567448518927,32.809614414646816,-0.007340605164678382,0
2022-05-13,SPY,380.1370849609375,0.02390780735198139,-0.02338696930619044,-0.08239120592357552,-0.03142758625771325,-0.03925194089787587,-0.06944593339723848,0.02092937441295877,0.020424706569324,37.23433780579446,-0.03009561723306664,0
2022-05-16,SPY,378.59466552734375,-0.004057534754211778,0.0048218658641348,-0.08649000707271648,-0.034487275056372946,-0.03879627549643583,-0.07194557272860047,0.014503218894781846,0.020397292124469543,41.49761950678796,-0.007923155236385537,0
2022-05-17,SPY,386.3825073242187,0.020570394952679205,0.023127597469789762,-0.08250941315085247,-0.03783232225026245,-0.014677746459040408,-0.051954775475356874,0.01698739946302409,0.020653434229741897,45.57849639848766,-0.03534007077808021,0
2022-05-18,SPY,370.8067321777344,-0.040311802038735856,-0.002266345710509654,-0.11884182179488423,-0.04261996022743908,-0.0483293735069783,-0.0888895377577329,0.02567656649426502,0.022156176019190527,33.22124658923144,0.014061369011147296,1
2022-05-19,SPY,368.5357666015625,-0.0061243914392670185,-0.007340605164678382,-0.11094374682741004,-0.047118477777966405,-0.04854275357983506,-0.09337397070196873,0.02581908321786854,0.022057620145546585,37.9747819868975,0.04069738940625256,1
2022-05-20,SPY,368.6966247558594,0.0004364790852735556,-0.03009561723306664,-0.08546153097910858,-0.04997997586226788,-0.04387508178664301,-0.09166218212025945,0.021957059746466466,0.02148013590820579,36.40738472307285,0.06578034376831066,1
2022-05-23,SPY,375.5950012207031,0.018710169829766254,-0.007923155236385537,-0.07372050157510823,-0.052208548561305745,-0.022195873079253525,-0.07324560732304042,0.02463190145611128,0.021985695160848452,39.94835288618479,0.04033557757519657,1
2022-05-24,SPY,372.7277221679687,-0.007633964891480494,-0.03534007077808021,-0.05337663234518042,-0.053276642037411226,-0.026998560072759914,-0.0788368094896491,0.02137263227005279,0.02119333064278933,29.822118393089085,0.03985887140683686,1
2022-05-25,SPY,376.0207824707031,0.008835029183180687,0.014061369011147296,-0.04769100341546573,-0.05445082214184627,-0.01598346081890123,-0.06956397037848638,0.010995950661081355,0.021315585092103496,39.09527224062866,0.05038124980268144,1
2022-05-26,SPY,383.5342102050781,0.019981416146753528,0.04069738940625256,-0.05259353355920049,-0.05593465089206695,0.006482511421468828,-0.04981473648386181,0.011838131039464898,0.020987573593868054,46.2708774023647,0.01290360671275903,1
2022-05-27,SPY,392.9496154785156,0.02454906243801047,0.06578034376831066,0.007912507857087414,-0.05484715666117368,0.030773494934714263,-0.025761500424155592,0.012823535064514375,0.02016088933771547,61.00726388228233,-0.008356054240650557,0
2022-05-31,SPY,390.7448425292969,-0.005610828621205988,0.04033557757519657,-0.003739499580881933,-0.05436704929060432,0.02518721353179254,-0.030549190238387758,0.014558465525195474,0.020163729150843,58.7550533777046,0.006804943514595152,0
2022-06-01,SPY,387.584228515625,-0.008088690290096179,0.03985887140683686,-0.016307303703490095,-0.05484823996514565,0.017752640926126606,-0.03806930014855037,0.014681632849527653,0.020211388384505105,61.07306977010497,0.003979650970523663,0
2022-06-02,SPY,394.9651794433594,0.019043475932965626,0.05038124980268144,-0.027199030793342516,-0.0563083308595812,0.038640100438056546,-0.019843989981438326,0.01552404486947769,0.019434056679005024,65.01253787745542,-0.038213771533305074,0
2022-06-03,SPY,388.4831848144531,-0.016411559717850577,0.01290360671275903,-0.007902137997730652,-0.05611796501450206,0.022010205356153056,-0.03534292759248758,0.01799449979604125,0.018078063246013704,55.45113778561243,-0.05051863667796641,0
2022-06-06,SPY,389.6661071777344,0.003044977001633198,-0.008356054240650557,0.001094113005604802,-0.05560751013216381,0.02506478014489466,-0.03193652000313685,0.013465706041098905,0.018040057722203164,57.265274260403494,-0.08934189152919836,0
2022-06-07,SPY,393.4038391113281,0.009592140206047928,0.006804943514595152,0.04412664954838941,-0.05342994409268542,0.03263913884733105,-0.022534712609200702,0.01403913950143854,0.016457743159906276,54.86618339361912,-0.10071191214188258,0
2022-06-08,SPY,389.1266784667969,-0.010872188370589009,0.003979650970523663,0.03039406832426872,-0.0518372077454925,0.01987569363582531,-0.0329918145697532,0.014556891300496831,0.016718818745619476,65.05447425149939,-0.07786593623996674,0
2022-06-09,SPY,379.8720703125,-0.023783021484831357,-0.038213771533305074,0.02212585691065061,-0.04994377661191707,-0.005451761384511644,-0.05512325644369909,0.013775787507172114,0.01723944359428594,58.3565116218383,-0.08666287799912076,0
2022-06-10,SPY,368.8575439453125,-0.02899535719519064,-0.05051863667796641,-0.006473890635817159,-0.04858291781214763,-0.033985103369670644,-0.08091692569797226,0.016623582311641998,0.018519519112505753,50.10225813420502,-0.057361697015667734,0
2022-06-13,SPY,354.85260009765625,-0.03796843545033379,-0.08934189152919836,-0.06651412309819615,-0.04931569135379876,-0.06757599219458221,-0.11355912677438618,0.018468824389360018,0.019432948654115864,37.910859873211905,0.004507383591579206,0
2022-06-14,SPY,353.78338623046875,-0.0030131211294301963,-0.10071191214188258,-0.06553520573861071,-0.04976979585705965,-0.06734527517221667,-0.1137633104320177,0.014014921157435939,0.01943208106651582,38.722445960145784,0.005716492014767205,0
2022-06-15,SPY,358.82696533203125,0.014256121960110724,-0.07786593623996674,-0.07131674304568147,-0.0507764536863583,-0.050600886424576275,-0.0988080065449084,0.021190266555750625,0.019073499147391895,39.97349790307408,0.0013005566743169439,0
2022-06-16,SPY,346.9512634277344,-0.03309590151149311,-0.08666287799912076,-0.06433396883033304,-0.05065330379264987,-0.07911589804817654,-0.1257617202221638,0.02242936933954319,0.01839713534941424,29.699627302938637,0.06849845354418216,1
2022-06-17,SPY,347.6992492675781,0.002155881585367281,-0.057361697015667734,-0.056538657091894984,-0.050396877502359994,-0.07457155624651945,-0.12121026016356318,0.022851934248016348,0.018420008366631418,22.217463026294,0.062127410681035,1
2022-06-21,SPY,356.4520568847656,0.02517350162712484,0.004507383591579206,-0.03321041487483578,-0.04914710381354137,-0.049726818104341874,-0.09642999282619213,0.02202276802843848,0.01944666658960839,30.512083588268663,0.014877030152083526,1
2022-06-22,SPY,355.8057861328125,-0.0018130650096431777,0.005716492014767205,-0.05268764233702439,-0.04873904644072824,-0.048940998289070836,-0.09529470714133248,0.021973283157264385,0.018856244838865742,31.409679172376556,0.01589238362939538,1
2022-06-23,SPY,359.29364013671875,0.009802690512189516,0.0013005566743169439,-0.036042615647450815,-0.04753586980952962,-0.037890645420264324,-0.08362535044209718,0.02140142057971099,0.019010439579341072,28.13635725976151,-0.0021425536725621086,0
2022-06-24,SPY,370.7168884277344,0.03179362787125539,0.06849845354418216,-0.014105321541321936,-0.04553300111831027,-0.0065962497522144,-0.051828903823180394,0.014558043574696311,0.020325282669802283,39.73266691122524,-0.02266182984677445,0
2022-06-27,SPY,369.3009033203125,-0.0038195861899555927,0.062127410681035,-0.037110918676993565,-0.04471627922838228,-0.00849981292286206,-0.052836012143196665,0.0158977864812366,0.01975083603707946,38.262349187051505,-0.017061540409207265,0
2022-06-28,SPY,361.7550048828125,-0.020432927105393683,0.014877030152083526,-0.07938577712492678,-0.04604075575440081,-0.024674822233148208,-0.06957953052382937,0.019326585901956236,0.01915626067277598,32.52599948171215,0.00683052825766306,0
2022-06-29,SPY,361.46038818359375,-0.0008144094628744769,0.01589238362939538,-0.07494521016872402,-0.04706468703491795,-0.02160675206123097,-0.06765452407254591,0.019268110585087705,0.01916442386987631,34.02219204127795,0.022742857470922306,1
2022-06-30,SPY,358.5238342285156,-0.00812413766785025,-0.0021425536725621086,-0.07497826833255117,-0.04779427502439493,-0.02572352149380508,-0.07228835945732903,0.019424229933533085,0.01916485154538587,36.70044065761371,0.030271595198852808,1
2022-07-01,SPY,362.3157653808594,0.010576510653757198,-0.02266182984677445,-0.0826640315698568,-0.049374858554515844,-0.011031830864891012,-0.059861994330855484,0.011273172021489307,0.018724132435730904,45.52157451980831,0.007842836341847015,0
2022-07-05,SPY,363.00006103515625,0.001888672036055583,-0.017061540409207265,-0.06559646536945507,-0.0502358944863881,-0.005705933756580239,-0.05565518555682658,0.0116451117063429,0.01853898264254307,56.821847409917964,-0.0029586072418619214,0
2022-07-06,SPY,364.2259826660156,0.0033771940075255635,0.00683052825766306,-0.06528698299160773,-0.05105852010706469,0.001140116900620658,-0.04997661588813862,0.006781729169535599,0.018545041584530682,58.72067330408627,-0.011532760444800894,0
2022-07-07,SPY,369.6810302734375,0.01497709627273891,0.022742857470922306,-0.06030141671082523,-0.05193326494583206,0.019458046943631624,-0.03348573790945242,0.008861919596597819,0.018778253426955743,59.002424837627,-0.028484011666782827,0
2022-07-08,SPY,369.3769226074219,-0.0008226217769158328,0.030271595198852808,-0.050754052477695155,-0.052578503771539054,0.021400861448064967,-0.032302867597835516,0.006554826505772273,0.01868897470315492,73.0183709933267,-0.00910784374717799,0
2022-07-11,SPY,365.1573486328125,-0.011423491063879965,0.007842836341847015,-0.038735992534493224,-0.052454505126461326,0.01179134382801239,-0.041281670403723325,0.009456067741861574,0.0181422328697463,66.72740850857531,-0.0059338216047568615,0
2022-07-12,SPY,361.9260864257813,-0.008848958453470446,-0.0029586072418619214,-0.01879169243874501,-0.050973824257835476,0.003801992110709751,-0.047365634224806774,0.010532015433900388,0.017082041006873872,55.86554692195563,0.030039645539299054,1
2022-07-13,SPY,360.02545166015625,-0.005251444526684579,-0.011532760444800894,0.014577465576062876,-0.04802772621065743,-0.002185196011089907,-0.050107972226010156,0.010434501217029166,0.014742532067775644,54.40310494210077,0.04207686597135596,1
2022-07-14,SPY,359.1510314941406,-0.0024287731936269985,-0.028484011666782827,0.015172123600442733,-0.04499780300165923,-0.005348508128746432,-0.05010564001527562,0.004397444645873323,0.014735097992084462,49.84260746848276,0.05525123036511981,1
2022-07-15,SPY,366.0126953125,0.019105232107544,-0.00910784374717799,0.020025613108032747,-0.041719324882758535,0.012646928795544188,-0.02960001741840479,0.012161736048438164,0.01500461640253435,44.22683817828949,0.025861249556426547,1
2022-07-18,SPY,362.9905700683594,-0.008256886394501506,-0.0059338216047568615,0.046229278666298335,-0.03713273008349882,0.0020622458247385733,-0.03514706107633614,0.011602934698000718,0.012906620976913377,42.54944110989644,0.03565882479050164,1
2022-07-19,SPY,372.7982177734375,0.0270190151309746,0.030039645539299054,0.07218585763049501,-0.03200763255742001,0.025583970566390946,-0.007242544320278044,0.01592511485289338,0.014035879741128132,62.37756315271718,-0.003517969929563658,0
2022-07-20,SPY,375.1741943359375,0.006373358157908182,0.04207686597135596,0.05252357810695529,-0.02830826452288071,0.029469222947862805,0.00032673586649023534,0.014663595367802132,0.013113089002831292,64.68565519982013,0.01588259620287058,1
2022-07-21,SPY,378.99456787109375,0.010182932602596395,0.05525123036511981,0.06517258190294162,-0.024067875031882235,0.03665415067982236,0.011704088129978585,0.013371034788551294,0.013172713669251204,71.51417921314331,0.01825532933931151,1
2022-07-22,SPY,375.4782409667969,-0.009278040379441244,0.025861249556426547,0.04504560900081489,-0.021112161948231067,0.02476774280706917,0.0031326802616031824,0.01494135976528804,0.01336227112790573,63.91400510740652,0.04277511971833459,1
2022-07-25,SPY,375.9343872070313,0.001214840676412976,0.03565882479050164,0.014074079013300711,-0.019589378599236706,0.025282682775986665,0.005198032131846775,0.013319862266644122,0.011416449233092173,63.739099991571784,0.03842573899117574,1
2022-07-26,SPY,371.4867248535156,-0.011830953764456531,-0.003517969929563658,0.00591880906207054,-0.017837931756246594,0.01285071173513197,-0.00521645014006511,0.009612659403570192,0.011722071469144987,57.21844660194173,0.04392552393324922,1
2022-07-27,SPY,381.1329345703125,0.025966499127527465,0.01588259620287058,0.05356644531781196,-0.014859458963600414,0.036413031625651016,0.021012494712868923,0.015432382489250164,0.011978980777574857,60.50939431009063,0.03343816188436444,1
2022-07-28,SPY,385.9132385253906,0.012542353392963612,0.01825532933931151,0.0676501523850983,-0.011306109380868734,0.04593464385803392,0.03410919236933485,0.015730524780942563,0.01214508002521877,64.02325658432761,0.01994732557279777,1
2022-07-29,SPY,391.5393676757813,0.014578740993412387,0.04277511971833459,0.09208741594072722,-0.006773050550585968,0.05645638972160927,0.04930095718953509,0.014359590605757283,0.01207718295092446,71.85140098943329,0.0035924502348485543,0
2022-08-01,SPY,390.37994384765625,-0.0029611934937922024,0.03842573899117574,0.07745778999513409,-0.0023161091739305473,0.049354996467093626,0.0469245757330663,0.014996176909693626,0.012097046208533292,74.40503985944999,0.005404406045355081,0
2022-08-02,SPY,387.8044738769531,-0.006597341926224076,0.04392552393324922,0.06833170432826607,0.0011787664729221436,0.03896837504082362,0.04019307612774803,0.013392602456373685,0.012314706223958439,73.55356888722126,0.008062591318549472,0
2022-08-03,SPY,393.8773193359375,0.015659554925380403,0.03343816188436444,0.08140917474608411,0.004947075225782971,0.05106338595943427,0.05626307559684185,0.010566737849970984,0.01261700254376646,77.05875442949349,0.01336698853886209,1
2022-08-04,SPY,393.6111755371094,-0.0006757022701302517,0.01994732557279777,0.06473187235485622,0.007397824602784153,0.04701019691584807,0.05475579470995795,0.010373994424136336,0.012383299459422592,73.96833894765288,0.014052185902907244,1
2022-08-05,SPY,392.9459533691406,-0.001690048985679815,0.0035924502348485543,0.06380753457835309,0.009865757320537405,0.04197442691622166,0.05225429374638346,0.008631883357831454,0.012399687277171972,77.12569515296947,0.03296483790490767,1
2022-08-08,SPY,392.4897155761719,-0.00116107008879196,0.005404406045355081,0.07485092945738225,0.01258352438113719,0.03700665399210812,0.050055852506019294,0.008474659162491493,0.0119688527452957,71.46704975157803,0.038427030714239585,1
2022-08-09,SPY,390.9311828613281,-0.0039708880334757835,0.008062591318549472,0.08014093905744146,0.015572754370033914,0.028946148519102266,0.04496967414998254,0.007942408176534816,0.011747690690164481,67.48948750796853,0.04460894050780362,1
2022-08-10,SPY,399.1422729492187,0.021003927156159508,0.01336698853886209,0.10865015545063894,0.01993720032485724,0.04517764064402674,0.06601555664060843,0.010309100917451632,0.012128839883105078,70.37684508906293,0.01585752040623012,1
2022-08-11,SPY,399.1422729492187,0.0,0.014052185902907244,0.11134937101170617,0.02434066891444875,0.03973362500570721,0.06504143693119091,0.010258068602689883,0.012059981739191861,75.76579013299842,0.018810094950002076,1
2022-08-12,SPY,405.89935302734375,0.01692900135131703,0.03296483790490767,0.10897615909412295,0.02876927254206585,0.05187072721335095,0.08213228284357288,0.01150751218354092,0.011938656614769054,78.68979010321264,-0.011613088520665782,0
2022-08-15,SPY,407.5719299316406,0.004120669057051218,0.038427030714239585,0.122816854043579,0.033024436913666966,0.05013897498686126,0.08481922331689784,0.010844876151217637,0.011514792760692425,86.48857487064019,-0.03616544631624996,0
2022-08-16,SPY,408.3702087402344,0.0019586206751962543,0.04460894050780362,0.0954188868692909,0.03592788402454161,0.047395905841002506,0.0850266244738378,0.009502066621069567,0.010402175283181294,83.54399075738193,-0.040376789554215975,0
2022-08-17,SPY,405.4716796875,-0.007097797514847959,0.01585752040623012,0.08075578173810527,0.03826204434645919,0.03593669491987672,0.07557375068102545,0.008762949897461606,0.010714014122982762,75.25784328330556,-0.0304230701608611,0
2022-08-18,SPY,406.6501770019531,0.0029064849001572135,0.018810094950002076,0.07297099081448,0.04050149272042525,0.035290098548098614,0.07722089293797274,0.008593861813482833,0.010614109178142941,72.04674800548895,-0.01958459939514212,0
2022-08-19,SPY,401.18560791015625,-0.01343800986903454,-0.011613088520665782,0.06846566362185724,0.04259650779307789,0.018046387255117535,0.06141160812354496,0.007641039693521738,0.01091583228309165,64.00601885401272,-0.03986840153506188,0
2022-08-22,SPY,392.8319091796875,-0.020822528440101795,-0.03616544631624996,0.04494806154391662,0.04405784326779205,-0.005284535731818418,0.03854048228895812,0.010130019842886943,0.012183749009069643,55.66748705937721,-0.025934649211532768,0
2022-08-23,SPY,391.8815307617187,-0.002419300458441298,-0.040376789554215975,0.05490049722838708,0.04636890344700806,-0.01024674400852943,0.03564702915490092,0.009283681860682996,0.011785663943942438,47.45635215742154,-0.03429125717009973,0
2022-08-24,SPY,393.135986328125,0.0032011091820733917,-0.0304230701608611,0.031493084614544475,0.04794635747392095,-0.008581200443004144,0.03895371972692119,0.010627477829165118,0.01044796029065387,49.40925001195083,-0.04469760011426549,0
2022-08-25,SPY,398.68609619140625,0.014117531989678911,-0.01958459939514212,0.03309774423604095,0.04926711106475068,0.0037985251042065293,0.05325277852714838,0.013734913811101777,0.010540290050927248,56.36322548037204,-0.055040337118094085,0
2022-08-26,SPY,385.19097900390625,-0.03384897872390591,-0.03986840153506188,-0.01621392175596481,0.048539039310396825,-0.029403340574497783,0.017708488831896574,0.019224794086265765,0.012752146178366746,43.72345132627242,-0.03224718739705423,0
2022-08-29,SPY,382.6439514160156,-0.006612376007551268,-0.025934649211532768,-0.019816572427859058,0.048085733002904085,-0.03488063696871002,0.011527835037945522,0.017847957790509763,0.012811625230188145,42.992530003334,-0.029480853216862002,0
2022-08-30,SPY,378.44342041015625,-0.01097764903983156,-0.03429125717009973,-0.024138590700650497,0.04731169213632769,-0.04434719173297552,0.0008663597209708218,0.017935283913621106,0.01295044308989484,31.224116930572578,-0.0010799273661755704,0
2022-08-31,SPY,375.5637512207031,-0.007609246281338855,-0.04469760011426549,-0.04649561479221598,0.045539919026750475,-0.049420975683511115,-0.0061316838876107616,0.01705459695271066,0.012394988779498576,29.673869978390695,0.013158766122511212,1
2022-09-01,SPY,376.7422790527344,0.003138023380053756,-0.055040337118094085,-0.04285675187285076,0.044075137490520166,-0.044397998340902745,-0.0022797087315618025,0.013716256649925542,0.012450573045261072,22.19002272141157,0.02567984310524718,1
2022-09-02,SPY,372.7696533203125,-0.01054467723243191,-0.03224718739705423,-0.05134624717683289,0.04215591202117008,-0.052048851599535984,-0.012087106387198787,0.005712728357883405,0.012591353746430205,18.200845337011145,0.04775178151040915,1
2022-09-06,SPY,371.36328125,-0.0037727643808602718,-0.029480853216862002,-0.053826720771927516,0.039747222775198265,-0.053081616608945836,-0.01544424067437089,0.0058411018359409,0.012589664442100476,16.5580563655749,0.005988084969863916,0
2022-09-07,SPY,378.03472900390625,0.01796474797252512,-0.0010799273661755704,-0.03298906411872626,0.03761691119547339,-0.03448296611089885,0.0018368024106243386,0.011355265196552904,0.013401253982309694,26.788878745569804,-0.00799438657311169,0
2022-09-08,SPY,380.5057067871094,0.006536377728347809,0.013158766122511212,-0.04669153689085792,0.0339758961502421,-0.025853582017652976,0.0072439155148456,0.010784641687334383,0.012475999868388876,28.355616864742544,-0.025625639064993933,0
2022-09-09,SPY,386.4169616699219,0.015535259464898976,0.02567984310524718,-0.03188164256637338,0.030807520994489135,-0.009105870975900321,0.021421120707325603,0.012246753117502713,0.01309584261632143,37.863154362517115,-0.04785110476444254,0
2022-09-12,SPY,390.570068359375,0.010747733928410552,0.04775178151040915,-0.037766220994533306,0.027344826005387013,0.0035163610992201555,0.03095734138703743,0.008581007100549985,0.012704194585826773,48.00337494181135,-0.05067025050397711,0
2022-09-13,SPY,373.5870361328125,-0.043482677251488466,0.005988084969863916,-0.08338379388523687,0.021662272179890252,-0.035910022495262206,-0.015025642996650213,0.025506839696061392,0.015646183060327255,37.413359424537816,-0.01890660610862871,0
2022-09-14,SPY,375.0125732421875,0.003815809895684419,-0.00799438657311169,-0.08168479184843225,0.01604538213992801,-0.02804777522865054,-0.01245243036044108,0.02395573151788037,0.01569026949592408,37.5603478179268,-0.03968519284672423,0
2022-09-15,SPY,370.7550048828125,-0.011353134969758538,-0.025625639064993933,-0.08562046757850983,0.010839732033020466,-0.034739862436625635,-0.02427670120328207,0.023815286313696914,0.015761278776332665,30.482180221969912,-0.03681633728156464,0
2022-09-16,SPY,367.9264831542969,-0.007629085760850751,-0.04785110476444254,-0.09522605924617678,0.005209828660179827,-0.03725083669882934,-0.03223507851529872,0.020910560058657632,0.015681991508565023,35.822324382655864,-0.04567395322661383,0
2022-09-19,SPY,370.77978515625,0.00775508731388741,-0.05067025050397711,-0.07578991408065539,0.0007070806645845806,-0.025909575487744196,-0.02522081498301465,0.020214485929800005,0.01578842190165422,40.305861641618726,-0.06238584091540611,0
2022-09-20,SPY,366.5237731933594,-0.01147854368893686,-0.01890660610862871,-0.06697046592081801,-0.002567864344278803,-0.03375159443242559,-0.03623278926079876,0.008974825293156559,0.015391868573999632,40.269350908059046,-0.05391977236778811,0
2022-09-21,SPY,360.130126953125,-0.017444015116753198,-0.03968519284672423,-0.0810229656571898,-0.00634299257461457,-0.046616715629169914,-0.05266401872269577,0.00949854033438103,0.01570768464305091,38.08433928540294,-0.018177328480305954,0
2022-09-22,SPY,357.10516357421875,-0.008399639887112231,-0.03681633728156464,-0.09164977007175745,-0.010880373315792835,-0.05009443208162179,-0.06042975927532401,0.009330561227840008,0.015638036491630574,35.2592729023748,-0.03054354345064303,0
2022-09-23,SPY,351.121826171875,-0.016755113094577778,-0.04567395322661383,-0.11930255525313327,-0.01669183852116085,-0.06006409119579814,-0.07575334960579838,0.010226559500500332,0.015202837425623547,34.22608749794307,-0.029270109407973144,0
2022-09-26,SPY,347.64837646484375,-0.00989243461422129,-0.06238584091540611,-0.09746490594392077,-0.02116592761924052,-0.06466228746772007,-0.08445957779072433,0.004085736326453618,0.013789517689392551,33.22521288776139,0.0063133452284998,0
2022-09-27,SPY,346.7608947753906,-0.0025528141350111833,-0.05391977236778811,-0.09377662055766423,-0.02522535934199177,-0.06252472955624244,-0.0861728801274172,0.006204631191656131,0.013794766706094735,25.906950390625923,0.04015098223910751,1
2022-09-28,SPY,353.58392333984375,0.0196764648703327,-0.018177328480305954,-0.06568880770438501,-0.028099045081899754,-0.040855412904608146,-0.0678064598974617,0.013951501018928648,0.01474482742741741,30.563079826009783,0.017704279853391514,1
2022-09-29,SPY,346.1979064941406,-0.020889006422964873,-0.03054354345064303,-0.07819137132141762,-0.031202630607524595,-0.05713561540878276,-0.08655546451417351,0.015997154887264216,0.015240378902720038,21.568201901237813,0.028694366017281148,1
2022-09-30,SPY,340.8444519042969,-0.01546356719500952,-0.029270109407973144,-0.09528483832156442,-0.034714389064508744,-0.06715558517761588,-0.09953870913041407,0.015790837530345617,0.015352163634227494,15.43440528370826,0.015706444860504654,1
2022-10-03,SPY,349.84320068359375,0.02640133565038516,0.0063133452284998,-0.061503001739840024,-0.03691446843551571,-0.039513887198346254,-0.07496972149211412,0.02095169714293299,0.016790298996619532,31.434193395668117,-0.017975495090486793,0
2022-10-04,SPY,360.6836853027344,0.030986695176462797,0.04015098223910751,-0.028757813403948673,-0.03813674911596221,-0.008297732793797419,-0.04611803335597131,0.024435371143760685,0.018428838274747977,40.23385711569845,-0.05352299367038327,0
2022-10-05,SPY,359.8438720703125,-0.0023283926239052732,0.017704279853391514,-0.04811953912680278,-0.04045410528732518,-0.008126333028307897,-0.048251694783705945,0.0238123332589983,0.01786251192296925,42.199899819710375,-0.054443150088488546,0
2022-10-06,SPY,356.1318359375,-0.01031568527610549,0.028694366017281148,-0.06405651850905458,-0.04351325040858767,-0.015049537178756456,-0.05790793330755151,0.021428335736144385,0.017820637485003545,41.67347819885997,-0.0193731164942319,0
2022-10-07,SPY,346.1979064941406,-0.027893966337518727,0.015706444860504654,-0.10408201286499541,-0.04828940300016271,-0.03716875962746857,-0.08366330541496436,0.024951600777488328,0.018067799097199164,34.22345414141208,-0.014223287239053084,0
2022-10-10,SPY,343.5545959472656,-0.007635258611593421,-0.017975495090486793,-0.12037653732556142,-0.053573920542408504,-0.03823230919718623,-0.08975797504451188,0.021501771370816707,0.017670342388723323,34.94687182998986,0.018887778626291096,1
2022-10-11,SPY,341.3788146972656,-0.006333145519421213,-0.05352299367038327,-0.08621343440861973,-0.0569406845633903,-0.039995351320171846,-0.09465867320003829,0.009926271410389558,0.015350048577956911,36.99195649384935,0.03742935220498711,1
2022-10-12,SPY,340.2528381347656,-0.003298319971901331,-0.054443150088488546,-0.09268951919906332,-0.06019793167776166,-0.038462276486929015,-0.09634485867255937,0.009724272326231699,0.015231948198349702,37.99295950738295,0.03348645062225297,1
2022-10-13,SPY,349.2324523925781,0.02639100472177658,-0.0193731164942319,-0.058050605404604494,-0.06197883472990939,-0.010075887960250163,-0.07143023089551404,0.019451112363700073,0.01664263411212842,48.70897016645279,-0.001530193734533447,0
2022-10-14,SPY,341.2738342285156,-0.022788884909000662,-0.014223287239053084,-0.07244014808959531,-0.0639574784143837,-0.02896713524338812,-0.09107194873071633,0.017942679178514633,0.01720717025512925,45.89577503421809,0.04658450105031253,1
2022-10-17,SPY,350.0435791015625,0.02569709128996589,0.018887778626291096,-0.05592593470528351,-0.06566397306726346,-0.0010675084100801868,-0.06666138463385507,0.021504548993791187,0.018266155779641538,51.91878823814402,0.03285000088925871,1
2022-10-18,SPY,354.1564025878906,0.011749461301030717,0.03742935220498711,-0.03374234227078188,-0.06640923500251772,0.012456052427422204,-0.054780379487952,0.020857072182719698,0.018417494605995514,50.34557334890584,0.03715709706775461,1
2022-10-19,SPY,351.6466979980469,-0.007086430095587293,0.03348645062225297,-0.02355656558603425,-0.06671767201316747,0.006501851445727347,-0.06064960895967442,0.021411092091655676,0.01808988922494737,53.49487433046848,0.0366893033170268,1
2022-10-20,SPY,348.69805908203125,-0.0083852313495405,-0.001530193734533447,-0.02354237728752473,-0.066492531886863,-0.0007356214602071143,-0.0671792400136706,0.01896128091757396,0.018089580841190576,55.19767555058436,0.03987305246969708,1
2022-10-21,SPY,357.1719055175781,0.024301386872799924,0.04658450105031253,0.01723071280320121,-0.06448446366702498,0.022661358055369396,-0.043284411131822575,0.01644063989329104,0.01853591251084855,54.88421926971112,0.039354538338757905,1
2022-10-24,SPY,361.5425109863281,0.012236700035005654,0.03285000088925871,0.0399660561132793,-0.061366658859246415,0.03312038122279626,-0.030278764772237565,0.01399550985155484,0.018510880590853006,50.62638221646089,0.019373218170806616,1
2022-10-25,SPY,367.3158264160156,0.01596856594799112,0.03715709706775461,0.059276959860018685,-0.0576384528608862,0.04654431795805114,-0.013776877379402253,0.014504316673415205,0.018726660151008944,55.08379591312981,-0.0010392810690744714,0
2022-10-26,SPY,364.5483703613281,-0.0075342684841276375,0.0366893033170268,0.031009461397219606,-0.05518324447491585,0.03703953985510977,-0.02018766660286908,0.014617136204185557,0.018441385703272667,55.80103664084951,-0.01871622007947582,0
2022-10-27,SPY,362.6017150878906,-0.005339909410397414,0.03987305246969708,0.04738274924844932,-0.05165013278527919,0.029100728892430094,-0.02405246040429143,0.01384216881412147,0.01775440607749598,62.70508193822936,-0.023606320727792784,0
2022-10-28,SPY,371.2282409667969,0.023790637274882398,0.039354538338757905,0.08914268339339504,-0.046603940463882276,0.049060545925726506,0.00017019070039614448,0.013692190321019709,0.017837497279445124,69.61576200381408,-0.03256878859775081,0
2022-10-31,SPY,368.5467529296875,-0.007223286757833791,0.019373218170806616,0.05346267187570608,-0.04303590468136731,0.03873777191154759,-0.005965247829373577,0.014841903797570756,0.017231890188747614,69.12022879695601,-0.01620869884917364,0
2022-11-01,SPY,366.93408203125,-0.004375756632280403,-0.0010392810690744714,0.01732930260837673,-0.04109139018397945,0.03328236457282241,-0.009176644240064258,0.013439719021913767,0.015948300074541198,68.64994191431477,-0.006553725243885089,0
2022-11-02,SPY,357.72540283203125,-0.02509627655256752,-0.01871622007947582,-0.005887189980735008,-0.03994269071820178,0.007651386155856699,-0.03259692151313409,0.01752913461162665,0.016976325221089543,55.91754388874642,-0.0019739896430166493,0
2022-11-03,SPY,354.0420227050781,-0.01029666917080152,-0.023606320727792784,-0.005868088784931391,-0.03827030423696742,-0.0024304498125650165,-0.04060773999577283,0.017786943856548568,0.01697572692582602,59.45994466768504,0.06382571393821479,1
2022-11-04,SPY,359.1377868652344,0.01439310543200989,-0.03256878859775081,0.0373771190650245,-0.034773136292805096,0.01008627826963382,-0.025037589552128425,0.01415796287454551,0.015941241334221406,57.12583160886036,0.058881172159578554,1
2022-11-07,SPY,362.5730895996094,0.009565417118483577,-0.01620869884917364,0.055357995138749505,-0.030290692163682298,0.01702812756194172,-0.01377835837184338,0.015840281487824726,0.015860299969960055,56.66572891410186,0.039926452733171525,1
2022-11-08,SPY,364.529296875,0.005395346018511438,-0.006553725243885089,0.06781464221282807,-0.02524009373654046,0.019206097153004364,-0.006518760275990854,0.016250529603120727,0.015720391814369836,60.29281604416964,0.04316764248093907,1
2022-11-09,SPY,357.0192565917969,-0.020602021147777205,-0.0019739896430166493,0.04927635151830967,-0.020671050111534472,-0.004125842161310178,-0.024711606782775952,0.014643734358299819,0.016562246982004987,56.19672134128022,0.056985639646846,1
2022-11-10,SPY,376.6390075683594,0.05495432141072154,0.06382571393821479,0.07847654187925546,-0.01563544944242734,0.04660120739534679,0.030237127130733343,0.027205210782699257,0.019667719066855032,62.4330302151453,-0.0011402798656620083,0
2022-11-11,SPY,380.28424072265625,0.009678320835197374,0.058881172159578554,0.11430822577513933,-0.009109056795838733,0.051033852685327785,0.041459925626867955,0.027215349032255233,0.01865709171594194,62.08169999059635,-0.006223179650937771,0
2022-11-14,SPY,377.0493469238281,-0.008506515528176606,0.039926452733171525,0.07714973058948793,-0.0043141881961463735,0.038218644912125344,0.03373957428922636,0.02874317689776831,0.018280769545882886,56.486933714287574,-0.001341464569479589,0
2022-11-15,SPY,380.2651672363281,0.008528910973421455,0.04316764248093907,0.07372100139276205,-0.00016099014169435044,0.043323220840178145,0.043155256087021865,0.02870130696843197,0.018221885776239993,60.412279424846744,0.003538453303226552,0
2022-11-16,SPY,377.3642272949219,-0.007628729085257913,0.056985639646846,0.07313456785827066,0.004032881678906142,0.031724043078816155,0.03588486406983593,0.025819314463878695,0.018239205163060844,59.65795515802503,0.017625450741019177,1
2022-11-17,SPY,376.20953369140625,-0.0030598915318308384,-0.0011402798656620083,0.0788976992926218,0.00858995696157816,0.024713280402428373,0.033515523379042955,0.00874840379240456,0.018091903611824337,53.61199515116753,0.020520482681429364,1
2022-11-18,SPY,377.9176635742187,0.004540368411326767,-0.006223179650937771,0.058083398319299206,0.012402278175154713,0.026465733750876907,0.03919624731811955,0.00751287717134705,0.017450625760944055,56.89224992794991,-0.00030290046372583035,0
2022-11-21,SPY,376.5435485839844,-0.0036360168435589646,-0.001341464569479589,0.04149176692038714,0.01486697038920326,0.020654186877454128,0.03582822245137751,0.00659210029225995,0.017367717421391222,57.092595237140635,0.0016219047590488866,0
2022-11-22,SPY,381.6107177734375,0.013457060168760027,0.003538453303226552,0.038917166997404884,0.01688132241355067,0.03238906423615928,0.04981715688575372,0.008363471123048622,0.017271554844616413,68.77733804457772,0.01945472953196492,1
2022-11-23,SPY,384.0154418945313,0.00630151096154874,0.017625450741019177,0.053400517231521505,0.01929862454162823,0.0361661820467698,0.05616276415682275,0.00710680426633473,0.017144072928065846,74.04691916973573,0.012325585941752815,1
2022-11-25,SPY,383.9295349121094,-0.0002237071040636085,0.020520482681429364,0.0588188608513589,0.02183968341828524,0.03296215984038331,0.05552172639436548,0.006540925214181625,0.01705507319984534,71.62840849187712,0.011383874048008558,1
2022-11-28,SPY,377.8031921386719,-0.015956945783918264,-0.00030290046372583035,0.01771134425212839,0.02269378032747582,0.015580962285307143,0.0386283335481763,0.01105323047575477,0.016818821244129388,62.690912974707686,0.009295020014370214,0
2022-11-29,SPY,377.1542663574219,-0.0017176291644772634,0.0016219047590488866,0.023355282224875706,0.023671283980114755,0.01266501643539475,0.0366360976161646,0.010928561058752133,0.016721739466387255,60.75441425038202,-0.003542232281981028,0
2022-11-30,SPY,389.0348510742187,0.031500597438656186,0.01945472953196492,0.06023089738795773,0.025878087307409592,0.04147446756483064,0.06842583476491115,0.017395320004964902,0.017960843981886163,75.38211553638921,-0.035616314349648515,0
2022-12-01,SPY,388.7486572265625,-0.0007356509239877518,0.012325585941752815,0.08672365492896827,0.02963318745074317,0.03640455832908618,0.06711652888085684,0.017445221580447194,0.01673360005613778,63.84476628764226,-0.027345649995651033,0
2022-12-02,SPY,388.3001403808594,-0.0011537450673217986,0.011383874048008558,0.09676285717167188,0.03396641244860721,0.03050290690750246,0.06550539367301145,0.017487407663924107,0.016436159768439592,59.88715026179787,-0.03349638972387148,0
2022-12-05,SPY,381.31488037109375,-0.01798933166213701,0.009295020014370214,0.061750933254431706,0.03725116710798271,0.008995606434035297,0.046581870380529855,0.018035433569067335,0.01702128846824846,54.815749924028765,-0.0016016101255821313,0
2022-12-06,SPY,375.81829833984375,-0.014414811260186733,-0.003542232281981028,0.036531141224135144,0.03977049947584188,-0.007288506776206627,0.03219212514471259,0.019519238470386408,0.017385235702618577,45.22541143410991,0.020668765277331858,1
2022-12-07,SPY,375.1788635253906,-0.0017014467291183166,-0.035616314349648515,0.02921456997197791,0.041157095998570536,-0.01036949130899334,0.030360826540316577,0.008322293403370791,0.017383349305199813,47.53381575630338,0.01587166147396646,1
2022-12-08,SPY,378.1180725097656,0.007834153973271807,-0.027345649995651033,0.05909713699867014,0.043905914050095474,-0.005384267854416591,0.03828524499404007,0.010566157611235975,0.016619549171326953,52.07039865246476,-0.01668193010702923,0
2022-12-09,SPY,375.2934875488281,-0.007470113613425755,-0.03349638972387148,-0.0035724393716363156,0.04350443700149631,-0.01263943184003724,0.030315133795239424,0.010292908899385295,0.011387787206056661,47.22059710504325,-0.02097764144061387,0
2022-12-12,SPY,380.70416259765625,0.014417183426675306,-0.0016016101255821313,0.0011042315984539641,0.04295231135067468,0.0015402028254523081,0.04455866944742892,0.011568891316880112,0.011648650336458474,54.059602171791134,-0.04307548733402089,0
2022-12-13,SPY,383.58599853515625,0.0075697515830570605,0.020668765277331858,0.01733632922230921,0.04323812022340001,0.008254698677271799,0.05184973655448766,0.008659491861815694,0.01157654948054863,52.0131777515959,-0.048965156977936686,0
2022-12-14,SPY,381.1335754394531,-0.006393411399447491,0.01587166147396646,0.0022836911659207537,0.04266099640955212,0.0016941878110763309,0.04442745996075392,0.009647277110828202,0.011541371654947693,47.06569611607822,-0.02853394411155108,0
2022-12-15,SPY,371.8103332519531,-0.024461875804959288,-0.01668193010702923,-0.014717595472101275,0.04134451073507295,-0.022095420615848238,0.01833556576437667,0.015056799947303159,0.01269653419990871,39.613978376512286,-0.01838078952969191,0
2022-12-16,SPY,367.4207153320313,-0.011806067576253354,-0.02097764144061387,-0.023361498240456968,0.03965139310100119,-0.03252243606201444,0.005839397142089586,0.015478309817689974,0.01293181719889349,40.82934884395449,-0.0009391475261475435,0
2022-12-19,SPY,364.3051452636719,-0.008479571070302727,-0.04307548733402089,-0.036019799079524795,0.037164274539692066,-0.03900393656519241,-0.00328921503213786,0.011490834695351415,0.012960511182933046,39.12450509575723,0.0036313143290445105,0
2022-12-20,SPY,364.80364990234375,0.001368371117325573,-0.048965156977936686,-0.03117806353551733,0.03474886065516847,-0.03619655830684254,-0.0027054868124752884,0.009446645342969148,0.012970548005844193,24.595971230387292,-0.01019609857413728,0
2022-12-21,SPY,370.2583312988281,0.014952376156172065,-0.02853394411155108,-0.029748604915623145,0.0320921380785919,-0.020316235592554133,0.011123911048164459,0.014777512466924018,0.01306528295533645,32.51014218983548,-0.007223828314152914,0
2022-12-22,SPY,364.9761657714844,-0.014266162516355707,-0.01838078952969191,-0.04957945448526002,0.028958931617144357,-0.03185395319832374,-0.003817478033585453,0.0119768680916705,0.013233234929425467,29.786406842598023,0.004491477472501337,0
2022-12-23,SPY,367.0756530761719,0.005752395639999186,-0.0009391475261475435,-0.043898372756854376,0.025684705690412146,-0.0241033194937762,0.0009622995292764003,0.011552836130861336,0.013353228205871925,36.51792953474113,-0.005458361444040216,0
2022-12-27,SPY,365.6280517578125,-0.003943604829762415,0.0036313143290445105,-0.03222614481348929,0.022872595576794552,-0.026376134370966642,-0.004106829448518368,0.010892960177001384,0.012964358302634234,39.55040131786478,0.006187848992980527,0
2022-12-28,SPY,361.0840759277344,-0.012427864350758266,-0.01019609857413728,-0.04260906441519097,0.020163421004223636,-0.036414463947839426,-0.016985283110839133,0.012353729107749064,0.013190572946731477,36.61808678318112,0.007221431569954806,0
2022-12-29,SPY,367.5836486816406,0.01800016446919428,-0.007223828314152914,-0.05513953912701175,0.016925112060303338,-0.01625406483930736,0.00039594535215514703,0.013427046945260066,0.011634659081690441,40.63172715657103,0.01210113988556727,1
2022-12-30,SPY,366.6154479980469,-0.0026339601531957246,0.004491477472501337,-0.05693449692256147,0.013601953789336152,-0.015930693731239343,-0.0025454285018674527,0.01150576490134433,0.011624950324091395,42.01910058624228,0.014198732982859452,1
2023-01-03,SPY,365.072021484375,-0.004209933111384068,-0.005458361444040216,-0.05982001158614403,0.0100326427263433,-0.01700913854261521,-0.007147142426352837,0.011327305253209961,0.011621394498648721,34.52272609158601,0.025629039646634322,1
2023-01-04,SPY,367.8905029296875,0.007720343601935298,0.006187848992980527,-0.03520549061274958,0.007216838341476128,-0.007626574856113177,-0.00046477627247276665,0.011772907934889904,0.01129521714369321,34.44047925901455,0.030644205459029683,1
2023-01-05,SPY,363.6916198730469,-0.011413404323305176,0.007221431569954806,-0.03226739762370756,0.004653373912192116,-0.017345736828384473,-0.012773079115437458,0.011482560747114944,0.011136635513012517,33.2878348205148,0.04633878380159784,1
2023-01-06,SPY,372.0318298339844,0.022932092754429645,0.01210113988556727,-0.008388088981972408,0.002835542703519156,0.005616116285730888,0.008467583726806227,0.013319945303471853,0.012411661952741997,50.21630365719477,0.02685021802205756,1
2023-01-09,SPY,371.8209228515625,-0.0005669057470593097,0.014198732982859452,-0.01665392404125432,0.0005550713903197391,0.0059021215513319625,0.006460469040467043,0.013152607102028712,0.012261428198441227,54.67891480173357,0.025550508428057173,1
2023-01-10,SPY,374.428466796875,0.007012902677220989,0.025629039646634322,-0.0023049180991732143,-0.0006979028399834997,0.013074953891310859,0.01236792600387382,0.0125828099524199,0.012272447366459237,60.88209957097652,0.00232972257848707,0
2023-01-11,SPY,379.1642150878906,0.012647938687804894,0.030644205459029683,-0.004044997825235486,-0.002609078086643568,0.026102030068516413,0.02342484974720427,0.013021066250959492,0.012168660766425686,64.14809336111438,-0.01739489054367227,0
2023-01-12,SPY,380.5446472167969,0.003640723660027545,0.04633878380159784,-0.007928733921398923,-0.00438563614705223,0.030261765970413412,0.025743412728647774,0.009103815652859105,0.012069081575359615,61.018698921216085,-0.0027207579468514487,0
2023-01-13,SPY,382.0209655761719,0.0038794879133694504,0.02685021802205756,0.0023282916906377515,-0.005510938845933122,0.034134430595275767,0.028435378989791316,0.004901919731866475,0.012015877349900056,69.87927021120595,0.005345076151158423,0
2023-01-17,SPY,381.3211364746094,-0.0018319128127091133,0.025550508428057173,0.02557971732380926,-0.005554783760391091,0.03091290076530262,0.02518640252575377,0.005298503934604211,0.01054874481771632,67.17518098851593,0.006109099616482538,0
2023-01-18,SPY,375.30078125,-0.01578814980011012,0.00232972257848707,0.02144698322425187,-0.0056807584996969585,0.013557052999653152,0.007799280155897703,0.01048330430756991,0.010842940250204915,60.5038157010431,0.022631587164461786,1
2023-01-19,SPY,372.5686950683594,-0.007279724205585092,-0.01739489054367227,0.02268304445359015,-0.005256712266913488,0.005057145289391496,-0.00022615093520039764,0.008269088995662682,0.010790238991302806,62.98225327274709,0.041452103485726255,1
2023-01-20,SPY,379.50927734375,0.018629000147522223,-0.0027207579468514487,0.04031107541095835,-0.00408388337989507,0.02175367972451192,0.017580956853538332,0.012908934640301416,0.011474883741506032,63.347690500018786,0.02475490038405348,1
2023-01-23,SPY,384.0628967285156,0.011998703738251626,0.005345076151158423,0.03728360515552076,-0.002979340276827669,0.032095453214485925,0.029020489661193194,0.014054026952105694,0.011317889909621761,68.07710208861896,-9.996048461924367e-05,0
2023-01-24,SPY,383.6506652832031,-0.0010733435820641235,0.006109099616482538,0.05116635348569876,-0.0013294886231346448,0.028407173723438373,0.027039918086023018,0.01401789715026036,0.010693791918714744,69.71115708767601,0.01569212498304684,1
2023-01-25,SPY,383.79443359375,0.00037473755047634505,0.022631587164461786,0.04554587147764,-3.718423111143121e-05,0.026492388938073264,0.026454219607848994,0.010520178132358404,0.010676686771090451,67.88867377902267,0.026101972491479053,1
2023-01-26,SPY,388.012451171875,0.010990304206938584,0.041452103485726255,0.06122177799664463,0.0022063539856436165,0.034676596304425544,0.03695945913653409,0.008339789057953921,0.010740297296705737,77.3441976548931,0.029722144794654737,1
2023-01-27,SPY,388.9039916992187,0.0022977111292461494,0.02475490038405348,0.07704553489379595,0.005012489507333795,0.03322151902277448,0.038400531045627684,0.006132140500432227,0.010111152033481806,72.78606690411637,0.016441814035995872,1
2023-01-30,SPY,384.0245056152344,-0.012546762666705069,-9.996048461924367e-05,0.044726845148199024,0.006441957789762087,0.018034582853329484,0.024592718664588675,0.008437707735796652,0.010154937259895871,64.63555585810923,0.023065922901146507,1
2023-01-31,SPY,389.67095947265625,0.014703368599813249,0.01569212498304684,0.06288745223505199,0.008085589525935077,0.029855917063450477,0.03818290927968082,0.01060385036353693,0.010452695750151425,67.0381544188281,0.021427802810269903,1
2023-02-01,SPY,393.8122253417969,0.010627596869792422,0.026101972491479053,0.07872475064116058,0.01013029555022471,0.036862956356894516,0.0473666845498697,0.010916389834550684,0.010432656810466108,66.59418025124327,-0.00036491318994957833,0
2023-02-02,SPY,399.5450134277344,0.014557161299301846,0.029722144794654737,0.08604329344184447,0.012526121627140396,0.04759128134409352,0.06071353714974159,0.011489686486537412,0.010675411588507919,69.5927158111509,-0.023249712368904718,0
2023-02-03,SPY,395.29827880859375,-0.010628926595047439,0.016441814035995872,0.0869051064376456,0.01525152876726521,0.032179601345093234,0.04792191822799219,0.01374390800494994,0.01061634314219389,62.9512629737082,-0.010452451121095496,0
2023-02-06,SPY,392.88238525390625,-0.006111571145639316,0.023065922901146507,0.05604508471553693,0.016741543584445573,0.023086329805528827,0.04021437418661855,0.012085204228809933,0.009884494765426018,60.91202209370586,0.007320197266266648,0
2023-02-07,SPY,398.020751953125,0.013078638524091746,0.021427802810269903,0.07046356859272795,0.018367415875902404,0.03294324083040734,0.05191573891094192,0.011764203038580551,0.010109932473847722,71.80719376582479,-0.006141610741136727,0
2023-02-08,SPY,393.66851806640625,-0.010934690880718967,-0.00036491318994957833,0.05138511885627772,0.020144637487864436,0.01910404232761076,0.039633523822717454,0.012775506521565644,0.010564195906170165,69.64126933804229,0.008109084453705728,0
2023-02-09,SPY,390.2557067871094,-0.008669251216885887,-0.023249712368904718,0.029252474937930817,0.021161026442387154,0.008820862277272523,0.030168547219553643,0.010097525033825964,0.010568362631519546,60.70676917594679,0.00292315414752653,0
2023-02-10,SPY,391.16644287109375,0.0023336906242377164,-0.010452451121095496,0.027912087929713003,0.02192825113467456,0.00978881867987802,0.031931721488876796,0.009840483477214682,0.010558436519510076,57.63127508443716,-0.0019114911191066009,0
2023-02-13,SPY,395.75836181640625,0.011739041088516311,0.007320197266266648,0.03595979665544102,0.0230433702371986,0.01983446030110536,0.043334883350477416,0.011153840485078934,0.010797938381142628,61.935346458820085,-0.03328246535181034,0
2023-02-14,SPY,395.5762634277344,-0.00046012518304372474,-0.006141610741136727,0.037383521629344996,0.024102913043474006,0.017496362667839938,0.04202098901927398,0.009096799900686712,0.010777836430133733,61.60534835554302,-0.034170320676753296,0
2023-02-15,SPY,396.8608093261719,0.0032472774966492146,0.008109084453705728,0.057447330656660744,0.026012329167273363,0.017977784663189222,0.044457757882819804,0.007344153243046463,0.009942492652422827,59.25040406689423,-0.03217550147700732,0
2023-02-16,SPY,391.396484375,-0.013768870149838519,0.00292315414752653,0.05053508133093709,0.027882166359340044,0.001542920299985262,0.029468106619808587,0.009242275636687,0.010386219629981432,52.37834821948577,-0.02914657613712912,0
2023-02-17,SPY,390.4187316894531,-0.0024981131016242886,-0.0019114911191066009,0.02874621253546228,0.028691189161135666,-0.0023515728319754015,0.02627214690821189,0.009270624256406625,0.009714143174961727,56.592267710391525,-0.02340040338488114,0
2023-02-21,SPY,382.5865478515625,-0.020060983764786378,-0.03328246535181034,-0.0038440289065380107,0.02845318105600181,-0.022180937797932176,0.005641125018913007,0.009798274083015153,0.01049763292933326,43.01114762626731,-0.007090920055172867,0
2023-02-22,SPY,382.0592956542969,-0.001378125290150578,-0.034170320676753296,-0.004147965253055275,0.028332157257280555,-0.023329877355701245,0.004341294147544694,0.009659548135390529,0.010499279999986991,37.515382091808874,-0.009534943554038389,0
2023-02-23,SPY,384.0916137695313,0.005319378793686935,-0.03217550147700732,0.0007743212245123754,0.02836391547461803,-0.018171893314449794,0.009676596114183367,0.010230843092309377,0.010570396496840145,32.183888634395046,-0.007113110736336026,0
2023-02-24,SPY,379.9886169433594,-0.010682339002157648,-0.02914657613712912,-0.020679321512188653,0.02721093325582924,-0.027662943485295743,-0.001204744738304564,0.009763335597758119,0.01050502006939535,32.29090991244777,0.01970322051208906,1
2023-02-27,SPY,381.28277587890625,0.0034057834309804136,-0.02340040338488114,-0.01959665105779307,0.026023750842872895,-0.023399109468422163,0.0020157087796994766,0.010593306599715878,0.010526182744343597,36.224952053195985,0.016946225005950888,1
2023-02-28,SPY,379.8736572265625,-0.0036957312039483936,-0.007090920055172867,-0.010808811229434223,0.02588997766447121,-0.026490856125496842,-0.001286726134427485,0.0063181898270081955,0.01019315077679783,26.355238442122,0.005072101673401441,0
2023-03-01,SPY,378.4163818359375,-0.003836210705592147,-0.009534943554038389,-0.028882259155133427,0.024874524786379304,-0.02882489559549728,-0.004667376389072997,0.006410417012658265,0.009561811769859643,28.50570105419621,0.01058931860036827,1
2023-03-02,SPY,381.3595275878906,0.007777532615459437,-0.007113110736336026,-0.03162090192374889,0.02354825934761462,-0.019705094957896074,0.0033791437031807092,0.007153491966210196,0.00939253860952759,37.29473972325715,-0.01571125866840417,0
2023-03-03,SPY,387.4756164550781,0.01603759293984841,0.01970322051208906,-0.030207852850200112,0.02168448258701905,-0.002436067775635986,0.01919558994212167,0.008368656081881379,0.009531080706626848,45.411152620599495,-0.045226273925219385,0
2023-03-06,SPY,387.74407958984375,0.0006928516876023583,0.016946225005950888,-0.01911012423711511,0.020157619492139567,-0.0007732337797461408,0.019368799160082828,0.008498709180390302,0.009292918557163679,38.835473174049866,-0.04724696940671347,0
2023-03-07,SPY,381.8004150390625,-0.015328833794363672,0.005072101673401441,-0.028206839071397538,0.018405437995272056,-0.014683254868586681,0.003451931389632845,0.011854901057828422,0.00977957957699237,33.46367302979354,-0.01642088506315642,0
2023-03-08,SPY,382.4235534667969,0.0016321051606782433,0.01058931860036827,-0.0391868976926234,0.016164158140404616,-0.011084830058394113,0.004900151135986963,0.011537273700949376,0.0092068037659419,32.39010379520292,-0.024165097589985973,0
2023-03-09,SPY,375.3678894042969,-0.018449867950177334,-0.01571125866840417,-0.04648740710076882,0.013756412941908547,-0.027027943339834715,-0.013643337947479406,0.014037337912388995,0.009730960747449087,31.1796824777998,0.011620191942231184,1
2023-03-10,SPY,369.9515380859375,-0.014429447673201423,-0.045226273925219385,-0.05202785852468805,0.011565101600246708,-0.0385373322989756,-0.027417918862168933,0.009561250855289928,0.010009645339217608,28.23649363873966,0.014429363669689943,1
2023-03-13,SPY,369.4243469238281,-0.001425027626150599,-0.04724696940671347,-0.055582722760373904,0.009333458086641544,-0.03718724315929567,-0.028200870648039222,0.00904783984759845,0.009946827663682238,33.42994419262959,0.02564513700076909,1
2023-03-14,SPY,375.5309143066406,0.01652995378799882,-0.01642088506315642,-0.05111060046066496,0.006920302404049838,-0.018685354569142443,-0.011894360469238086,0.01391425314441018,0.010364518555482068,42.79366743382581,0.022215293013301496,1
2023-03-15,SPY,373.1822509765625,-0.006254247628093568,-0.024165097589985973,-0.056611112752630866,0.003913721033390383,-0.021961062113375784,-0.018133290550694015,0.013670380360636024,0.010383442934463439,38.04125435726562,0.011113931495409402,1
2023-03-16,SPY,379.729736328125,0.017545007390969758,0.011620191942231184,-0.04316645180241818,0.0011197045644237846,-0.0025622511715570617,-0.0014454155714652694,0.014157893225040448,0.011279456194407197,49.730652409840154,-0.003634015763421483,0
2023-03-17,SPY,375.2897033691406,-0.011692613283115993,0.014429363669689943,-0.0411520840090821,-0.0014787646069639448,-0.012135188085149018,-0.013596007605473859,0.01337622994418632,0.011175906415820109,44.14771592815656,0.014769677039051743,1
2023-03-20,SPY,378.8982849121094,0.009615455768098524,0.02564513700076909,-0.029507925317751815,-0.003607976883180597,-0.0011218708827139823,-0.004725800081683773,0.013386656878386114,0.011474019068158316,49.08676960283721,0.0069844412805391,0
2023-03-21,SPY,383.8734436035156,0.01313059174327047,0.022215293013301496,0.0033636722440446576,-0.004032615144960561,0.01182235437908874,0.007742064228809964,0.012734568418926296,0.011029817287086576,54.793607629582645,-0.008297555443638527,0
2023-03-22,SPY,377.3297729492187,-0.0170464270538484,0.011113931495409402,-0.01237902796470014,-0.00519111505669112,-0.004805287579854101,-0.009971457835837638,0.01559891651760499,0.011686608514218553,46.67076453891622,0.02356486095256849,1
2023-03-23,SPY,378.3497924804687,0.002703257480260568,-0.003634015763421483,-0.014949093089306364,-0.006434218823789584,-0.0013588558220841707,-0.007784331470164441,0.013203318135259556,0.011631877722926965,41.76736016474361,0.026782405797947995,1
2023-03-24,SPY,380.8326110839844,0.006562230647037648,0.014769677039051743,0.0022211037462493977,-0.0069834713740798415,0.0050825069244218035,-0.0019364579912731772,0.011843032567054993,0.011490361142067917,44.00452159272311,0.03446612394156223,1
2023-03-27,SPY,381.544677734375,0.0018697628030430735,0.0069844412805391,0.0006868966343025473,-0.007835848523155109,0.006926973218974508,-0.0009631540170483843,0.011252062116136668,0.01147274086301256,49.756010355875496,0.036470114351931926,1
2023-03-28,SPY,380.688232421875,-0.002244678965476865,-0.008297555443638527,0.0021443318846052772,-0.008296343947036822,0.004558768956344217,-0.003775396105929585,0.009167635321102152,0.011452063816934985,48.351731170696105,0.033038564124006964,1
2023-03-29,SPY,386.2214965820313,0.014534896770920902,0.02356486095256849,0.02062573165629411,-0.008123254904624955,0.018111470205216307,0.009841091211416853,0.0063328069548637235,0.011843922346992226,60.616162550856856,0.015572580462915209,1
2023-03-30,SPY,388.48291015625,0.005855224512958612,0.026782405797947995,0.01867891596524407,-0.008203816421865073,0.02311215068446204,0.014718726421267148,0.006242441980017263,0.011794475228546488,69.31825122927033,0.01359910534392994,1
2023-03-31,SPY,393.95843505859375,0.01409463520580978,0.03446612394156223,0.016730907257662686,-0.008482358681617508,0.036647598092406364,0.027854381338949352,0.007416939648380228,0.011671384869290468,73.18398602846557,0.0005372899855373703,0
2023-04-03,SPY,395.4596557617187,0.003810606829377061,0.036470114351931926,0.01989863050916596,-0.008845029452592024,0.03954258984336101,0.030347805018972718,0.0071385320517781325,0.011689353595558994,70.62744842861494,-0.0029930341827113516,0
2023-04-04,SPY,393.265625,-0.005548052069920151,0.033038564124006964,0.03002932817599069,-0.008265867559745343,0.03221967406824455,0.023687482949833027,0.008292013434508574,0.01116067193788345,70.85425861749891,-0.0015173986352258195,0
2023-04-05,SPY,392.2359619140625,-0.002618238209702417,0.015572580462915209,0.0256584835277871,-0.007867480394763926,0.028193020876562613,0.020103732442783073,0.007688684973463286,0.011199219274866914,64.66699307386824,0.014401233413326331,1
2023-04-06,SPY,393.7659301757813,0.003900632298611262,0.01359910534392994,0.04901335807035023,-0.00630796234012887,0.029720558103776273,0.023225119602401145,0.0075634449951894785,0.01019169634604946,73.25583807275422,0.007991445658587892,0
2023-04-10,SPY,394.1701049804687,0.0010264341673922317,0.0005372899855373703,0.06546416057582483,-0.0038087104371805625,0.02752369336083116,0.02361015314547732,0.0041340047538739365,0.009400095059870823,70.90916535817335,0.010571171042552452,1
2023-04-11,SPY,394.2760314941406,0.0002687329970829655,-0.0029930341827113516,0.06727137715001952,-0.0011754882584268378,0.024481351655571082,0.023277085855722746,0.0036128938127126566,0.009363627219008871,66.4336803861485,0.01095858962600893,1
2023-04-12,SPY,392.66888427734375,-0.004076198116092611,-0.0015173986352258195,0.04563664219854102,0.0005875955986311965,0.01803864556722279,0.018636840594594473,0.0031369609803045266,0.00895634932878985,78.71021323944387,0.01492495438321395,1
2023-04-13,SPY,397.8846435546875,0.013282843347627749,0.014401233413326331,0.06619391065218805,0.003073330670056107,0.028268384931727564,0.031428593696187335,0.0064788878809486404,0.00904250310092052,81.60015402235314,-0.003845485969962592,0
2023-04-14,SPY,396.9126892089844,-0.002442804369175211,0.007991445658587892,0.045250480109915836,0.004362673300772002,0.023484056260844266,0.02794918282685921,0.006840191410218593,0.008465421240160377,77.348411554895,-0.0006303996567746939,0
2023-04-17,SPY,398.3369445800781,0.0035883341848610417,0.010571171042552452,0.06141186663005205,0.006227934861615214,0.024113510589971465,0.03049162282482598,0.0068812105362024,0.007804668071764852,77.88417392256177,-0.0031647846174414074,0
2023-04-18,SPY,398.59674072265625,0.0006522019765251574,0.01095858962600893,0.05198877006032432,0.007946392446969819,0.022193032175999772,0.030315779166228296,0.006857456864056738,0.007661642221517304,80.33890383593328,-0.01962764881498802,0
2023-04-19,SPY,398.5294494628906,-0.00016882039638266289,0.01492495438321395,0.038179264816537994,0.009211602855646817,0.020103434667035236,0.02950022237886918,0.006149372826649616,0.007263166256701317,75.59025341081136,-0.023615490695965913,0
2023-04-20,SPY,396.3545837402344,-0.005457227127348752,-0.003845485969962592,0.05041958561159188,0.011115856656564116,0.01207224347933944,0.02332229346394299,0.0033965950157530786,0.006029571912793988,66.42561575601817,0.0012867512741048248,0
2023-04-21,SPY,396.6624755859375,0.0007768090955266871,-0.0006303996567746939,0.04840146200533235,0.01291900038822913,0.010495863293531249,0.02355045974372416,0.00330305413848689,0.006041188743913352,57.193914003637346,0.009049121715337893,0
2023-04-24,SPY,397.0762939453125,0.0010432505841742046,-0.0031647846174414074,0.04265307746385694,0.014619260347444207,0.009461452180732799,0.02421903196087194,0.0027357689392814967,0.005965838331595496,54.56508700328176,0.006979727617236531,0
2023-04-25,SPY,390.7732238769531,-0.015873700254761314,-0.01962764881498802,0.024187327673858672,0.015727844264988633,-0.007726429671017443,0.007879894511380936,0.007176663003145074,0.007195597692587962,44.287566814435976,0.011721724030186342,1
2023-04-26,SPY,389.1179809570313,-0.0042358145819197945,-0.023615490695965913,0.02214344394500367,0.016592358124764894,-0.012985883014925648,0.003391008688289343,0.006866742916397625,0.007259551060676021,43.052986868873795,0.00905148283792978,0
2023-04-27,SPY,396.8645935058594,0.019908133080294377,0.0012867512741048248,0.027556977066312882,0.017649969560723733,0.005306729040588376,0.023050362207345465,0.012917217465475254,0.007856958263021185,55.406316323042475,-0.017652329866240546,0
2023-04-28,SPY,400.2519226074219,0.008535226263545415,0.009049121715337893,0.030294800989928428,0.01888499725488324,0.012378180645459702,0.03149693980785284,0.013440635442326036,0.007959319153122568,59.61067156887814,-0.007934074723293993,0
2023-05-01,SPY,399.8477783203125,-0.001009724786520949,0.006979727617236531,0.01494914878734055,0.019630614615787856,0.010603248644269314,0.030442011547868297,0.0135036229700691,0.007400699167021044,58.722432907853495,-0.006666507914846798,0
2023-05-02,SPY,395.353759765625,-0.011239323558495329,0.011721724030186342,-0.00026777951821588264,0.019614539735086645,-0.0007418757371676632,0.018858112446793696,0.012102342605581337,0.007827864896826806,53.85469426383219,0.00021914399991596056,0
2023-05-03,SPY,392.64007568359375,-0.0068639389787009675,0.00905148283792978,-0.0015906534327942978,0.019544546143464903,-0.007522263277178198,0.011875263644562706,0.01251227675331558,0.007882429673830123,41.887495373832095,0.011837761920343803,1
2023-05-04,SPY,389.8590087890625,-0.007082992966750412,-0.017652329866240546,-0.006060008147648621,0.019595693923664337,-0.014255847078842643,0.005060493628842311,0.007666388111057536,0.008020993078003785,39.667385801892365,0.017278413138263282,1
2023-05-05,SPY,397.0762939453125,0.018512551957353907,-0.007934074723293993,0.008406932941235956,0.019873070308386698,0.003572790885235655,0.0235168635180818,0.011784862659903392,0.009023957083525594,48.42127067283548,-0.0025203291022730667,0
2023-05-08,SPY,397.18218994140625,0.00026668929298589994,-0.006666507914846798,0.007641586520334531,0.019957768510452167,0.003458478577058832,0.023485270602350283,0.011812922781285482,0.009023033774884613,48.221684764927225,0.0006541750026469728,0
2023-05-09,SPY,395.4403991699219,-0.004385369776377268,0.00021914399991596056,0.0029531789476746617,0.01992057604798325,-0.0010889832075091643,0.01880989966767377,0.010715172279415583,0.009086907743054966,46.27346799928725,-0.0016548345315956503,0
2023-05-10,SPY,397.2880554199219,0.004672401337542764,0.011837761920343803,0.011763527306420274,0.020448588042337734,0.0029931656958430697,0.02350295975043748,0.010066000890210234,0.009081478145979581,51.135071589515846,0.005764715687528232,0
2023-05-11,SPY,396.59515380859375,-0.0017440786398568164,0.017278413138263282,-0.003240863318004661,0.020237853800677108,0.0014068679873107115,0.021673193776631905,0.00903989261005496,0.008587202247585137,49.9188982514963,0.01722771423932512,1
2023-05-12,SPY,396.0755310058594,-0.00131020966278661,-0.0025203291022730667,-0.0021091747023592733,0.020164419107486342,0.00020052788297619806,0.02036899051873764,0.0033407266299116537,0.00857485501345003,48.79745828159711,0.017080112551404847,1
2023-05-15,SPY,397.4420166015625,0.00345006315394647,0.0006541750026469728,-0.0022466607496300917,0.0197844331833672,0.003764705334673879,0.023623621079190027,0.003795752654083878,0.008571804745928564,59.09205517069216,0.013994677265041666,1
2023-05-16,SPY,394.7860107421875,-0.0066827505609142746,-0.0016548345315956503,-0.00956036412530592,0.019102652091836703,-0.0024631772611645175,0.016592421612411812,0.0045450664094864885,0.008694961782107588,57.5223690541571,0.009360137807053581,0
2023-05-17,SPY,399.5783081054687,0.012138974616328957,0.005764715687528232,0.0026318221752286153,0.018494964828098315,0.009512124765458374,0.028183016006534167,0.007103275247783939,0.009139668157161744,53.90797838818462,-0.009970380456325034,0
2023-05-18,SPY,403.4275817871094,0.009633339957545006,0.01722771423932512,0.01784512741124389,0.018471634786751512,0.018327246698259803,0.03713741569266826,0.007730849211977642,0.009272515638836399,54.51317086033892,-0.010925136058319795,0
2023-05-19,SPY,402.8405456542969,-0.0014551214624741737,0.017080112551404847,0.015575131121826846,0.018447615035986686,0.016053209027700577,0.03479696748392258,0.007753375808909517,0.009287817287578815,54.231253467904565,0.003344247496587016,0
2023-05-22,SPY,403.0040893554687,0.00040597626762273187,0.013994677265041666,0.0149286056622977,0.01820567730994549,0.01570640028637449,0.034198023251634346,0.007868777249607516,0.009288082115676166,62.325505929553294,0.003319112639616595,0
2023-05-23,SPY,398.4812622070313,-0.011222782269209253,0.009360137807053581,0.019725093376677494,0.018445550354575513,0.0033327682650394763,0.021839793364468063,0.009358652540413565,0.008899206525858681,58.89240324022381,0.009080267991398383,0
2023-05-24,SPY,395.5943603515625,-0.0072447618728153085,-0.009970380456325034,0.01664374228762866,0.01859155349974051,-0.004747608981064744,0.01375567909230857,0.007968449212411933,0.009017290262877323,58.70323889264514,0.026101309929401184,1
2023-05-25,SPY,399.02008056640625,0.00865967910108556,-0.010925136058319795,0.005431290913370468,0.017971933665225315,0.003598838446153829,0.021635450197205364,0.007617983977701564,0.008067768101807076,53.33320076027163,0.03200314491143086,1
2023-05-26,SPY,404.187744140625,0.012950885997725425,0.003344247496587016,0.009833360718328077,0.017484616122221963,0.016093406191076687,0.03385940934264875,0.010232285267546999,0.00836007075408091,60.23613410005425,0.01685630118757908,1
2023-05-30,SPY,404.3417053222656,0.0003809150175198006,0.003319112639616595,0.011239094589524212,0.017327880064132772,0.01590659891057178,0.03351010661285514,0.010232477437259604,0.00835243609388811,63.638965212170454,0.018682484558437906,1
2023-05-31,SPY,402.0995788574219,-0.005545127883992973,0.009080267991398383,0.01706274172223865,0.01756771099120047,0.009417843917106872,0.02715100486840316,0.008791498042500732,0.008018279871872973,57.284366776072645,0.020820736249296923,1
2023-06-01,SPY,405.9198913574219,0.00950091146788945,0.026101309929401184,0.03382185491561884,0.018218272807465574,0.017312514831460568,0.035846191757109125,0.007570076779252589,0.008021786073612766,62.895937914402744,0.017329736761008352,1
2023-06-02,SPY,411.78997802734375,0.01446119491777531,0.03200314491143086,0.056253591026152794,0.019742862369724,0.029195675862062842,0.049514944442122566,0.008608360247955093,0.008224957825646221,68.93113364524262,0.004627105100857953,0
2023-06-05,SPY,411.0008544921875,-0.0019163252562300892,0.01685630118757908,0.03506772063504937,0.019973474230993604,0.025439037880528925,0.045920618079090536,0.00832108541230101,0.007393824118925593,66.5647099527848,0.015687190573934195,1
2023-06-06,SPY,411.8958129882813,0.002177510061869725,0.018682484558437906,0.03704502220768169,0.02003100433817373,0.02578909557396525,0.04633668139745861,0.008197271132375294,0.0073859799190373375,71.84276593324233,0.020162033020369785,1
2023-06-07,SPY,410.4715881347656,-0.0034577308353367364,0.020820736249296923,0.03801126287651968,0.02016727059994361,0.0203324464246748,0.04090976697362381,0.007640705675491422,0.007347600251944257,65.21503025095038,0.02492079564126759,1
2023-06-08,SPY,412.9543762207031,0.0060486234801770955,0.017329736761008352,0.03943315331799346,0.02053948992744803,0.024509197558729046,0.045552093902564206,0.007178646800097708,0.007381369732804097,63.83450742924403,0.03138906015354026,1
2023-06-09,SPY,413.69537353515625,0.0017943805832367765,0.004627105100857953,0.043117571060425686,0.020958872149608787,0.024175057501558017,0.04564061159055122,0.003736893372758955,0.007330106026546935,65.69286386791012,0.026034802378583022,1
2023-06-12,SPY,417.44830322265625,0.00907172264323397,0.015687190573934195,0.05396135470050201,0.022035975089483628,0.03073916470547089,0.05345250726267592,0.004741088926672405,0.007439821128095609,68.91860779307163,0.01153509926861318,1
2023-06-13,SPY,420.2004699707031,0.0065928325179440694,0.020162033020369785,0.05726232360569994,0.02297527296283386,0.034627669551449136,0.05839852267429446,0.004927575946898141,0.007490459892258016,79.83083029797486,-0.00023894031350857325,0
2023-06-14,SPY,420.7008666992187,0.0011908523770820523,0.02492079564126759,0.06564279192241873,0.024441222958090814,0.03256545228345065,0.05780261472153225,0.003353470674642015,0.007164862114389625,86.90238668537437,0.002176485685058571,0
2023-06-15,SPY,425.9166259765625,0.012397785909656456,0.03138906015354026,0.06591528453076534,0.02594486379858907,0.041998997544062,0.06903351961360915,0.004777924450130353,0.007182053978207146,87.55714456167851,-0.017579774664534753,0
2023-06-16,SPY,424.4658508300781,-0.003406242109375235,0.026034802378583022,0.052148811813443885,0.026560922984938395,0.03578411519577451,0.06329549730851203,0.006302267920744928,0.007161163513862383,81.5950815229019,-0.018249542001784747,0
2023-06-20,SPY,422.26361083984375,-0.0051882618729579555,0.01153509926861318,0.04821526878333415,0.0271105598455339,0.027974088566941502,0.055843041614693556,0.007250131929781811,0.007318504553857792,76.24852167274676,-0.002310082711715067,0
2023-06-21,SPY,420.1000671386719,-0.005123680197942626,-0.00023894031350857325,0.042421350638265354,0.02756638992562621,0.02058329130217329,0.048717088261788,0.007414386585531437,0.007499326413043929,76.42443964991999,0.00333383239481444,0
2023-06-22,SPY,421.6165161132813,0.003609732759478179,0.002176485685058571,0.05805857414251525,0.028738938373614076,0.02139697629742421,0.050750841054231666,0.0075904496065288,0.006813914185004499,74.71408184740457,0.0036654402690305954,0
2023-06-23,SPY,418.4291076660156,-0.007559970554875672,-0.017579774664534753,0.05772263106622666,0.029969762422636714,0.010879211333015837,0.04117502113464866,0.004257973218099438,0.006838805620784279,61.41773443379729,0.023245133408479335,1
2023-06-26,SPY,416.7195434570313,-0.004085672286328723,-0.018249542001784747,0.0443573237354391,0.030867992442746406,0.004601253820910367,0.03561127773182782,0.00426372688287379,0.006860971749563851,59.53299079208429,0.02862490741531376,1
2023-06-27,SPY,421.28814697265625,0.010963257153059347,-0.002310082711715067,0.042308068663461595,0.031591155693514006,0.013525847081554687,0.045544299916108644,0.0076216201320815375,0.006709695751421676,63.94852197369889,0.015956948214276734,1
2023-06-28,SPY,421.5006103515625,0.0005043184348598739,0.00333383239481444,0.04243664406475456,0.032544084783100224,0.011948299252780403,0.044881230499777214,0.007158353900780577,0.006708092758879654,66.99068471614571,0.007493339720174186,0
2023-06-29,SPY,423.1619262695313,0.0039414318204265,0.0036654402690305954,0.05238092382976056,0.033971289248362346,0.01337466042709079,0.04780030413342029,0.007193669431029942,0.0064701185441636,66.13351495220452,0.00100417058207114,0
2023-06-30,SPY,428.1555480957031,0.01180073517056246,0.023245133408479335,0.0547784358729595,0.035233605596650897,0.022610564639006236,0.05864082195246567,0.006800510504747295,0.006618410891393373,70.14668103232017,-0.008166402360233027,0
2023-07-03,SPY,428.6481018066406,0.0011504083343734095,0.02862490741531376,0.040938645131809004,0.035763558048834465,0.0217300326227563,0.05827073395469795,0.005378275448962342,0.006014177584389985,67.16346293249475,-0.002996880023915849,0
2023-07-05,SPY,428.0106201171875,-0.001487191210613803,0.015956948214276734,0.041386205014139144,0.036402909660251836,0.018146504880435455,0.05521000011849897,0.005195142501266979,0.006000124112236712,62.798415319511555,0.006521900952666915,0
2023-07-06,SPY,424.6590576171875,-0.007830559202204768,0.007493339720174186,0.030986585020880808,0.03667749260572939,0.008642675735637706,0.04563716001675466,0.007214039702580672,0.006393105687487336,55.93194603247206,0.02251720201781815,1
2023-07-07,SPY,423.58685302734375,-0.002524859815448255,0.00100417058207114,0.03195169963449973,0.037044750966198636,0.004531379243544187,0.041743994025353226,0.00724981608215474,0.006357981471381829,46.0133643315641,0.024467125366730125,1
2023-07-10,SPY,424.6590576171875,0.002531250869050261,-0.008166402360233027,0.028343764034186814,0.03712411648095815,0.005678343428388688,0.04301326339220113,0.004009824128802741,0.006276370275081444,50.334949088373435,0.02542868862802683,1
2023-07-11,SPY,427.3634948730469,0.006368490692355122,-0.002996880023915849,0.0330390964276257,0.037550603732902754,0.010447644200613171,0.04839056328083524,0.005365098360385191,0.006373428944279037,58.68999765996725,0.026511000869975154,1
2023-07-12,SPY,430.8020629882813,0.00804600335893424,0.006521900952666915,0.031989014358270174,0.037750640849327555,0.016972250928969812,0.055363605127521476,0.006532785969990909,0.006314382262163856,67.47639052930072,0.020582052718084443,1
2023-07-13,SPY,434.22119140625,0.007936657485462684,0.02251720201781815,0.033366743822357936,0.03794728376441192,0.023350069569314957,0.06218342504959251,0.004502682025914743,0.006377205686761751,69.37921572896212,0.005828066930174236,0
2023-07-14,SPY,433.9508056640625,-0.000622691263205799,0.024467125366730125,0.0314949172051906,0.038071621708875236,0.021118526672106785,0.05999416493949128,0.0037873022792960782,0.006397115642501604,76.21545728284758,0.006454777526952116,0
2023-07-17,SPY,435.45758056640625,0.003472225152429287,0.02542868862802683,0.022400991198612497,0.03767686332547604,0.023515154871228017,0.062077995472864966,0.0036645449418307406,0.0058935808373310646,81.86599434100526,0.007452901288478753,0
2023-07-18,SPY,438.6933288574219,0.007430685410980464,0.026511000869975154,0.03351854571933344,0.03762607731496059,0.02939937830308592,0.06813163889909024,0.0037894625275556597,0.005952947849579112,81.0048850390379,0.002751910716743966,0
2023-07-19,SPY,439.6688537597656,0.0022237058057950065,0.020582052718084443,0.041218903246965644,0.03793359142546926,0.029585961745901335,0.06864185495616915,0.0036066290983410207,0.005730290321875597,81.50761417558701,0.0006809851469442574,0
2023-07-20,SPY,436.7518615722656,-0.006634520873051941,0.005828066930174236,0.03963768572333293,0.03828848158672016,0.0207649659830067,0.05984850658741614,0.0052376266359663625,0.005838595559266549,72.58425575896868,0.0006855333321453827,0
2023-07-21,SPY,436.7518615722656,0.0,0.006454777526952116,0.03589836944366209,0.038194297912445885,0.018962730097034308,0.05788129617203985,0.005191428202469388,0.0058407610680747376,67.12852045445149,0.01048255998591352,1
2023-07-24,SPY,438.7030029296875,0.004467391049915559,0.007452901288478753,0.048452401833990466,0.03857070643904259,0.0210999359950641,0.06048448187125488,0.005313251983488528,0.005433332535207171,68.9342471389937,0.007903977762041103,0
2023-07-25,SPY,439.9005737304687,0.002729798503278369,0.002751910716743966,0.0556274132984782,0.0395700325959345,0.02113258103035509,0.061538830546497225,0.004324879791158406,0.005215669968351465,71.92727714781617,0.0022835776516993977,0
2023-07-26,SPY,439.96826171875,0.00015387110707143492,0.0006809851469442574,0.044340470721352165,0.040162412685488924,0.019080246939258583,0.06000896837646308,0.004223364782391837,0.0048651530029737,82.12390241903259,-0.011810946612581863,0
2023-07-27,SPY,437.05126953125,-0.006630005937484418,0.0006855333321453827,0.036893562661076906,0.04048133935547238,0.010503854389947609,0.05141040383951978,0.0042215534382319024,0.005241678623551981,76.22275211647319,-0.008066378908724414,0
2023-07-28,SPY,441.33013916015625,0.009790315066457778,0.01048255998591352,0.042934422410802586,0.040748162840085644,0.018258325675392983,0.05975048174328679,0.006023755635841428,0.005521593204608669,78.86285391838399,-0.022126326262285723,0
2023-07-31,SPY,442.1705017089844,0.001904158529547395,0.007903977762041103,0.03273332244698257,0.04036856142295897,0.018550459512414186,0.059667876299624334,0.005879497565999372,0.005029788547172337,77.40440010302152,-0.015465824761511149,0
2023-08-01,SPY,440.9051208496094,-0.0028617487021054266,0.0022835776516993977,0.028594595406601808,0.039717409577568086,0.014203855222069794,0.054485405135073384,0.006134648444356211,0.005128698989705817,70.3341723574119,-0.016933702179444787,0
2023-08-02,SPY,434.7718200683594,-0.01391070434707431,-0.011810946612581863,0.01579680417584184,0.038964811932995724,-0.000681536367395541,0.03825671962921917,0.00891228063154119,0.0061503414653728,50.999081927708175,-0.009730459955962889,0
2023-08-03,SPY,433.5258483886719,-0.0028658059749401277,-0.008066378908724414,0.020879787237406466,0.03852129971495266,-0.0045597540252438895,0.03378589803827592,0.008613441361794545,0.005877731628758099,49.25530538094672,-0.0065281197259565715,0
2023-08-04,SPY,431.5651245117187,-0.00452273811178916,-0.022126326262285723,0.018835030944314823,0.0379823001058015,-0.00996870386015214,0.027634961943967307,0.005807705048796637,0.005958116563503289,43.28568931863014,-0.002596254463627101,0
2023-08-07,SPY,435.33197021484375,0.008728336673142767,-0.015465824761511149,0.025132897570920187,0.03768628308065192,-0.0025484664543073965,0.03504177439812595,0.008045429824867544,0.006200857124818483,44.30613352632533,-0.005768541344461031,0
2023-08-08,SPY,433.43896484375,-0.004348417990435061,-0.016933702179444787,0.014216165029509398,0.036894674093796986,-0.007576548270011529,0.029038591544607417,0.00806249892402399,0.006199238876244337,39.76520346659798,-0.013058645372278188,0
2023-08-09,SPY,430.5412902832031,-0.0066853116484150155,-0.009730459955962889,-0.0006053190722191681,0.03545160357046839,-0.014181777804546658,0.020767059001270516,0.006116770241193808,0.006158545075278499,39.79045929588547,-0.01370735152176672,0
2023-08-10,SPY,430.69573974609375,0.0003587332188024206,-0.0065281197259565715,-0.008119022585560298,0.033675413555185774,-0.013429938039785094,0.01979321679789048,0.0061643981813919195,0.0058701173415905425,40.094657473118694,-0.02157366826334628,0
2023-08-11,SPY,430.4446716308594,-0.0005829361474120054,-0.002596254463627101,-0.008079565672974853,0.03180836661826092,-0.013608945246828319,0.017766543051733752,0.005894377086092887,0.0058700415354362295,35.69733480336873,-0.020531859661217733,0
2023-08-14,SPY,432.82073974609375,0.005520031427574512,-0.005768541344461031,-0.006055333373420013,0.030147136121695395,-0.007864287282906113,0.022045763099571403,0.004689261135653429,0.005958138574439425,38.21928326085251,-0.019571068071103648,0
2023-08-15,SPY,427.7788391113281,-0.011648934932562027,-0.013058645372278188,-0.024879543471792886,0.027873402680726134,-0.0181934305868926,0.009172859276941114,0.006658270397011416,0.006180731607116768,32.59778271746514,-0.010702583214630024,0
2023-08-16,SPY,424.63970947265625,-0.007338206922981816,-0.01370735152176672,-0.034182872310807966,0.025221915827307484,-0.02371434082308721,0.0009094538960803256,0.006763797096631445,0.006267848813180841,32.39232834011608,0.007710896918731613,0
2023-08-17,SPY,421.404052734375,-0.007619769574304547,-0.02157366826334628,-0.0351407977578847,0.022673890018391374,-0.02944105442224787,-0.0074347076338519,0.006791579886046298,0.006312231951759107,20.869604788367525,0.0013753055349403631,0
2023-08-18,SPY,421.6068420410156,0.0004812229624389097,-0.020531859661217733,-0.03467648535424517,0.019964330396931906,-0.02727750641479998,-0.007857753168337589,0.006953264635503794,0.006320238448138505,19.36646227032699,0.007949642180688832,0
2023-08-21,SPY,424.3499755859375,0.006506378149942371,-0.019571068071103648,-0.0327169571393392,0.017128391983902036,-0.019324852932227854,-0.0025274646043802473,0.007300495171152329,0.006440997394861998,26.377948298580435,0.007784481952664901,0
2023-08-22,SPY,423.2005004882813,-0.0027087902999617386,-0.010702583214630024,-0.03796329043303248,0.01420488096326089,-0.02009036650582474,-0.00617086680728729,0.005894983679447801,0.006361016407315344,30.751611524392047,0.02512858543260399,1
2023-08-23,SPY,427.9140625,0.011137893282924471,0.007710896918731613,-0.027397883592011563,0.011849859800804552,-0.00779155208213933,0.0039659789188610794,0.007413791112194755,0.006991844160114053,41.63056647638779,0.01801226767750519,1
2023-08-24,SPY,421.9836120605469,-0.013858975339126944,0.0013753055349403631,-0.03447572063310467,0.00938595528433761,-0.01983030947991371,-0.010630480593629144,0.009559558534727812,0.007450187975530083,37.22301758932421,0.030808474583257972,1
2023-08-25,SPY,424.9584655761719,0.007049689681309701,0.007949642180688832,-0.037096205609567945,0.006567626132563786,-0.011040029294439258,-0.004544909946773812,0.010028527805396674,0.007249722090301656,35.86839844980959,0.02550175981553804,1
2023-08-28,SPY,427.6533203125,0.006341454411725511,0.007784481952664901,-0.03283163698251157,0.004015410794312224,-0.0030845817718260227,0.0009184431595437026,0.010008711308737626,0.007436576259041566,42.28684927003673,0.014635264787619562,1
2023-08-29,SPY,433.8349304199219,0.014454722584416713,0.02512858543260399,-0.01603562783771595,0.0023260916254812525,0.012159651118661685,0.014514027206778968,0.011053552341110925,0.008250533011129012,54.03741206996396,-0.006545697448836041,0
2023-08-30,SPY,435.6217651367187,0.0041186972083304685,0.01801226767750519,0.001954922166357731,0.001464473758815421,0.016227672979991947,0.01771591174005316,0.01051574498634653,0.007706883627513179,55.806063605704445,-0.013658175647208504,0
2023-08-31,SPY,434.9842834472656,-0.001463383468117141,0.030808474583257972,0.003364124801357171,0.0007351728560505144,0.01456795059126792,0.01531383340916137,0.0057422105966622615,0.007684578985740901,55.3023184855774,-0.010724965999734049,0
2023-09-01,SPY,435.795654296875,0.001865287736787291,0.02550175981553804,0.009802761031588947,0.00024350032939191024,0.015959168438019145,0.016206554830182407,0.00599061037805167,0.00761052668753242,53.60656004569896,-0.0060729045461141995,0
2023-09-05,SPY,433.9121398925781,-0.004322012818911203,0.014635264787619562,-0.0032614887474606835,-0.000735944413084999,0.011735622832660608,0.010991041653517719,0.007198252390945453,0.007426533162906033,58.052181159652605,-0.007234411837084953,0
2023-09-06,SPY,430.99517822265625,-0.006722470753282028,-0.006545697448836041,-0.005638133207462537,-0.0016912954987873263,0.0052206510701025,0.0035205259076596107,0.004414285234521259,0.0075158235000238795,58.39281684237681,0.000650081251305501,0
2023-09-07,SPY,429.6719665527344,-0.003070131028793721,-0.013658175647208504,-0.002019141369453581,-0.002265782050057341,0.0022360959032676764,-3.475265274943684e-05,0.003213651231609138,0.007395564330712655,61.49915153737699,0.012386101173685882,1
2023-09-08,SPY,430.319091796875,0.0015060913778772722,-0.010724965999734049,-0.0008745105058174385,-0.002701030560271489,0.0037896492334463794,0.0010783827147826663,0.00374036429396054,0.007403552275774253,61.96920440090467,-0.001315396062719132,0
2023-09-11,SPY,433.1491088867187,0.00657655480268482,-0.0060729045461141995,0.006282891702696247,-0.0028677234711630417,0.010072522618306268,0.007175913937617073,0.0052806147387345495,0.007546491100487889,62.05977815328505,-0.007258640089111479,0
2023-09-12,SPY,430.7730407714844,-0.005485566209154413,-0.007234411837084953,-0.004731055576982279,-0.0032933788346344306,0.004771596484489438,0.0014625029749855134,0.005474327166040288,0.007550166446737156,60.041048451254554,-0.0038529790966302935,0
2023-09-13,SPY,431.2753601074219,0.0011660881447870253,0.000650081251305501,0.008173665166228083,-0.003149957725521957,0.0055332132879299945,0.0023658261744647913,0.004644895772800632,0.007055899803662518,55.01736030444083,-0.01416052653719757,0
2023-09-14,SPY,434.9939270019531,0.008622256772575776,0.012386101173685882,0.024383535732339645,-0.0024386246593628425,0.01298045008872406,0.01051017098368523,0.005491678805812008,0.007033515071774752,70.793355053944,-0.03874299217174604,0
2023-09-15,SPY,429.7530517578125,-0.012048157270290072,-0.001315396062719132,0.019812336804221786,-0.00184192004333672,-0.00019603250403654737,-0.002037591471174882,0.008572199935473323,0.007387528229137222,57.14526106678872,-0.029208186137512526,0
2023-09-18,SPY,430.0050354003906,0.0005863452081316112,-0.007258640089111479,0.019919490202575885,-0.0011910893723321436,-0.0005861333559812332,-0.0017765245911023353,0.0077628289406763565,0.007387171589665542,53.779927306260426,-0.025697132197406658,0
2023-09-19,SPY,429.11328125,-0.0020738225764269647,-0.0038529790966302935,0.011224946242745393,-0.001051147274466202,-0.0032105048739717867,-0.0042582774349899655,0.007461522494671058,0.007299960950389202,40.85592672401047,-0.03801578871309841,0
2023-09-20,SPY,425.1682739257813,-0.009193393671542704,-0.01416052653719757,0.0046497426993343804,-0.001149213960283224,-0.012600050962115139,-0.01373478476793244,0.008198540004185106,0.007592053625446547,31.31720928608989,-0.028702373557574434,0
2023-09-21,SPY,418.1409606933594,-0.016528310467607055,-0.03874299217174604,-0.022838935812352856,-0.002161337120510254,-0.027816831420305665,-0.029918046990492275,0.007058300767940529,0.008014324840403257,25.4942687557498,-0.00665299774632877,0
2023-09-22,SPY,417.20074462890625,-0.0022485624534225312,-0.029208186137512526,-0.011334249233722282,-0.002550310251074328,-0.029463216429334915,-0.031938386337519886,0.006961543868807134,0.007443479980336249,23.046897808604484,-0.0068305269451739425,0
2023-09-25,SPY,418.95513916015625,0.004205156759273132,-0.025697132197406658,-0.014126854510066345,-0.0030846214721489407,-0.02470092639978505,-0.027709354863979296,0.007924859069002334,0.007316856979072022,28.238547410129954,-0.01138274583011678,0
2023-09-26,SPY,412.8002014160156,-0.014691161818611187,-0.03801578871309841,-0.03473168146018535,-0.004216713272738426,-0.03736494886176289,-0.04142410485870074,0.00866741282474317,0.007752238437700144,25.80699090489287,-0.01007338335463559,0
2023-09-27,SPY,412.9649353027344,0.0003990644533449217,-0.028702373557574434,-0.04810584315326294,-0.006036547165447992,-0.03463166477852475,-0.04045915626611918,0.009290989790444938,0.006783693750395917,27.079314040728747,-0.003262480476883156,0
2023-09-28,SPY,415.3590698242187,0.0057974281030162,-0.00665299774632877,-0.04651442359896918,-0.00790453992743756,-0.02672996076009737,-0.0344232126454479,0.008120802797108329,0.006878836969344832,30.41488278734225,-0.009381002265459126,0
2023-09-29,SPY,414.3510437011719,-0.002426878805062427,-0.0068305269451739425,-0.04743444885542669,-0.009907399895663027,-0.0267392163333392,-0.03638170011989117,0.008126357767969728,0.006875628760798108,24.15741791920169,0.004819017997113706,0
2023-10-02,SPY,414.186279296875,-0.0003976444775548593,-0.01138274583011678,-0.04958602681540081,-0.012060173950521613,-0.02465089821901134,-0.036413778048975165,0.00758324960883562,0.006820064616478608,25.721261869898058,0.011654166472640615,1
2023-10-03,SPY,408.6419067382813,-0.013386181135709885,-0.01007338335463559,-0.05823813355522356,-0.014387560552632128,-0.03483535849828523,-0.04872172322115065,0.007052486165660415,0.007234846753499587,21.13159486540323,0.03071705668055058,1
2023-10-04,SPY,411.6176452636719,0.007282019969861775,-0.003262480476883156,-0.044959976208768015,-0.016041897338892164,-0.02557716650406161,-0.04120875756367581,0.008214541092689742,0.007524529539788462,19.60823678781128,0.02745730298600524,1
2023-10-05,SPY,411.4625854492187,-0.0003767083754484535,-0.009381002265459126,-0.04237972807397672,-0.01742495945899525,-0.02384026973412534,-0.040849813459511886,0.007434537043137895,0.0075335611894791895,22.596447526765857,0.02157814923688739,1
2023-10-06,SPY,416.3478088378906,0.011872825285775157,0.004819017997113706,-0.03246726260888111,-0.018371719046809565,-0.010610797317210485,-0.028787577776845596,0.009598086291424507,0.00813032157615796,32.032648931642754,0.004562891206661979,0
2023-10-09,SPY,419.0132751464844,0.006402018341428617,0.011654166472640615,-0.03263502902399196,-0.01945099947385931,-0.002601492655194937,-0.022001890496786802,0.009829672217352379,0.00812115201341482,37.3049756384969,0.008674874785391307,0
2023-10-10,SPY,421.1941833496094,0.0052048666056285775,0.03071705668055058,-0.02223643662732455,-0.02002512925068889,0.003734142602710211,-0.016365763336238404,0.004403415414370993,0.00820514188632358,44.773036522074115,0.0034058870032667166,0
2023-10-11,SPY,422.9195556640625,0.0040963821027437675,0.02745730298600524,-0.019374639073463706,-0.020399384648177588,0.008850254964907656,-0.011729669438533485,0.0044159204437649,0.008273456624108834,57.30373869701137,-0.01400344979170498,0
2023-10-12,SPY,420.3411865234375,-0.006096594745013562,0.02157814923688739,-0.03368493114261306,-0.021374744451619243,0.0044551533574872515,-0.01701481885864109,0.0065329072004914205,0.008028640461005493,54.57104021747822,-0.016672015008269314,0
2023-10-13,SPY,418.24755859375,-0.004980782271191364,0.004562891206661979,-0.02677233615212682,-0.022014707426612157,0.000828006259140146,-0.021204929483014223,0.005969792905859774,0.007697013891892204,48.98015915604717,-0.02389337836559946,0
2023-10-16,SPY,422.6481628417969,0.010521530030785486,0.008674874785391307,-0.017108805602110033,-0.022337735619577304,0.012249246193501762,-0.010362109849085144,0.007093197906472902,0.00813517915234655,64.94996571725076,-0.03573074086228689,0
2023-10-17,SPY,422.6287231445313,-4.5994988206898846e-05,0.0034058870032667166,-0.015111529726088313,-0.022483721566602832,0.01298930552480404,-0.009786463970562043,0.006837750972258385,0.008131509292151935,64.73537899988756,-0.02841610092154523,0
2023-10-18,SPY,416.9972229003906,-0.01332493495056375,-0.01400344979170498,-0.01921839310808282,-0.0225667670492834,0.000471000595545501,-0.02210639541445769,0.008823891397551444,0.008405703098733529,52.2734145306422,-0.029427484226075995,0
2023-10-19,SPY,413.333251953125,-0.008786559588529586,-0.016672015008269314,-0.01149781818136697,-0.022112488388537188,-0.0077474264791196346,-0.029688599989596276,0.00915214730548641,0.007806803236061147,48.68449390230914,-0.03254921846435921,0
2023-10-20,SPY,408.2542114257813,-0.012288003695187122,-0.02389337836559946,-0.021444192797600903,-0.022060757729499114,-0.018886653803266262,-0.04053075763889058,0.010024795040555085,0.008232965891366267,43.19696606987621,-0.024953291581182313,0
2023-10-23,SPY,407.546630859375,-0.0017331862026239708,-0.03573074086228689,-0.02723085894984112,-0.022107325668381805,-0.019242642617657513,-0.04092456491897056,0.00606174967759687,0.008139984893639795,48.5871747431405,-0.01158262301033186,0
2023-10-24,SPY,410.6192626953125,0.007539338086192338,-0.02841610092154523,-0.00528327920679772,-0.02115263389526345,-0.01158900202566926,-0.03249649800387222,0.008690256292782621,0.007729504099418955,48.715371173895115,-0.012817822024125736,0
2023-10-25,SPY,404.7260437011719,-0.014352027606930662,-0.029427484226075995,-0.019950583929172483,-0.020731959293852964,-0.024807702103066154,-0.045025349126744274,0.008923996196243516,0.008344953836634448,42.44730739253288,0.012237915021215073,1
2023-10-26,SPY,399.8795776367187,-0.011974682973531436,-0.03254921846435921,-0.03726773606761724,-0.021215136950328284,-0.034685103816414986,-0.055164391539141655,0.00928619894660192,0.008530128792615315,31.52053684619295,0.04414018075204851,1
2023-10-27,SPY,398.0669250488281,-0.004532996155000801,-0.024953291581182313,-0.03930029596857443,-0.021772973590291067,-0.03716842271680887,-0.05813212922089406,0.008721112514115344,0.008550438075298913,26.03687633454318,0.05846422572709886,1
2023-10-30,SPY,402.826171875,0.011955896173961422,-0.01158262301033186,-0.027427531981889852,-0.022008553678868004,-0.024316442788136827,-0.04578982673062293,0.01166058111823744,0.009098481334826415,30.15715816368582,0.04836502167304246,1
2023-10-31,SPY,405.35601806640625,0.006280242864138641,-0.012817822024125736,-0.008040997797075011,-0.021239423147301206,-0.01779805874503615,-0.038659461391451155,0.011406530962140367,0.008786607194481919,31.35038166256855,0.044787184177681905,1
2023-11-01,SPY,409.6790466308594,0.010664769663651263,0.012237915021215073,-0.004709707309973776,-0.02054945211892467,-0.007089899424713497,-0.027493657994882015,0.01036031942486309,0.00897219166949567,39.08302633182411,0.03451947775846054,1
2023-11-02,SPY,417.53033447265625,0.01916448475059851,0.04414018075204851,0.014746781938418607,-0.01932444872177208,0.011195180568947194,-0.00834560884566038,0.008731177222175932,0.00996117374125251,49.34308723841723,0.007150096253123017,0
2023-11-03,SPY,421.339599609375,0.009123325474135635,0.05846422572709886,0.011989472901076326,-0.018368109792211595,0.019804204281338,0.0010723286905394147,0.004809491779446978,0.009817956954832195,48.78834888905843,0.013618918569689331,1
2023-11-06,SPY,422.3088684082031,0.002300445530699635,0.04836502167304246,0.00786512852263832,-0.01766012681881346,0.021742706369030307,0.0036986005983554726,0.006266997622007099,0.009733781622183135,49.70895311426549,0.010328425981468659,1
2023-11-07,SPY,423.5107727050781,0.002846031392628179,0.044787184177681905,0.00550005068219539,-0.01702233099773609,0.02436355035939597,0.00692649494316222,0.006868341092153785,0.009687146140490424,56.446581532179145,0.027006685089159044,1
2023-11-08,SPY,423.8209533691406,0.0007324032446240913,0.03451947775846054,0.0021313691764921483,-0.016760967074289645,0.025002059559797507,0.00782203378843671,0.007598821550498497,0.009647226380058759,61.11795165778834,0.028427540356565695,1
2023-11-09,SPY,420.5157165527344,-0.007798663067815403,0.007150096253123017,0.00041521039311032126,-0.01657948210072102,0.016986950486050034,0.00012583354379991363,0.0060746268829601656,0.009712523572757063,63.506295217355856,0.03777876910842437,1
2023-11-10,SPY,427.0777893066406,0.015604821640675448,0.013618918569689331,0.02111245010629581,-0.015750779342311505,0.03175517960160512,0.015504231432413196,0.008378572459783578,0.010226758137603322,69.05616174945914,0.02310417282236532,1
2023-11-13,SPY,426.670654296875,-0.000953304105152819,0.010328425981468659,0.009517352277203184,-0.015470120055786185,0.030271008409422206,0.014332592219332474,0.008545647189093055,0.009989186873524706,66.52030032112651,0.031963621860986446,1
2023-11-14,SPY,434.9483947753906,0.019400772926736254,0.027006685089159044,0.029150104941273014,-0.014419605390576962,0.0486992268342652,0.03357739780991209,0.011581403493710122,0.010841212797764696,79.64991089991089,0.010117531874831664,1
2023-11-15,SPY,435.869140625,0.002116908260081818,0.028427540356565695,0.04525669881767391,-0.012672705454025657,0.048533714625795144,0.03524595570172728,0.011457881838181866,0.010264883729421664,88.25452804409525,0.011875322071113414,1
2023-11-16,SPY,436.40228271484375,0.0012231700759528508,0.03777876910842437,0.055812182186433246,-0.010265668977045728,0.04691132066579384,0.036164075599517176,0.009315965248643974,0.009936423165323588,91.8873172934116,0.011261025326520402,1
2023-11-17,SPY,436.945068359375,0.0012437736144610412,0.02310417282236532,0.07027694052045197,-0.007447236073190311,0.04461848093703824,0.03683896050308255,0.008347677071957563,0.009297584973570793,91.06392262701443,0.0081858154902954,0
2023-11-20,SPY,440.30859375,0.00769782207006986,0.031963621860986446,0.08038825599304134,-0.004164698684284152,0.048553367478030296,0.044186458648092675,0.007784847209224137,0.009260351380107203,91.2397200097939,0.0014749066262120802,0
2023-11-21,SPY,439.3489990234375,-0.00217936860688972,0.010117531874831664,0.0699668499220969,-0.0012197931733358702,0.042701250477352515,0.041429370610191585,0.0035748851601574328,0.009314939636975881,88.0248621917746,0.002956186563094043,0
2023-11-22,SPY,441.0452270507813,0.003860775900512037,0.011875322071113414,0.08973769767192352,0.002799090823584871,0.0422350697489875,0.045152380368740364,0.003670437893981397,0.008322637310893097,85.78169957221856,0.0030326933602358164,0
2023-11-24,SPY,441.3166198730469,0.0006153401184734175,0.011261025326520402,0.10362380214868772,0.00748219123547833,0.037795353927203124,0.04556033722857755,0.003727507473334607,0.007454662072014898,84.06611649383996,0.008346205254758932,0
2023-11-27,SPY,440.5218200683594,-0.001800974105430564,0.0081858154902954,0.10665265649569755,0.012290019733307123,0.03078083544944521,0.043449152257833745,0.004156526580314136,0.007294709018229756,81.24382245527039,0.004862619162468773,0
2023-11-28,SPY,440.9580078125,0.0009901614954577198,0.0014749066262120802,0.09466077082333313,0.016598918272933805,0.027218794361014043,0.04426951517703426,0.0024400926523578375,0.007163599910858698,80.73777851375458,0.003670832216786435,0
2023-11-29,SPY,440.6477966308594,-0.0007034937026759724,0.002956186563094043,0.08706366007047062,0.020506482534836667,0.022293871980926472,0.043257523412173926,0.0021359190980285957,0.007244910293510624,79.64476731807713,0.0003300748998538161,0
2023-11-30,SPY,442.3827819824219,0.00393735170090026,0.0030326933602358164,0.07982769834218573,0.023917782259376574,0.022440273236742803,0.046894777065236815,0.0021652860945909464,0.007083706220569886,90.78071501420558,0.004009796082353523,0
2023-12-01,SPY,444.99993896484375,0.0059160462138552194,0.008346205254758932,0.06579067968051189,0.0265475026136619,0.025234568836957072,0.05245198623277281,0.0032137626847907365,0.006134101525215565,89.19014869317901,0.002396007394993127,0
2023-12-04,SPY,442.6639099121094,-0.005249504209300371,0.004862619162468773,0.050610743263876046,0.028568661558409758,0.017353515542636977,0.046417943813432894,0.004322945769024351,0.00624561067479976,82.25158683368063,0.011605208638467923,1
2023-12-05,SPY,442.5766906738281,-0.0001970326388219812,0.003670832216786435,0.0479928881011189,0.030581436000334028,0.014789589476486453,0.0458233123608669,0.004354606036959572,0.00627450091927605,72.97125422731952,0.016425817244966945,1
2023-12-06,SPY,440.7932434082031,-0.0040296909060205666,0.0003300748998538161,0.04080762950311079,0.03221604035775538,0.008701700315440819,0.04119807500173933,0.004855625985836748,0.006433125072028718,64.09568287880296,0.03461160421002263,1
2023-12-07,SPY,444.1566467285156,0.00763034227636239,0.004009796082353523,0.04798180268747343,0.03409338401701234,0.014038985813236371,0.04861100636478888,0.005782365637818744,0.00654433053232164,69.102273222762,0.03007229909046405,1
2023-12-08,SPY,446.066162109375,0.004299193527608214,0.002396007394993127,0.0607597874488397,0.03665784535678096,0.015436843700720182,0.05266057048667894,0.005462050193542085,0.006099307890275614,71.0515639351098,0.023973885753661328,1
2023-12-11,SPY,447.8011169433594,0.0038894562765756646,0.011605208638467923,0.048523543381553624,0.03836598162962668,0.016987514855725694,0.056005239168240184,0.0045064995025995685,0.0053370642766110464,68.69846811401484,0.02574421849059405,1
2023-12-12,SPY,449.8463745117187,0.004567334673749812,0.016425817244966945,0.05431758660092467,0.040287383867838145,0.018950880759694977,0.06000174603533259,0.004342352643877273,0.005297919194693835,74.85081333822669,0.027289793349861924,1
2023-12-13,SPY,456.0498046875,0.013790108195302908,0.03461160421002263,0.04851474373875142,0.0416715598949664,0.030539489647506635,0.07348367771448094,0.004160977867552035,0.004444741341388457,79.2738080778491,-0.0007257840019700978,0
2023-12-14,SPY,457.5134582519531,0.003209416053705061,0.03007229909046405,0.049657834449846616,0.04289558614435651,0.031324822905687055,0.07556410568945116,0.004411939954866285,0.004448038511279687,80.19516502322364,0.0055219516320954565,0
2023-12-15,SPY,456.7601013183594,-0.0016466333831405278,0.023973885753661328,0.04664920283384011,0.04370924122113817,0.02726951318434212,0.07217068413523764,0.005607741600996278,0.004534651563910243,80.3192750214248,0.009204646319614707,0
2023-12-18,SPY,459.3294067382813,0.005625065351605896,0.02574421849059405,0.05122918188081216,0.04461471910729986,0.030454155236963487,0.07642757792581079,0.005593933451312422,0.0045868737520039365,81.77131602113609,0.0077971971335908385,0
2023-12-19,SPY,462.1225891113281,0.0060810005457332394,0.027289793349861924,0.049542515569690915,0.04540815697801248,0.034189826744897456,0.08115048074279341,0.005598243844431131,0.004504151056951506,84.20108714670648,0.0035168452296872044,0
2023-12-20,SPY,455.71881103515625,-0.013857314546095845,-0.0007257840019700978,0.03725924503778266,0.04557328442206887,0.017994062923715637,0.06438739589331544,0.0082702416642327,0.005724727018676911,68.48955137996252,0.018002752830410307,1
2023-12-21,SPY,460.0398254394531,0.00948175563453657,0.0055219516320954565,0.04306723488583364,0.0458749436607675,0.02547087049734431,0.07251428890716816,0.009311268735541224,0.005961893265714292,69.91112400379131,0.005521611374376123,0
2023-12-22,SPY,460.96441650390625,0.0020098065717895075,0.009204646319614707,0.0445208626779372,0.04631113972197598,0.025286658100801107,0.07276885177918513,0.009180683732364636,0.005951424160292381,75.16840605816924,-0.002111105535283264,0
2023-12-26,SPY,462.910888671875,0.0042226082931333675,0.0077971971335908385,0.050823971897785425,0.04694444591339764,0.02705875649327827,0.07527346073735841,0.009057804011913044,0.005890550922670742,76.60474301671962,-0.014422364421810663,0
2023-12-27,SPY,463.747802734375,0.0018079377326836177,0.0035168452296872044,0.05168246072892613,0.047581281347850446,0.026320888896534278,0.0751545518642962,0.008723260512686152,0.005882363897983524,80.79592212737211,-0.019369985222512542,0
2023-12-28,SPY,463.9230041503906,0.0003777946008209909,0.018002752830410307,0.05282043322919283,0.04804066468354096,0.024071112103921433,0.07326816901260691,0.003574335479710716,0.005855901538773808,78.99940362873113,-0.0183977204321929,0
2023-12-29,SPY,462.5799865722656,-0.0028949148158422533,0.005521611374376123,0.045655494319501555,0.04831700480025325,0.018835344326303183,0.06806241654878464,0.002624901115256324,0.005971508902375057,74.6371077526587,-0.0014938162945714595,0
2024-01-02,SPY,459.99127197265625,-0.005596252917883127,-0.002111105535283264,0.03368839340222207,0.04809040492853445,0.011463832840882926,0.06010553813276842,0.003875330087979818,0.006151826101900729,67.73480309758676,0.00260226999360591,0
2024-01-03,SPY,456.234619140625,-0.008166791547850383,-0.014422364421810663,0.030656913574025335,0.04804849218059393,0.0017088534873954675,0.049839453501416386,0.00412059946295186,0.006355879461935184,58.853064421448735,0.01657456346184616,1
2024-01-04,SPY,454.7650146484375,-0.0032211595318121233,-0.019369985222512542,0.02753946204453861,0.04801384741735859,-0.002852028792731831,0.045024881749342605,0.003195830525035915,0.006434616266044588,47.950596225592136,0.0194101494187926,1
2024-01-05,SPY,455.3878784179687,0.0013696387133312893,-0.0183977204321929,0.03310993357547898,0.04831786717661335,-0.003081424166378244,0.045087555166649196,0.003540009566283083,0.006307766566304585,46.51597625795702,0.01872116283511427,1
2024-01-08,SPY,461.8889770507813,0.014275958893323226,-0.0014938162945714595,0.03992359554421876,0.04878933482563341,0.009191755097012866,0.0584295495397098,0.008855943466837763,0.006795613737482495,57.07384089319228,0.000695333745000859,0
2024-01-09,SPY,461.1882934570313,-0.0015169957036514914,0.00260226999360591,0.03390109502174776,0.04888567234772978,0.00599887072397709,0.05517780190037547,0.00841947605291058,0.006815616111009093,52.70314408247891,-0.0033552321704201082,0
2024-01-10,SPY,463.7965087890625,0.005655423975487794,0.01657456346184616,0.03571985696437263,0.04889368664196825,0.009926351061420258,0.05930537360168375,0.006990603858790165,0.006856919298095797,52.44733528640662,-0.00014699608177126677,0
2024-01-11,SPY,463.5920715332031,-0.0004407908468159194,0.0194101494187926,0.030556425038224644,0.048828743089052384,0.007972676276230217,0.057190715126906655,0.00642896097959938,0.006841148666194665,64.0596542512319,0.01276382012094679,1
2024-01-12,SPY,463.9132690429687,0.0006928451315038053,0.01872116283511427,0.017242556130151243,0.04808079346197336,0.007809505850702614,0.05626578655052361,0.006501446421721191,0.006202689027950128,58.06978704790426,0.014202470675610535,1
2024-01-16,SPY,462.2101440429687,-0.003671214241216858,0.000695333745000859,0.010265677886199143,0.046819423888741385,0.003597629689798154,0.050585492527980946,0.003476124705665036,0.00625688395750917,52.513757309725335,0.020908307848655827,1
2024-01-17,SPY,459.6408996582031,-0.0055586066594996986,-0.0033552321704201082,0.006307027105758145,0.04531307242970928,-0.002293011732822703,0.04291615729015508,0.004325115061045383,0.006388257222846139,43.56325968145188,0.0277371204340493,1
2024-01-18,SPY,463.7283325195313,0.008892665696998758,-0.00014699608177126677,0.009576843364954568,0.043622784971462325,0.0060989308070606985,0.04998776812567507,0.005570644211223015,0.006569906175980725,49.96602233365865,0.024218960280873336,1
2024-01-19,SPY,469.50927734375,0.01246623166803218,0.01276382012094679,0.01598426133339781,0.042022487096530226,0.017825606332159127,0.06059716974077034,0.007849555033471067,0.0069968052638113695,58.15342156767551,0.010322732449001837,1
2024-01-22,SPY,470.5019836425781,0.002114348633203589,0.014202470675610535,0.03243924158812361,0.04134446294271088,0.01834586246853953,0.06044882524223305,0.007790343311443117,0.0060860559562320535,61.68197634335441,0.0161753508647271,1
2024-01-23,SPY,471.8741760253906,0.002916443353095266,0.020908307848655827,0.025724621938182812,0.04005469970015363,0.02000948172979955,0.0608656552117961,0.006920510348710463,0.005810219667860466,68.17491427829943,0.012436642163528244,1
2024-01-24,SPY,472.3900146484375,0.0010931698517426813,0.0277371204340493,0.024786290948846768,0.038517437248337005,0.01986510796580898,0.059147698263650295,0.004939535846204346,0.005807830686611835,77.42890184911161,-0.005171042883400978,0
2024-01-25,SPY,474.9593505859375,0.005439014072751158,0.024218960280873336,0.02602760533162307,0.03688879103137355,0.02408025020838611,0.06185733255768011,0.004573848899195502,0.005846936230028602,83.05202589307133,0.0023973448591279034,0
2024-01-26,SPY,474.35589599609375,-0.0012705394453215169,0.010322732449001837,0.02287470301567085,0.035315187602630305,0.0216107728952466,0.057689148996910466,0.0024587307287427737,0.00587337041224864,81.06464988144805,0.014238571603378158,1
2024-01-29,SPY,478.1125183105469,0.007919417353429603,0.0161753508647271,0.030585924891011418,0.034101131308915233,0.02813036864363072,0.0631907773474305,0.003598230235107619,0.00606044555766061,79.19433085879545,0.0026054474078323064,0
2024-01-30,SPY,477.7427062988281,-0.0007734832232075828,0.012436642163528244,0.03277859000973815,0.03318073512045561,0.02566299769313729,0.05969524994244568,0.0040285857014338835,0.005997252917679037,80.14874987633827,0.006294669968513578,0
2024-01-31,SPY,469.947265625,-0.016317236393248225,-0.005171042883400978,0.02164387513190813,0.03228456609092234,0.007849899528388438,0.040387896219442165,0.00943078918652805,0.0070618773171229965,59.42160010321561,0.031519299144268986,1
2024-02-01,SPY,476.0979919433594,0.013088120238723633,0.0023973448591279034,0.043537627285166414,0.03239738694838734,0.018870615134132906,0.05187936070297483,0.0111924109878175,0.0071928371866442345,66.20438545016273,0.018642594706328453,1
2024-02-02,SPY,481.1100463867187,0.010527358922269192,0.014238571603378158,0.057931087242160784,0.03307085299493262,0.026702382158091842,0.06065630570798919,0.011936969664001304,0.007307783272258989,69.86737782090088,0.013856505297109134,1
2024-02-05,SPY,479.3582153320313,-0.003641227340489328,0.0026054474078323064,0.0526371870005331,0.03359215076655642,0.020354197393531503,0.054630089427663675,0.011838182314254047,0.007445627939679022,69.7888375500087,0.01711501622461964,1
2024-02-06,SPY,480.74993896484375,0.0029033061044931863,0.006294669968513578,0.040834405779700544,0.03350950952544052,0.02126655137352995,0.055488692604795053,0.011847537085152389,0.0069224394037900065,75.04030988107965,0.0002024348809075427,0
2024-02-07,SPY,484.7596740722656,0.00834058370564894,0.031519299144268986,0.051110101773280237,0.033667120235627124,0.02721272182566903,0.061796016038939694,0.006679497797735461,0.007007317445496519,74.99421526748685,0.0009434921422346587,0
2024-02-08,SPY,484.97369384765625,0.00044149665666859406,0.018642594706328453,0.04566050985136938,0.03380141411399551,0.025365581103263146,0.060024387728372375,0.005772629558588499,0.006981422328405076,71.18094451485202,0.007404972860535652,0
2024-02-09,SPY,487.7765502929687,0.00577939892589896,0.013856505297109134,0.05216758491960838,0.03414243394203953,0.028661674127991477,0.06378268738561443,0.004653796279124275,0.006993402730592499,72.54244631935444,-0.003371797674371013,0
2024-02-12,SPY,487.56243896484375,-0.00043895371353208645,0.01711501622461964,0.05097756736008474,0.03474237721411266,0.025652508814765884,0.061286115166609534,0.003667689518584697,0.007013933389297707,71.11045771978675,-0.00842333770602044,0
2024-02-13,SPY,480.8472595214844,-0.013772963023190532,0.0002024348809075427,0.040321736159869115,0.03508177532375267,0.009547236757087463,0.044963946095714746,0.00855897861603221,0.007802111674345202,59.75305461530402,0.006335011867873552,0
2024-02-14,SPY,485.217041015625,0.009087670580652185,0.0009434921422346587,0.05564374575117381,0.03602909424388767,0.01599385012726562,0.05259918830471122,0.00874398065289567,0.0077417028219649965,61.35771999491803,0.017911151430803907,1
2024-02-15,SPY,488.5649108886719,0.006899736798277489,0.007404972860535652,0.05355846651464735,0.03678803311526502,0.02035076283692372,0.05788746048935445,0.009247506365720734,0.007670839465647071,64.83141092412626,0.011633116886158978,1
2024-02-16,SPY,486.1318664550781,-0.004979981941740763,-0.003371797674371013,0.03540417604817203,0.0368730156408279,0.01351019880820381,0.0508813762209972,0.009257777574978,0.007484327011246558,58.60848052184608,0.012972667370975355,1
2024-02-20,SPY,483.4555358886719,-0.005505359247321762,-0.00842333770602044,0.027531344598823226,0.036625811414304765,0.006571279568728716,0.04343776942926847,0.009504134476673446,0.0076576874815771105,55.84316673055101,0.02047258180552025,1
2024-02-21,SPY,483.8934326171875,0.0009057642244403308,0.006335011867873552,0.025471316724800186,0.036325560000948665,0.006223982655416682,0.042775632311759626,0.006669139295228896,0.007649743075368445,66.79162116520023,0.018201500735988807,1
2024-02-22,SPY,493.9078369140625,0.020695474709609307,0.017911151430803907,0.045550967629235384,0.0366859030064306,0.024755637742366776,0.06234972367387637,0.010804235664251116,0.00879389873660637,69.61832553767847,0.0011427690861283146,0
2024-02-23,SPY,494.2484436035156,0.0006896158837674804,0.011633116886158978,0.04061209236912999,0.03676353192417858,0.023414430217696625,0.06103875929466995,0.01068683562295096,0.0087678034901572,66.13285088057889,0.009845369090353495,0
2024-02-26,SPY,492.4382934570313,-0.0036624296341465357,0.012972667370975355,0.038119896081330484,0.036794756800934136,0.017760882701625125,0.055209146862135405,0.010474708250193601,0.008831260582367342,66.03826960553937,0.012470642129400966,1
2024-02-27,SPY,493.3531188964844,0.0018577463442794873,0.02047258180552025,0.03187659808572163,0.03647668883416122,0.018048251926408465,0.055183281230089865,0.00952006591211087,0.008717424318019473,65.63638470153586,0.0004931277891921937,0
2024-02-28,SPY,492.7010192871094,-0.0013217705217585252,0.018201500735988807,0.031310395304967376,0.03621769062902347,0.015135920501021527,0.05190179921613658,0.009755951641364748,0.008726159616093692,60.74805419667366,0.006893787093537718,0
2024-02-29,SPY,494.4722595214844,0.0035949595495821107,0.0011427690861283146,0.05218669346627158,0.03701018009257839,0.0162178167218594,0.053828221132022236,0.002817034997523368,0.00764592314886533,62.335672461776205,0.013246050837793177,1
2024-03-01,SPY,499.114501953125,0.009388276778424354,0.009845369090353495,0.04834406025493987,0.03738274046249912,0.023338027104656156,0.061593206977315296,0.00500609459392594,0.0074195653122929315,64.0530648619289,-0.00220324275462469,0
2024-03-04,SPY,498.5793151855469,-0.0010722725256105958,0.012470642129400966,0.03631033883001966,0.03718149242657498,0.020413303986640763,0.05835379352079628,0.004371106295528174,0.007200069751671313,63.54727460362139,-0.0019911311724530867,0
2024-03-05,SPY,493.5964050292969,-0.009994217578793041,0.0004931277891921937,0.02970260911749123,0.03675590374606519,0.008745305526099312,0.0458226508803119,0.00713746990375273,0.007583145405863211,66.37504194065285,0.01892826999993269,1
2024-03-06,SPY,496.09759521484375,0.005067277962444772,0.006893787093537718,0.03192440602914437,0.03648071567670974,0.012269383854939697,0.04919769543558972,0.007382743656583407,0.007619695143054537,64.67964775498983,0.012201923139621318,1
2024-03-07,SPY,501.0220642089844,0.009926411741641328,0.013246050837793177,0.033547324595103234,0.036193167992705,0.020624226801347012,0.057563850899392754,0.008335533396667379,0.007701343833883605,66.12092470719821,0.0002719660391468093,0
2024-03-08,SPY,498.0148315429687,-0.0060021960724694345,-0.00220324275462469,0.0268904022233607,0.03573987326236594,0.013152474808200587,0.04936241585329815,0.008068617369392708,0.007888366951424836,65.15267434014154,-0.0005978938595925243,0
2024-03-11,SPY,497.5865783691406,-0.0008599205218471351,-0.0019911311724530867,0.02011172548225182,0.03503811210715013,0.01127212882301798,0.0467051950435553,0.008064850791214245,0.007831968495437233,69.11526972557664,0.00620696198576165,0
2024-03-12,SPY,502.9393310546875,0.010757429798630591,0.01892826999993269,0.031538303324782024,0.03495404567154292,0.02055613297888681,0.05622869866140401,0.007164847987000368,0.008116781659815624,72.7399791873749,0.0010300773358957738,0
2024-03-13,SPY,502.15093994140625,-0.0015675670296613209,0.012201923139621318,0.044304464667475285,0.03557307689753397,0.016758666037247183,0.052927900250424376,0.007474057734562782,0.007321147175017676,62.62283559797598,0.011875183916455256,1
2024-03-14,SPY,501.1583251953125,-0.001976725854998085,0.0002719660391468093,0.03285392480511451,0.03563749821951201,0.013113747527386144,0.049218586901056405,0.006301352737985437,0.007189770557889471,60.37408903766276,0.017229738040949405,1
2024-03-15,SPY,497.7170715332031,-0.006866599813079466,-0.0005978938595925243,0.018732742447434392,0.03520891404998827,0.005227190413605198,0.040620148161588876,0.0065177440721514495,0.0073177521508368875,57.555215643041706,0.022321214789720045,1
2024-03-18,SPY,500.6750793457031,0.005943151203128272,0.00620696198576165,0.029916189195074994,0.03533836045082417,0.009718505869013239,0.04540030238328008,0.007011529982725771,0.00725897203755401,59.90046959205737,0.013473507845029209,1
2024-03-19,SPY,503.4573974609375,0.005557133218754062,0.0010300773358957738,0.041372701494665653,0.035705930371939365,0.013285947826358946,0.0494662653263116,0.005465352812485736,0.00711717871621959,63.75212349969918,0.006010986530395446,0
2024-03-20,SPY,508.1140747070313,0.009249396810094845,0.011875183916455256,0.05005366979015191,0.03649919408811808,0.02017167582883328,0.05740711982811031,0.006604155788608039,0.007288859465448861,66.24277002971569,0.0051683249166569745,0
2024-03-21,SPY,509.7931518554687,0.003304527923981393,0.017229738040949405,0.032162508375363386,0.03639687601495112,0.021913220822464385,0.05910766961877889,0.0061388401183263205,0.005906436058991233,63.67993644766858,0.0016659780464443052,0
2024-03-22,SPY,508.82672119140625,-0.0018957309656768562,0.022321214789720045,0.029495849256705453,0.036263704008370645,0.018487779938452853,0.055421919326283486,0.004125172321781873,0.005955510705767124,62.984029566684775,0.0018225618377334385,0
2024-03-25,SPY,507.4209289550781,-0.0027628113418188827,0.013473507845029209,0.030425406994377457,0.036253038913531155,0.014153175853318656,0.05091931040181019,0.005059294978775769,0.005917974500438201,69.26254951686514,-0.0017892402488962622,0
2024-03-26,SPY,506.4836730957031,-0.0018470973621547149,0.006010986530395446,0.02661492082707162,0.036090628537844616,0.010953399170195555,0.04743934276871831,0.005093956879893196,0.005964525698462909,65.13100038679909,0.0011566324065430678,0
2024-03-27,SPY,510.74017333984375,0.008404022617598539,0.0051683249166569745,0.0366127800564231,0.0362358116860817,0.017617428314046446,0.054491621814908964,0.004763720597369844,0.006131004314726453,64.43888650590767,-0.01930546571228109,0
2024-03-28,SPY,510.6424560546875,-0.00019132484628581192,0.0016659780464443052,0.03270192861547283,0.03609923395216352,0.015786397843178923,0.05245550866434523,0.004602175652650997,0.006131683530805244,70.53736991109702,-0.008870577739486851,0
2024-04-01,SPY,509.7540893554687,-0.0017397039527078384,0.0018225618377334385,0.021316926999133567,0.035292351979144154,0.012947298532312024,0.04869659112843738,0.0045837061736076,0.005890592622541372,69.49724440445388,-0.006587972357132932,0
2024-04-02,SPY,506.5130310058594,-0.006358082097403628,-0.0017892402488962622,0.01591264534783199,0.03427330738634127,0.005714126229273031,0.04018327562031465,0.005406654566380264,0.006106468401791989,56.142180224050115,0.000925143843148124,0
2024-04-03,SPY,507.0694885253906,0.0010986045480927409,0.0011566324065430678,0.027295748832072864,0.03382799291085248,0.00547410267973647,0.039487273497232245,0.005362564376308927,0.005552373545193081,58.52153343294539,-0.010184733636409038,0
2024-04-04,SPY,500.8800964355469,-0.012206200984096194,-0.01930546571228109,0.0096402426998905,0.03294212173788624,-0.007269633223661143,0.025433011371581493,0.005441511884271683,0.006245827515203428,49.59151651900566,0.009608758119177274,0
2024-04-05,SPY,506.1127624511719,0.010446943395959751,-0.008870577739486851,0.010160626858269683,0.03188148171135485,0.0025955742180983066,0.03455980668141789,0.008477125507458744,0.006288123705875886,61.71021693122598,-0.014621114918124678,0
2024-04-08,SPY,506.3958435058594,0.0005593240789196763,-0.006587972357132932,0.016828840090814756,0.031241425287960922,0.0023242928020712483,0.03363833230995561,0.008540054945280044,0.0060979810037286334,58.622675495811464,-0.027509978407913138,0
2024-04-09,SPY,506.9816284179687,0.0011567727492662883,0.000925143843148124,0.01888123686860821,0.030678895040846754,0.002551586734780731,0.033308761637251605,0.008074111019740027,0.00608483519510349,55.68860033693579,-0.03040521709378563,0
2024-04-10,SPY,501.9051208496094,-0.010013198277421864,-0.010184733636409038,-0.0020563319295576754,0.02924520151244092,-0.007385659255859767,0.02164354716334138,0.009217090155337814,0.006095944399211073,40.111898770104816,-0.026394547581672256,0
2024-04-11,SPY,505.69293212890625,0.007546867170601823,0.009608758119177274,0.00705364046100021,0.02808908073656413,-0.0002446936628347496,0.027837513853678386,0.00789309355116168,0.006316014227501143,43.88114977329163,-0.03567552933982987,0
2024-04-12,SPY,498.71282958984375,-0.013803045475990983,-0.014621114918124678,-0.0048796866828775265,0.026481919165082912,-0.013805961705056435,0.012310349098157092,0.008761204034568792,0.0070574135848658565,37.20359676340713,-0.030713466344205687,0
2024-04-15,SPY,492.46490478515625,-0.012528101211725318,-0.027509978407913138,-0.0105525147688178,0.024952425993081784,-0.025655120782482554,-0.0013428522920693187,0.009397248750707628,0.007441117723253418,33.14268142258334,-0.009376535670309827,0
2024-04-16,SPY,491.5667419433594,-0.001823810860570263,-0.03040521709378563,-0.018192112565791785,0.023266056601358276,-0.026555023717421244,-0.0039067978009229565,0.008951122143234957,0.007288041421893079,33.17191433340123,0.004210171074517932,0
2024-04-17,SPY,488.6575622558594,-0.005918178426796872,-0.026394547581672256,-0.029396400330430006,0.021140437765416076,-0.030895920924194353,-0.010408636452281295,0.008689866556559336,0.007204808666648705,24.307137089815924,0.009709267189143223,0
2024-04-18,SPY,487.6520690917969,-0.0020576641839342713,-0.03567552933982987,-0.040270495610719714,0.018526132588444266,-0.030923747113183686,-0.012970511963889875,0.005678370016952928,0.006748929787642927,23.804301336995948,0.007947490838663862,0
2024-04-19,SPY,483.3956298828125,-0.008728434633552551,-0.030713466344205687,-0.0517808485197937,0.015477634089376302,-0.036856039553171405,-0.021948849757982614,0.004550456460355839,0.006784470209071905,22.107486323621515,0.02645615113421118,1
2024-04-22,SPY,487.8472900390625,0.009209144396545632,-0.009376535670309827,-0.041230993339384514,0.012915042681796995,-0.025950516612069485,-0.013370625959931992,0.006822947917529673,0.007284011090477331,30.741347855958452,0.02069163969477872,1
2024-04-23,SPY,493.6363220214844,0.011866483837510655,0.004210171074517932,-0.02716601966335941,0.010864189347087772,-0.01303377391076277,-0.0023111859513487154,0.009182107958206334,0.007918507614816961,37.49082083868545,-0.007257839414298473,0
2024-04-24,SPY,493.4020690917969,-0.00047454556975912165,0.009709267189143223,-0.025828283711397004,0.009022551646139743,-0.01221034810807875,-0.0032979649583615434,0.008470533397365334,0.007919886861922227,42.16765263552222,-0.010011690521387617,0
2024-04-25,SPY,491.5276794433594,-0.0037989091774335293,0.007947490838663862,-0.03761696239958878,0.006614853631390805,-0.014066755891954164,-0.007544951791857102,0.008709580973795546,0.007598277367088586,33.56788916257169,0.003058663899564218,0
2024-04-26,SPY,496.1844177246094,0.009474010266367072,0.02645615113421118,-0.02831342783712787,0.004268522481432058,-0.003280734990519951,0.0009737835998495648,0.0069272647491455544,0.00800817133176484,39.52749015056766,0.005961508880236055,0
2024-04-29,SPY,497.941650390625,0.0035414910328581684,0.02069163969477872,-0.02317281844620278,0.0023408810721212703,0.0014372648842899682,0.0037815104225746854,0.006573185441659337,0.008083258132760982,40.94642835311813,0.012763113187148845,1
2024-04-30,SPY,490.0535888671875,-0.015841337066801908,-0.007257839414298473,-0.03249559464637242,0.00038128612261201233,-0.012792890676834534,-0.01241648230590564,0.009458116998121588,0.008662795580107737,38.76344058020832,0.030200442444038744,1
2024-05-01,SPY,488.4622802734375,-0.0032472134270631337,-0.010011690521387617,-0.036695578560770326,-0.001798862091893172,-0.014150884490911064,-0.015924291093126763,0.009470110649912917,0.008645641991676193,32.95344346395797,0.03365633441401594,1
2024-05-02,SPY,493.0310974121094,0.009353469701108397,0.003058663899564218,-0.015670415093939516,-0.0030006387173634463,-0.004140984366193701,-0.007129197485539862,0.010596302988279429,0.008628118788089648,44.09735454298162,0.02997850348636688,1
2024-05-03,SPY,499.1424255371094,0.01239542121598003,0.005961508880236055,-0.013772300228716228,-0.0041832013447348215,0.008913341158587329,0.004692853513131867,0.011263612139650636,0.008771066508876947,56.9568963598615,0.018678276259837423,1
2024-05-06,SPY,504.29693603515625,0.010326732880901357,0.012763113187148845,-0.004144796008142659,-0.005039415229712407,0.01954839184473922,0.014410464151447977,0.011995153344874356,0.009107790271595546,62.18236679775501,0.008401613526140883,0
2024-05-07,SPY,504.8534240722656,0.0011034927982798148,0.030200442444038744,-0.004197793818178641,-0.005822641362883574,0.020893082837228905,0.01494878854601911,0.006714789655961248,0.00910739010684007,66.22970010715702,0.011911658058916252,1
2024-05-08,SPY,504.9021301269531,9.647563503611956e-05,0.03365633441401594,0.005971266585745427,-0.00609883152741697,0.020682285751128626,0.014457316447313628,0.005646885663792851,0.008807999453938044,67.62405589312262,0.02434318126004964,1
2024-05-09,SPY,507.8114318847656,0.005762110286761768,0.02997850348636688,0.004189300702583942,-0.00678282816996445,0.026343796486255178,0.019382282871379886,0.005442565167032692,0.008739860584873176,75.65125499442445,0.01637918108601788,1
2024-05-10,SPY,508.4655456542969,0.0012881036708911608,0.018678276259837423,0.019555775359687555,-0.006576649769137077,0.026653997817767117,0.0199020540400352,0.004292702695203308,0.008090475182955125,73.53989509780489,0.016530844738788186,1
2024-05-13,SPY,508.5338439941406,0.0001343224539547272,0.008401613526140883,0.03262961289798838,-0.005628879350457638,0.025128877514178027,0.01935855074398063,0.0023476684258275093,0.007445891150898483,69.56413705099575,0.017565373033510134,1
2024-05-14,SPY,510.8670654296875,0.00458813403100411,0.011911658058916252,0.03926287488455027,-0.004517130733828645,0.027832832553600362,0.023189977276434348,0.0026345836605388374,0.007427231129104336,71.73749385622465,0.015402065890677274,1
2024-05-15,SPY,517.1930541992188,0.012382847119358775,0.02434318126004964,0.05839568267730666,-0.0027825682284191577,0.03758186561083665,0.03469472327720413,0.004810593504858435,0.0075329709482165035,78.75729273451813,9.452787457076006e-05,0
2024-05-16,SPY,516.1289672851562,-0.0020574269229312048,0.01637918108601788,0.05839593431110579,-0.0010077839906266206,0.032497799362110724,0.031457264609556335,0.005633011738530168,0.00753296278194379,74.30397041618602,-0.005163868600493116,0
2024-05-17,SPY,516.8709106445312,0.0014375154397507917,0.016530844738788186,0.06925027594857247,0.0015711038505761277,0.030531496162225613,0.03215056816398598,0.005620270115721809,0.00703581846879098,73.65201143946615,-1.8893740775238754e-05,0
2024-05-20,SPY,517.4664306640625,0.001152163929652561,0.017565373033510134,0.06071395953153358,0.0037528170635334757,0.028681433536628775,0.03254188677334513,0.005494091765303755,0.0069139165131884145,91.88538899997016,-0.0004715640285580802,0
2024-05-21,SPY,518.7354736328125,0.0024524160284589147,0.015402065890677274,0.050845431123351936,0.005377683050101334,0.02863798940471507,0.034169678485027166,0.005471381862779844,0.006589506343572698,96.7159197082492,-0.009898973545239942,0
2024-05-22,SPY,517.241943359375,-0.002879175127503797,9.452787457076006e-05,0.04831733744339606,0.006954803785417019,0.023257696180967624,0.030374252679824076,0.00234140480938941,0.006668170397837279,91.27869405186703,-0.013627306509935933,0
2024-05-23,SPY,513.4637451171875,-0.007304508636033824,-0.005163868600493116,0.044628342596433335,0.008444533340875804,0.013584025252906251,0.022143269347933536,0.004054830032852136,0.006881877123148197,76.52788847999729,0.0026809817190662777,0
2024-05-24,SPY,516.8611450195312,0.006616630550163594,-1.8893740775238754e-05,0.04167145633016989,0.0097525095423463,0.0182125617121498,0.028142689436384316,0.005309586615552345,0.0067515184897359425,74.89358202890699,-0.0030975692388973686,0
2024-05-28,SPY,517.222412109375,0.0006989635288412455,-0.0004715640285580802,0.03872092584266573,0.011063198054678924,0.0169928354855009,0.028244028644666352,0.005288989344376474,0.006748721288694842,74.69784810080301,-0.0026803798648410426,0
2024-05-29,SPY,513.6005249023438,-0.007002572050697098,-0.009898973545239942,0.04804971654138401,0.012899651046068383,0.007538849821495441,0.02053574939954972,0.005819447318854213,0.0057379084769079835,65.19964975037783,0.01628957254162322,1
2024-05-30,SPY,510.1933288574219,-0.006633941905666352,-0.013627306509935933,0.04448869331695282,0.014501043706118155,-0.0012738973591024383,0.01320867350573418,0.006195541468752959,0.005958002532279134,54.09096245854003,0.023057581895936874,1
2024-05-31,SPY,514.84033203125,0.009108318182511566,0.0026809817190662777,0.04423500816402037,0.01603631397853089,0.005676074184471025,0.021803411470789458,0.007394611089106175,0.005942733900954558,59.628253336418474,0.012590656425071067,1
2024-06-03,SPY,515.2601318359375,0.000815398053666927,-0.0030975692388973686,0.032290796121937415,0.0171567024830237,0.004914168655881568,0.022155182068485546,0.006620865603167479,0.005438094451844267,60.05241318666884,0.014891811464125437,1
2024-06-04,SPY,515.8360595703125,0.00111774169742751,-0.0026803798648410426,0.02288160548005358,0.017701599119765765,0.00490664172930555,0.022695096253988023,0.006644057833558411,0.005035663243392116,57.83782899107158,0.01620028165554399,1
2024-06-05,SPY,521.9668579101562,0.011885168215945763,0.01628957254162322,0.03389782662034779,0.018577480724410567,0.015157914140813356,0.03401699072299702,0.007366338597920584,0.005578918185738618,57.57660005230987,0.012512533757098598,1
2024-06-06,SPY,521.9571533203125,-1.8592348722257235e-05,0.023057581895936874,0.03377886955848464,0.01962655271532432,0.013458229099795549,0.033348920458001974,0.005504035957248423,0.005580699419134475,59.57033755612572,0.014570007107320482,1
2024-06-07,SPY,521.322509765625,-0.0012158920529211636,0.012590656425071067,0.026606486251623762,0.02031854831154556,0.010899986519811389,0.031440006734055004,0.0053145945297878245,0.005529768768616885,57.33572442981803,0.016423051724388182,1
2024-06-10,SPY,522.9332885742188,0.0030897933206794903,0.014891811464125437,0.028453733086879485,0.02101665210353998,0.012603055044860811,0.03388458117172033,0.005229215968322804,0.005543737663337453,58.71707581030684,0.02135697644384349,1
2024-06-11,SPY,524.1927490234375,0.002408453385426501,0.01620028165554399,0.030792257416553115,0.021673282971326868,0.013505299330661025,0.035471286475993846,0.005146014034299037,0.0055393351477217335,58.704456200265184,0.021491728236334273,1
2024-06-12,SPY,528.4979858398438,0.008213079681904878,0.012512533757098598,0.03451175776094906,0.02247806091723259,0.020090622712321426,0.04302028187074658,0.0036450847145450805,0.0057015223390576505,66.47580878595448,0.010418169213195494,1
2024-06-13,SPY,529.5620727539062,0.0020134171606567275,0.014570007107320482,0.023915670278748635,0.022820363065185978,0.020925796204338543,0.04422369353633582,0.0033997439660093665,0.00512226696060357,75.59744020745423,0.00703614252314777,0
2024-06-14,SPY,529.8842163085938,0.0006083206695906007,0.016423051724388182,0.026650798337846116,0.023444300506010762,0.020194155479622777,0.044111893835162785,0.0029099937149390095,0.005067575833580517,72.95224100874975,0.0031521755782299987,0
2024-06-17,SPY,534.1015625,0.007958995685484194,0.02135697644384349,0.033336470481541314,0.02432418203810993,0.026611014263219657,0.05158248745648697,0.00357482932951612,0.0052803311167979846,76.18870397412077,-0.0009364943684634364,0
2024-06-18,SPY,535.4585571289062,0.002540705221970363,0.021491728236334273,0.03476964958239814,0.0251994624351235,0.0274427198712921,0.05333372409493009,0.0035583367135641796,0.005282510674970614,86.47732759129975,-0.0022243365489362787,0
2024-06-20,SPY,534.0039672851562,-0.002716531138375,0.010418169213195494,0.0294340650069973,0.025807197754004196,0.023152857709352492,0.04955756584083226,0.003871428000171225,0.005370688108204865,92.50607169668648,0.0020706080073644717,0
2024-06-21,SPY,533.2881469726562,-0.001340477517684402,0.00703614252314777,0.031022626488997895,0.026482797248016388,0.020213044051432538,0.04723113924682809,0.004165450580139976,0.005315921522293495,88.30950890152427,-0.0005328820621894881,0
2024-06-24,SPY,531.5545043945312,-0.0032508552608312424,0.0031521755782299987,0.0352327879998906,0.027559059916169693,0.015139843776611261,0.043116143554541964,0.004677277840787632,0.00503048365928094,82.08668562458985,0.004790452715005111,0
2024-06-25,SPY,533.6013793945312,0.003850733994496869,-0.0009364943684634364,0.0323882623724161,0.028429348629487317,0.017422538704154222,0.04634719876047266,0.0031960854886511967,0.0049264447574390614,83.06760370726343,0.007672382978601622,0
2024-06-26,SPY,534.2675170898438,0.001248380759563128,-0.0022243365489362787,0.032955078089045076,0.02927594882736395,0.017039976685588654,0.046814786998419455,0.0029645983527459155,0.004922648102861389,78.74326822144128,0.010907141753087046,1
2024-06-27,SPY,535.1096801757812,0.0015762947568378483,0.0020706080073644717,0.0418791536039167,0.030420888633754917,0.016561966677571816,0.047486685055181166,0.0027553392129943985,0.004484770917631068,79.58293864887497,0.015136353676762804,1
2024-06-28,SPY,533.0039672851562,-0.003935105210455703,-0.0005328820621894881,0.04470979359690719,0.03178048994732019,0.0103725157116763,0.04248264929029988,0.0033493392059202203,0.004243427841620446,74.64339701841537,0.020322838074706695,1
2024-07-01,SPY,534.1008911132812,0.002058003120900098,0.004790452715005111,0.037410742484064397,0.03254587392830466,0.010606967908853182,0.04349805487748082,0.002914918138589264,0.003919632108446223,74.08146397190825,0.019217414268946742,1
2024-07-02,SPY,537.6953735351562,0.006729968965943245,0.007672382978601622,0.04354158281037401,0.03367447501437537,0.015253386367686028,0.04944151116018469,0.0037837527795900106,0.00405849580886082,76.45275077423443,0.022422014345485186,1
2024-07-03,SPY,540.0948486328125,0.0044625176554533574,0.010907141753087046,0.04702809858369994,0.03490735718942206,0.017453779177580175,0.052970401671059264,0.0039901737301066284,0.004082948177204088,74.55256880425709,0.009102924946496227,0
2024-07-05,SPY,543.2092895507812,0.005766470326189266,0.015136353676762804,0.04069689735795712,0.035758819395970365,0.021277452715185996,0.057797128700004974,0.004262824380673803,0.00351769733641601,76.58540297343315,0.009645794281108122,0
2024-07-08,SPY,543.8361206054688,0.0011539402339857396,0.020322838074706695,0.04191717106658688,0.03647855571887049,0.020357365119479942,0.05757852811615072,0.002379739336430096,0.003491918987674507,76.86009456753682,0.011255401246951457,1
2024-07-09,SPY,544.3649291992188,0.000972367545504893,0.019217414268946742,0.04419993190770355,0.037418742545990646,0.01914650488897518,0.057281685572061924,0.002640375773316187,0.003417325011329864,73.02969461738837,0.01626415887653998,1
2024-07-10,SPY,549.7515869140625,0.009895306302644569,0.022422014345485186,0.05128435868552961,0.03830766743761127,0.02665393134163141,0.06598264871698278,0.003685869942708833,0.003827854388993578,77.16008860950349,-0.007803151503309014,0
2024-07-11,SPY,545.0112915039062,-0.008622613418480696,0.009102924946496227,0.03971543391100574,0.038562420715039014,0.015826807511168717,0.05499954823602926,0.006910040412772078,0.0045667729694553625,68.59454198268645,-0.006864465004342346,0
2024-07-12,SPY,548.448974609375,0.006307544740922433,0.009645794281108122,0.0377503591386954,0.03858744960444227,0.020337071637096304,0.059709276968437086,0.006990803630760218,0.0044477565225254775,73.4541567758761,-0.019643018508783028,0
2024-07-15,SPY,549.9572143554688,0.0027500092368082374,0.011255401246951457,0.038513221869347136,0.03850775503859838,0.02120561663718168,0.06052995236668712,0.006982297268880648,0.004452107571428682,78.66936710786551,-0.012252151628894259,0
2024-07-16,SPY,553.2185668945312,0.00593019321127497,0.01626415887653998,0.044036696825006105,0.038569068569396014,0.025040856616600493,0.06457572770187858,0.007104594106939123,0.004529171191626355,79.44709732509006,-0.019615325929704053,0
2024-07-17,SPY,545.4617919921875,-0.014021176017077752,-0.007803151503309014,0.021269792657061304,0.03759667340878292,0.009606018327110721,0.04756384606969677,0.009243033937438541,0.005591811446498601,63.85435504168989,-0.028207602547923538,0
2024-07-18,SPY,541.2700805664062,-0.007684702186878889,-0.006864465004342346,0.010853358042611116,0.0363825320723985,0.0013089595650852548,0.03773911490084192,0.009071056039960442,0.005908545626354945,57.04055581132548,-0.025784465767398013,0
2024-07-19,SPY,537.67578125,-0.0066404914024529305,-0.019643018508783028,0.006876005029533783,0.035277644512577755,-0.005677924574799986,0.029399416133058853,0.008141287779809265,0.006085450734284226,55.16359745756423,-0.008288191543463275,0
2024-07-22,SPY,543.2190551757812,0.010309696138617541,-0.012252151628894259,0.018622030621719743,0.03458371732346577,0.0036516209362036367,0.03836162488589956,0.010147509593766603,0.006460131387090206,59.17609713670783,-0.017830921244601616,0
2024-07-23,SPY,542.3670043945312,-0.0015685215257669194,-0.019615325929704053,0.020341281864060257,0.03394249167197372,0.0010774367130625961,0.03505649927169663,0.009105239024447369,0.0064134359413841255,54.97597179025765,-0.0212718884384121,0
2024-07-24,SPY,530.0756225585938,-0.02266248082266531,-0.028207602547923538,-0.006607473241426298,0.03249306663781759,-0.021291004825924276,0.010510251773298451,0.011894494050521134,0.008270360569306589,41.18550418024733,0.01770031845443265,1
2024-07-25,SPY,527.313720703125,-0.005210392136385078,-0.025784465767398013,-0.013015570223314565,0.030868216136761495,-0.02576504295978055,0.0043078522621256,0.011839988288401491,0.00833263600039544,35.92845819433772,0.008543657810143879,0
2024-07-26,SPY,533.2194213867188,0.011199596088110608,-0.008288191543463275,-0.0035324698077626726,0.02927788397062603,-0.014681951908181556,0.014166075578014414,0.013805194862716213,0.008734397509259771,41.40489268469124,-0.021196009691553663,0
2024-07-29,SPY,533.532958984375,0.0005880085853602335,-0.017830921244601616,0.000992472348589013,0.027859670468048492,-0.014150760103299409,0.013314674851398811,0.012315051062845951,0.008689415842813759,41.199939306848506,-0.05026080478605044,0
2024-07-30,SPY,530.829833984375,-0.0050664630075443196,-0.0212718884384121,-0.006124418032870227,0.026321059035618877,-0.018849016155709775,0.00697591681291132,0.012275003360013496,0.00875012592727459,33.9268382718917,-0.036623692267643615,0
2024-07-31,SPY,539.4581298828125,0.016254353742091165,0.01770031845443265,0.0032783550583050936,0.02518152007862562,-0.0030634500789561425,0.022040927669996435,0.009742666177408517,0.00938716667274766,45.57512267954498,-0.058368450600453814,0
2024-08-01,SPY,531.8189086914062,-0.014160915867679535,0.008543657810143879,-0.01532312326687768,0.023508085305663506,-0.01642883739308365,0.0066930374016704874,0.012253998789477243,0.009854721143704231,37.58039534224371,-0.022761814926822943,0
2024-08-02,SPY,521.9172973632812,-0.01861838901608237,-0.021196009691553663,-0.03919666433743774,0.020943260230529503,-0.03283708043529754,-0.012581535725535331,0.013685449899309384,0.010496799309141451,31.392129224587663,0.00016886730152498863,0
2024-08-05,SPY,506.7171630859375,-0.0291236453632302,-0.05026080478605044,-0.06825393921647871,0.017373755799338975,-0.057763804656458584,-0.04139362309326167,0.017108713260489173,0.012088982781609399,23.361712393665925,0.030712399606169782,1
2024-08-06,SPY,511.3888854980469,0.009219585900067662,-0.036623692267643615,-0.06057709072052253,0.01414016363028292,-0.046152343683906305,-0.032664781745234905,0.019229878340886776,0.012385112609826535,29.766194188544475,0.038092482206594225,1
2024-08-07,SPY,507.9707946777344,-0.006683936466439944,-0.058368450600453814,-0.07599940269542016,0.010204325855211138,-0.04882153626710739,-0.03911540127671764,0.014319070820867792,0.012022859297079814,30.042225611261728,0.048374524119194406,1
2024-08-08,SPY,519.7137451171875,0.023117373208243253,-0.022761814926822943,-0.046416554631212525,0.007456570579918775,-0.024522379132567385,-0.01724866140343817,0.020984130645533946,0.013381302454117559,40.19250405910159,0.042249961538416425,1
2024-08-09,SPY,522.0054321289062,0.004409517803309226,0.00016886730152498863,-0.0482151370586531,0.004603752731205946,-0.017783463092639673,-0.013261581028216729,0.019567466472510286,0.01332373856949709,37.99066796216877,0.0400009961956318,1
2024-08-12,SPY,522.2796630859375,0.000525341194080875,0.030712399606169782,-0.05032673551154043,0.00182728630547202,-0.014701813336102987,-0.012901391452805666,0.011143213684769622,0.013287866980115635,38.55338549003159,0.04939318899197498,1
2024-08-13,SPY,530.8689575195312,0.016445776162991033,0.038092482206594225,-0.04039923949128932,-0.0007486878716463918,0.0036179719422668732,0.00286657533890744,0.012075704205169563,0.013835514591632958,50.471989983557705,0.030735625288220936,1
2024-08-14,SPY,532.5436401367188,0.00315460641174492,0.048374524119194406,-0.023682963765964016,-0.0024611168029862185,0.00801487933034739,0.0055340369731673444,0.00975183996500246,0.013578698225697966,53.152290116494235,0.031025323789324988,1
2024-08-15,SPY,541.671630859375,0.017140361905951584,0.042249961538416425,0.0007418667821958991,-0.0031825091889007284,0.025253656112142142,0.021990776930611133,0.007851046857883553,0.014071742775411645,54.90400639697659,0.005695485663367528,0
2024-08-16,SPY,542.8861694335938,0.0022422045110463973,0.0400009961956318,0.009690576301354836,-0.003447792440067321,0.027046047707899312,0.023505006109011184,0.008175108061081975,0.013986677771001994,55.37061945959813,0.014107586281951301,1
2024-08-19,SPY,548.0767211914062,0.009561031483318105,0.04939318899197498,0.008942370429279478,-0.003954933655055171,0.0363894537211471,0.03229060219088109,0.007059467003696793,0.013960231578055355,59.62813975152528,0.0021087590004509327,0
2024-08-20,SPY,547.185546875,-0.0016260028604554444,0.030735625288220936,0.00888428396533425,-0.004554902314870213,0.034233102686041406,0.029522271932501454,0.0073674491008615135,0.013960694026067417,54.72175064967613,0.005119302788773483,0
2024-08-21,SPY,549.0659790039062,0.003436552993121733,0.031025323789324988,0.03582574945372685,-0.003774468213866622,0.03592814040271253,0.032018062564912686,0.00734035196518498,0.012854124987073463,61.33645078776169,-0.004138219901806295,0
2024-08-22,SPY,544.7567138671875,-0.007848355755962988,0.005695485663367528,0.03307896699673174,-0.0029951549111602027,0.02610935178593876,0.023035995321549763,0.006439006842490026,0.012943503804813593,66.20351245484723,0.00382922960296872,0
2024-08-23,SPY,550.5449829101562,0.010625420294278154,0.014107586281951301,0.03249236773555575,-0.002521738098119286,0.0353228272907653,0.0327120142733337,0.007751233961506482,0.01292196295932869,85.88627338486157,0.0027571667766614905,0
2024-08-26,SPY,549.2324829101562,-0.002384001381798395,0.0021087590004509327,0.029425593417258922,-0.0022670070319301683,0.03133218376854452,0.02899414645568532,0.006958130254632431,0.01295223040434973,82.79019662076081,-0.015531595104807727,0
2024-08-27,SPY,549.9867553710938,0.0013733209240300859,0.005119302788773483,0.03608862984005268,-0.0015682036545880962,0.030894352360880672,0.02927770007001418,0.00686406408563899,0.012859298729295249,88.16729327998111,-0.01889394309144743,0
2024-08-28,SPY,546.7938232421875,-0.005805470945844604,-0.004138219901806295,0.013598262688095053,-0.0018635151486077195,0.024205383300147654,0.022296761053082204,0.007288799040530868,0.012500087468202227,79.12348599620333,-0.015565145272679937,0
2024-08-29,SPY,546.8427124023438,8.941059331357692e-05,0.00382922960296872,0.028249848708661096,-0.0014238768336477525,0.022857733448839346,0.021401310018064112,0.006146962180466439,0.012001619165107433,78.06534285272892,-0.03221987101693835,0
2024-08-30,SPY,552.0629272460938,0.009546099317694123,0.0027571667766614905,0.05775939988022594,0.0004541230524819362,0.029718909133995997,0.03018652822821033,0.0057188114108326,0.011143034093078062,80.27061665411514,-0.030638035449202405,0
2024-09-03,SPY,540.7020263671875,-0.020578996194471677,-0.015531595104807727,0.06706870372078999,0.0030402660240311796,0.0053419339316982395,0.008398440855964528,0.01121314580876553,0.009951925270910716,59.460948226553015,-0.005959230429371187,0
2024-09-04,SPY,539.5953369140625,-0.0020467640200287907,-0.01889394309144743,0.05515655935413033,0.005099618624039071,0.0006602538978746075,0.00576323956498781,0.010975745979314236,0.009917900151566116,56.859811308431745,0.006298009327283971,0
2024-09-05,SPY,538.2828979492188,-0.0024322652088685226,-0.015565145272679937,0.059672925272632904,0.007444196602500286,-0.004571404243046584,0.0028387619275189735,0.010922058538385867,0.009749529875995158,46.11232870957126,0.017248677236678445,1
2024-09-06,SPY,529.2235107421875,-0.016830159831468183,-0.03221987101693835,0.018298083732335657,0.008172562395076577,-0.02218442435103729,-0.014193165548168407,0.012234995187524335,0.009488319034100861,36.716690699565035,0.04006597777966925,1
2024-09-09,SPY,535.1488037109375,0.011196201318494525,-0.030638035449202405,0.02517861074439076,0.009188321386736531,-0.012435716968946187,-0.00336165894639473,0.012784853046665408,0.009736666451984836,37.608072704892045,0.03006919119996887,1
2024-09-10,SPY,537.4798583984375,0.004355900025068804,-0.005959230429371187,0.02910355578980095,0.010355423786225115,-0.009523152231960097,0.0007336552771224358,0.010380985191078761,0.00975850017857866,40.94661498660934,0.026020801560741713,1
2024-09-11,SPY,542.9937133789062,0.010258719269776506,0.006298009327283971,0.02283945159654377,0.011072863776317998,-0.00047877853965472283,0.010588783787114586,0.011512645299101235,0.009348585204448813,44.69541052344218,0.012589911277685273,1
2024-09-12,SPY,547.5675659179688,0.00842339869940778,0.017248677236678445,0.028211633092440902,0.01204821212891627,0.006548759536101345,0.018675872509089864,0.011653301875059988,0.009480715408920893,52.44419582438602,0.021266594637349368,1
2024-09-13,SPY,550.4273681640625,0.005222738569804486,0.04006597777966925,0.016164289960683975,0.012392779613388694,0.010992106831826831,0.023521109202669255,0.003017882071807532,0.008791079109681472,49.89223908941751,0.014204272647696303,1
2024-09-16,SPY,551.2402954101562,0.0014769019367719682,0.03006919119996887,0.015388356614939314,0.01262857630203884,0.011709041669674347,0.024485486497862308,0.0034554812476208585,0.008786313938816601,51.85659266483355,0.015239293580782132,1
2024-09-17,SPY,551.4655151367188,0.00040856905497976825,0.026020801560741713,0.006183064914608849,0.012373467849921438,0.011807744601007641,0.024327315199129895,0.004265909458976708,0.008540949740624817,51.380896796374145,0.017728528974032765,1
2024-09-18,SPY,549.8299560546875,-0.0029658410855042394,0.012589911277685273,0.004832746761660234,0.012046480546090255,0.008562213468851443,0.020711838552925688,0.004410082885392598,0.008562434751923828,52.92013994881067,0.018504367139432043,1
2024-09-19,SPY,559.2124633789062,0.017064380034043758,0.021266594637349368,0.01847953572612049,0.012186214873936452,0.024819012728040546,0.03730767742403995,0.007740626734778978,0.009334608315000992,60.086277773022175,0.00538618883345654,0
2024-09-20,SPY,558.2457885742188,-0.0017286360158116354,0.014204272647696303,0.024761649308134848,0.012686578241073665,0.021784536280326172,0.03474748574536557,0.00813453275585145,0.00912879626656648,55.417274528007255,0.0056664449740819745,0
2024-09-23,SPY,559.6408081054688,0.002498934268385433,0.015239293580782132,0.016521493207026117,0.012762058070478588,0.023485931698688622,0.03654771859334516,0.008104153788853518,0.008867270951509023,70.10474399727352,0.007179723758623302,0
2024-09-24,SPY,561.2421875,0.0028614414305352387,0.017728528974032765,0.021866340690938957,0.012991234117939232,0.025288621913899245,0.03860838643964182,0.007977114535231639,0.00884390385003095,72.74069115512262,-0.004691045253970683,0
2024-09-25,SPY,560.0042114257812,-0.002205778720472118,0.018504367139432043,0.018213995076896694,0.013108728446967977,0.022091843346696338,0.03549016776898917,0.007827845899232286,0.008874653050755079,72.85467314687327,-0.0020698391703030117,0
2024-09-26,SPY,562.2244873046875,0.003964748538682228,0.00538618883345654,0.028220260373470696,0.01376900677268389,0.024701233059024608,0.03881035127699173,0.0028369632957797463,0.008751830346803319,90.56027989989856,-0.007827944372927442,0
2024-09-27,SPY,561.4090576171875,-0.0014503631661602068,0.0056664449740819745,0.02663717534216037,0.014448855953999695,0.021858609367468862,0.036623297219573914,0.002770076326177601,0.008770985924283145,86.91189490806515,0.0026424947864380766,0
2024-09-30,SPY,563.6588745117188,0.0040074467342587905,0.007179723758623302,0.02100475632998955,0.014880743101963079,0.02487207669671787,0.04012293478241702,0.0030262366923114125,0.008584096556828324,86.88193604862134,-0.010387670280423755,0
2024-10-01,SPY,558.609375,-0.008958431668609768,-0.004691045253970683,0.033118700799267486,0.01607131483812818,0.014039972377490662,0.03033692803201604,0.005354695045432152,0.007345135214915288,72.29156683192039,0.008001742958238856,0
2024-10-02,SPY,558.8450927734375,0.000421972462308684,-0.0020698391703030117,0.035674429600270674,0.0173937133123081,0.012698484713565383,0.030313071828482085,0.005326871217392384,0.0073002399502414125,68.3746064452484,0.014555404375522496,1
2024-10-03,SPY,557.8234252929688,-0.0018281765263400418,-0.007827944372927442,0.03630159423269186,0.018942279825454378,0.009060555221737099,0.028174462619575458,0.0047367023500750295,0.007283126455357594,62.818269712888195,0.014635020606980076,1
2024-10-04,SPY,562.892578125,0.00908737891272482,0.0026424947864380766,0.06361974987769292,0.021484092427288548,0.015138928826970321,0.03694826740042756,0.006725382620513904,0.0059814145188631105,67.59850075681177,0.011518762079243405,1
2024-10-07,SPY,557.8037719726562,-0.009040457007435831,-0.010387670280423755,0.042333960394978165,0.023276910909218795,0.003910784271600853,0.02727872615789484,0.00752982507787639,0.006246518288379131,58.34651466342599,0.029094686683757365,1
2024-10-08,SPY,563.0792236328125,0.009457540312966639,0.008001742958238856,0.04762851078858099,0.025221235865551916,0.011076164804596278,0.036576755235170566,0.007812799119426377,0.006444776141899497,65.92101248591814,0.011532287173906308,1
2024-10-09,SPY,566.9793090820312,0.006926352963365634,0.014555404375522496,0.0441728791920426,0.026995397202695948,0.01589156305454109,0.04331595931406618,0.008099761891922574,0.006270229358044625,60.74937827755852,0.008940523429474156,0
2024-10-10,SPY,565.9871826171875,-0.0017498459801823518,0.014635020606980076,0.03363898420159206,0.028042979437893578,0.012443198013460943,0.040835121797387686,0.008088348752478583,0.006148742056493607,60.70661009824065,0.01079602645664357,1
2024-10-11,SPY,569.3764038085938,0.005988158911539587,0.011518762079243405,0.034426041909462635,0.02889897659140961,0.01678261475438214,0.04616659173672155,0.007603320364230795,0.006174324490531469,62.76076250332003,0.008644003969271896,0
2024-10-14,SPY,574.0328979492188,0.008178235187614735,0.029094686683757365,0.041347852703880195,0.029846321619229954,0.023016129321474565,0.053549397738863025,0.004396870708805174,0.0063405021841251245,65.52205839872364,-0.0011807605671690924,0
2024-10-15,SPY,569.5728149414062,-0.007769734145458451,0.011532287173906308,0.03283487236767346,0.030677112187194266,0.013432391205486338,0.044521570364633556,0.006843957816253065,0.006704966865889042,60.76967465377005,0.00610595012945403,0
2024-10-16,SPY,572.0484008789062,0.00434639061513975,0.008940523429474156,0.040409665896793845,0.031778371891662216,0.01582922810918652,0.04811062709846059,0.006497843357683308,0.006639761078436584,60.993848553938875,-0.00740170036813248,0
2024-10-17,SPY,572.0975952148438,8.599680702170431e-05,0.01079602645664357,0.023041567704128463,0.03163497301771834,0.014755650182271207,0.04685741779536445,0.006295935197438429,0.005619881045821883,62.17015604563922,-0.0053404119191566846,0
2024-10-18,SPY,574.298095703125,0.0038463725537158933,0.008644003969271896,0.028754909499459913,0.0316254164605938,0.017210641245132052,0.049380351402657174,0.006038453596081686,0.005607589291060075,62.12762345528699,-0.009493692410700083,0
2024-10-21,SPY,573.3551025390625,-0.001641992496785094,-0.0011807605671690924,0.02450552968076125,0.03161744404560318,0.014308456148425908,0.04637829700568097,0.004911753098674545,0.0056425147578595646,68.54478184776934,-0.004797500492343398,0
2024-10-22,SPY,573.0505981445312,-0.000531092150715673,0.00610595012945403,0.021039777314550534,0.031455156910373594,0.012711988746466396,0.04456700325750296,0.0027025651075004166,0.00564176710155622,67.83452131548015,-0.002657404343295755,0
2024-10-23,SPY,567.8142700195312,-0.009137636610021205,-0.00740170036813248,0.013946428320361193,0.031008533258682913,0.002766177298017425,0.03386048565744537,0.004753644995661033,0.006050836757872112,61.34278507677809,0.0034950831816897843,0
2024-10-24,SPY,569.0423583984375,0.0021628346516617825,-0.0053404119191566846,0.012126599334786992,0.030703888738147223,0.004330366033685529,0.03516721384872645,0.005008139034417959,0.0060131233492073536,57.64908263845449,-0.018299745044346394,0
2024-10-25,SPY,568.8458862304688,-0.0003452680895702498,-0.009493692410700083,0.013246720038407878,0.030223769822507185,0.0033251396652855814,0.033649407743663984,0.00427924256202783,0.005998155716145817,65.63723049689527,-0.013816030114256805,0
2024-10-28,SPY,570.6044311523438,0.003091425928256619,-0.004797500492343398,0.012322269646941608,0.029337061712511936,0.00581076033344452,0.03531829268045539,0.004837391390786583,0.005974824727692966,61.83572653215603,-0.01897305777661118,0
2024-10-29,SPY,571.5277709960938,0.0016181785372491042,-0.002657404343295755,0.0231259921051159,0.028493291493329354,0.006292607148546292,0.034965195731612164,0.004977599234013654,0.005533286219497183,57.8929418742586,-0.00871462789426336,0
2024-10-30,SPY,569.798828125,-0.00302512486502704,0.0034950831816897843,0.019600664823236302,0.027673413763428245,0.002281930260497056,0.030018492824203324,0.002432642329673015,0.005610576626452187,56.44942084304103,0.019016807089947463,1
2024-10-31,SPY,558.6290283203125,-0.019603058576731835,-0.018299745044346394,0.0014441900264776653,0.026180032747023407,-0.017435478965069806,0.008288092371687927,0.009206143196054138,0.007248536808549156,35.605244355646974,0.04742871352748912,1
2024-11-01,SPY,560.9866943359375,0.004220450238173301,-0.013816030114256805,-0.0033858747887759444,0.024735739696471137,-0.013123202326790984,0.011287925252940534,0.00982205625223141,0.007008559715196251,31.379613739513744,0.04754479444808446,1
2024-11-04,SPY,559.7783203125,-0.0021540154795790523,-0.01897305777661118,0.003539861935427213,0.02375187621671282,-0.015419951435449608,0.007965672003500623,0.009310343719685097,0.006711457009620152,34.590321669941176,0.05080637564046864,1
2024-11-05,SPY,566.547119140625,0.012091927433606653,-0.00871462789426336,0.006158805656935273,0.022705431162693746,-0.0038182961544889205,0.01880043894771033,0.011702034049372208,0.006925193418412587,42.37490884542044,0.03502684892593533,1
2024-11-06,SPY,580.6345825195312,0.024865475267573434,0.019016807089947463,0.024084253549937484,0.022408269297129912,0.01972802152574049,0.04257836164191864,0.016551473705678405,0.008746720991404758,58.517938399477735,0.010405422323724212,1
2024-11-07,SPY,585.1240844726562,0.0077320609007542895,0.04742871352748912,0.0338115463445261,0.022517389557336953,0.02588867601356215,0.048989010973820246,0.0101183065741511,0.008833424898477146,60.32998072297577,-0.003794225587959499,0
2024-11-08,SPY,587.65869140625,0.004331742618111534,0.04754479444808446,0.03210931727301114,0.022750853877574473,0.028683887899653593,0.05208732471947375,0.010104310940510248,0.008798810726881757,63.245920245260066,-0.020795995097733777,0
2024-11-11,SPY,588.2186279296875,0.0009528260734092964,0.05080637564046864,0.024712398942897673,0.022637423878620222,0.02838720868704092,0.051667245841440446,0.009280118884167951,0.008662563334557385,63.98030146366381,-0.017719868503598635,0
2024-11-12,SPY,586.3914794921875,-0.003106240351365419,0.03502684892593533,0.02952855914043484,0.02297298101781564,0.023687754754519563,0.047204914112665586,0.0107880150670662,0.00846736658335811,68.27074186527017,-0.011057266255582343,0
2024-11-13,SPY,586.6763305664062,0.0004857694632012244,0.010405422323724212,0.025571139898346695,0.02307661044843856,0.022878989485771273,0.04648356946202692,0.004114769596840296,0.00844279330136212,67.67092320734153,-0.011202540962671592,0
2024-11-14,SPY,582.9039916992188,-0.006430017150249601,-0.003794225587959499,0.018889078672523985,0.023011281241929193,0.015345348142913107,0.03870974550671402,0.004125083743835008,0.008615934353795983,63.14546488082057,0.000539145423614551,0
2024-11-15,SPY,575.437744140625,-0.012808708921050571,-0.020795995097733777,0.0019844196699010386,0.02218140513992939,0.0022406065270306197,0.024471711468095236,0.005674183964889717,0.00911390749237564,54.0836375000129,0.016662544182354466,1
2024-11-18,SPY,577.7954711914062,0.00409727563891793,-0.017719868503598635,0.007744534988316731,0.021750502035470243,0.005958068854850396,0.027838161879075507,0.006499679679229391,0.009145197022320162,55.17022626348065,0.015948279641235574,1
2024-11-19,SPY,579.9075927734375,0.0036554831031749835,-0.011057266255582343,0.011965775188278904,0.021431441059512668,0.009033028696607381,0.030658060578220292,0.00727312639977982,0.009170030692514645,58.286336964961855,0.017533563633921778,1
2024-11-20,SPY,580.1040649414062,0.00033879909560963206,-0.011202540962671592,0.02164404026241229,0.021612165976442554,0.008296811569947549,0.030088289615114894,0.007259843008928205,0.008878707055008565,71.46505348464642,0.01410679762321232,1
2024-11-21,SPY,583.21826171875,0.0053683415882601615,0.000539145423614551,0.024911859567379846,0.02176932499051909,0.01246236111883503,0.034502983298699164,0.007467635419323889,0.008927537597388477,71.89017471657836,0.014957854409338056,1
2024-11-22,SPY,585.0260009765625,0.0030995930279773543,0.016662544182354466,0.02844375803315269,0.022050620179764113,0.014176245222889738,0.036539460401639134,0.001860659794734524,0.008927987932233037,74.5699670704066,0.013635378201881876,1
2024-11-25,SPY,587.0103149414062,0.0033918389294345097,0.015948279641235574,0.028751763732241864,0.022448850242923202,0.01617114469392056,0.0389830185423341,0.0018123371999765271,0.008931162742218831,71.95873236687639,0.010677325484371059,1
2024-11-26,SPY,590.075439453125,0.005221585436747667,0.017533563633921778,0.03245278602071289,0.022600880984542604,0.019839928694933118,0.04288920954665176,0.002038289569608193,0.008970861777886474,63.26994579773754,0.011670498632780468,1
2024-11-27,SPY,588.2874755859375,-0.003030059798531104,0.01410679762321232,0.03244767547482841,0.022767757064509953,0.01512786656328391,0.03824005121861118,0.0034237974084143433,0.008970996806968185,54.81185765613541,0.013075475836390238,1
2024-11-29,SPY,591.9419555664062,0.006212064903861725,0.014957854409338056,0.05963336231606009,0.024091014004218536,0.018506535742240482,0.04304339095819487,0.003597765849661846,0.007488994953375607,56.30064840735281,0.008729708073835551,0
2024-12-02,SPY,593.0030517578125,0.0017925679729711153,0.013635378201881876,0.05707150944065442,0.02499188893706905,0.01752959692325695,0.04295958359974361,0.003634112807013953,0.007486599010651485,56.9355917567075,0.0017393386128643495,0
2024-12-03,SPY,593.2780151367188,0.000463679534348449,0.010677325484371059,0.05984457348315542,0.026189249407037485,0.015083957799503223,0.04166824473939701,0.0037328888419741247,0.007417898998817475,60.45326608397893,-0.0018382211105929525,0
2024-12-04,SPY,596.9619140625,0.006209397334455913,0.011670498632780468,0.05368449312390844,0.02707159117662794,0.018736318537148078,0.046315131669368625,0.003956715076924496,0.007147457158502678,64.15238850266975,-0.0003289156192897158,0
2024-12-05,SPY,595.9796142578125,-0.0016454982831360931,0.013075475836390238,0.026428036152609025,0.02682701885363592,0.015730052080593637,0.042979061337964364,0.0035112185119403716,0.004920441503143241,69.48755687596537,-0.0038405330312877295,0
2024-12-06,SPY,597.1094360351562,0.001895738965418614,0.008729708073835551,0.02048343570287625,0.026392623185265363,0.01661730556392227,0.04344850303329073,0.002876328937924137,0.004687489341937122,89.81978041696105,-0.005923004922497976,0
2024-12-09,SPY,594.0344848632812,-0.005149727983354002,0.0017393386128643495,0.010849483807980675,0.025647077775961424,0.010833363093526893,0.036758284975323186,0.004211997124409014,0.004813209632025298,79.07149538020437,0.003489384866071088,0
2024-12-10,SPY,592.1874389648438,-0.003109324366686539,-0.0018382211105929525,0.006747169924089302,0.024772833898132784,0.007350197757283405,0.032305116883575735,0.004483250049160537,0.004880584843009263,72.19433737890317,0.002471965953987354,0
2024-12-11,SPY,596.7655639648438,0.007730871509201043,-0.0003289156192897158,0.01769139701968414,0.024328900284036115,0.014242975042824346,0.03891839124642549,0.005055690143048002,0.005074668722689371,75.9962060178043,-0.03486650397186086,0
2024-12-12,SPY,593.6907348632812,-0.005152490839340107,-0.0038405330312877295,0.01195617401183191,0.023636761838237152,0.008416008400379926,0.03225169742480549,0.005550468799007542,0.005251796485554111,66.35983806162125,-0.030165737143376448,0
2024-12-13,SPY,593.57275390625,-0.00019872460542680326,-0.005923004922497976,0.018302777745492493,0.023545102633067083,0.0073029206949277725,0.03101997134527812,0.0053765268480970504,0.004990659601480754,64.09569327900272,-0.01832197851825834,0
2024-12-16,SPY,596.1072998046875,0.004269983555946322,0.003489384866071088,0.03591970786506371,0.02421760772400483,0.009833013042476857,0.034288752819089385,0.005285544408485263,0.003848563495210419,64.73571709637808,-0.01664239693109859,0
2024-12-17,SPY,593.6513061523438,-0.004120052972255928,0.002471965953987354,0.02744195091775814,0.024585467243332326,0.004323615351602195,0.029015380698534043,0.005483654391695313,0.00402209762147445,55.908961627604405,-0.001599052803082146,0
2024-12-18,SPY,575.9584350585938,-0.029803473706515593,-0.03486650397186086,-0.006809977596528238,0.023807934308053946,-0.025283108995216907,-0.002077113285224308,0.013275688964046444,0.008004713473617402,36.64615982642566,0.029139608179004517,1
2024-12-19,SPY,575.7816162109375,-0.000306999319557244,-0.030165737143376448,-0.007451160906630339,0.022967403219739557,-0.025225820405824773,-0.0028377887748946007,0.013616828772845856,0.008003257798574356,31.070343387835933,0.018618967126674546,1
2024-12-20,SPY,582.6973266601562,0.01201099558323726,-0.01832197851825834,-0.000893207728198564,0.022318177563500186,-0.013474310141444845,0.008543145375772943,0.015838052737238872,0.00838164213185241,39.38426485362962,-0.004956471269823015,0
2022-04-27,QQQ,308.8660888671875,-0.0011982552960771997,-0.0716565281307795,-0.14663653298273305,-0.0040200364961821,-0.08088268581300218,-0.08457757096030682,0.020247702066181192,0.017162857446229272,25.986820431049807,0.040535429373839804,1
2022-04-28,QQQ,319.8357849121094,0.03551602600711168,-0.01837474212194601,-0.10645877351578192,-0.007896134171220814,-0.04281226710634578,-0.0503703498723207,0.029504111333540448,0.019668328305296075,34.9033546088656,-0.04576084509920875,0
2022-04-29,QQQ,305.44354248046875,-0.04499884975533808,-0.037338805432536426,-0.13595754709651353,-0.012420518750310805,-0.07926283118739963,-0.09069886445674458,0.03400077806518847,0.02153839539446677,31.344832745677152,-0.012769196307160113,0
2022-05-02,QQQ,310.54327392578125,0.016696150797290477,-0.033678994619459224,-0.11985627612200167,-0.017068271587837303,-0.05788513526640915,-0.07396540764462067,0.03460419720503071,0.02216513081420024,37.97619655341032,-0.06697463669488302,0
2022-05-03,QQQ,310.8747253417969,0.0010673276282096023,0.005297212117240768,-0.1366912346228516,-0.022571851611809635,-0.049784897289855135,-0.07123301158752893,0.029822763796757457,0.021341181574666773,38.79896805434198,-0.056646172383066906,0
2022-05-04,QQQ,321.3861083984375,0.03381227935170261,0.040535429373839804,-0.08723345631332691,-0.02597343842867328,-0.013022940179711284,-0.03865812807346647,0.03299656208712186,0.022875871586926968,41.2733333181145,-0.11456313537514318,0
2022-05-05,QQQ,305.1998291015625,-0.05036396681093669,-0.04576084509920875,-0.11396694471146396,-0.02969025429511274,-0.05704703063251093,-0.08504354408136328,0.03742036612403221,0.02483657538676681,37.84999618687598,-0.06980849909027165,0
2022-05-06,QQQ,301.54327392578125,-0.011980855908554355,-0.012769196307160113,-0.12665919568081674,-0.03356038803802308,-0.0620075014186694,-0.0934868936478136,0.03193762038708351,0.024797162850673352,36.388057861321414,-0.023637861465018117,0
2022-05-09,QQQ,289.7447509765625,-0.03912713023114123,-0.06697463669488302,-0.148933095777382,-0.038323499770979264,-0.09154427453325509,-0.12635947732012476,0.03342343375614653,0.025815474528454733,28.20625855737012,0.004341421366546694,0
2022-05-10,QQQ,293.2648620605469,0.012149007262841183,-0.056646172383066906,-0.11772120450477386,-0.04206955454318406,-0.0748321551896971,-0.11375355429854417,0.0349484769996283,0.02589293945089489,31.817023058248324,0.017987756749610284,1
2022-05-11,QQQ,284.5671081542969,-0.02965835676711337,-0.11456313537514318,-0.14025638439292554,-0.04649827219945912,-0.09564885704218717,-0.1376996226513315,0.024530128506513264,0.026424315360450104,31.293696859098205,-0.0023981481431832874,0
2022-05-12,QQQ,283.894287109375,-0.002364366877415258,-0.06980849909027165,-0.15937636251831566,-0.05163908626476521,-0.09000418738145888,-0.1369955396498428,0.020613099865063794,0.025656490719321197,33.69514786509461,-0.0053923356016480906,0
2022-05-13,QQQ,294.4154357910156,0.03706009299717672,-0.023637861465018117,-0.10782136942144738,-0.05454077686624492,-0.05086721510438863,-0.10263365454181783,0.030987538679154925,0.027314914961228842,37.62098531986381,-0.043915954601263296,0
2022-05-16,QQQ,291.0026550292969,-0.011591718187429656,0.004341421366546694,-0.11884009570843246,-0.05834912372728018,-0.055896726577471356,-0.11098432528973279,0.02517123912941022,0.027309464917875115,40.895849694385454,-0.01661965848939362,0
2022-05-17,QQQ,298.5400390625,0.02590142702458942,0.017987756749610284,-0.11578000108645636,-0.06269534713611413,-0.02526214084978795,-0.08637366929592327,0.027336097085018354,0.027513885668676852,45.18858652251367,-0.06182839665690776,0
2022-05-18,QQQ,283.8846740722656,-0.049090115470797,-0.0023981481431832874,-0.14674192655694074,-0.06800948815044061,-0.06566526952030782,-0.12920889630141152,0.0338900080367194,0.029129946349951214,33.80486198101971,0.00041183217156381957,0
2022-05-19,QQQ,282.3634338378906,-0.005358655726472095,-0.0053923356016480906,-0.1333831558822609,-0.07285234074756974,-0.06397784285020891,-0.13216924799016083,0.03396822398606441,0.02896574409065205,38.239138811904034,0.033669225078451825,1
2022-05-20,QQQ,281.48590087890625,-0.003107813738687515,-0.043915954601263296,-0.11284569517028253,-0.07598282106705001,-0.06131612867298297,-0.13263997730654953,0.02683005091474573,0.028607391333395803,34.52754469883253,0.07073580861538664,1
2022-05-23,QQQ,286.1662902832031,0.016627438140535356,-0.01661965848939362,-0.10953312935518977,-0.07901416736195699,-0.04007422421061624,-0.1159219601138951,0.028941329803115225,0.02874772705210231,37.425639056827414,0.05042935996076392,1
2022-05-24,QQQ,280.081787109375,-0.021262124088083922,-0.06182839665690776,-0.09428005304613629,-0.08078873897814143,-0.05586757242707041,-0.1321428406790588,0.024511282705107034,0.027997774717837237,27.98802487142089,0.06531110123211437,1
2022-05-25,QQQ,284.0015869140625,0.013995197064194498,0.00041183217156381957,-0.08050253119181605,-0.0823393450376273,-0.03862531586647755,-0.11778427769378763,0.01551313150249133,0.028298404684430335,37.00385866913334,0.07937921575420326,1
2022-05-26,QQQ,291.8703918457031,0.027706904799872367,0.033669225078451825,-0.08743672342383801,-0.08448935677064351,-0.007289816716591568,-0.09116326156187438,0.01917743025361001,0.02777638032821732,44.361029599875614,0.02295156769509532,1
2022-05-27,QQQ,301.39703369140625,0.032639973467193606,0.07073580861538664,-0.013247976225659652,-0.08360122280405602,0.025818133772655738,-0.05994151658531288,0.021128367041195188,0.02719268320857651,56.97772592603963,-0.006082413662451214,0
2022-05-31,QQQ,300.59747314453125,-0.002652848095690441,0.05042935996076392,-0.032027100943190945,-0.08382395646889362,0.024831371034383487,-0.061074049199159264,0.022245465604142662,0.026898311006594258,54.538870412062,0.005157371925094578,0
2022-06-01,QQQ,298.3742370605469,-0.0073960571282494225,0.06531110123211437,-0.04021069344735606,-0.08491880854729594,0.019423955164362905,-0.06714431251276698,0.01777584668846533,0.026925999726459402,59.29132189483558,0.0053597544554755405,0
2022-06-02,QQQ,306.54541015625,0.027385652247331915,0.07937921575420326,-0.04617716153365525,-0.08684109321203493,0.050003548573548384,-0.04117990746109457,0.01895919649503617,0.026515068430937688,63.84550411728363,-0.04764925016525834,0
2022-06-03,QQQ,298.56927490234375,-0.026019424821401516,0.02295156769509532,-0.021725288047301894,-0.08656050155175188,0.023845713667890234,-0.06477888481881366,0.024694640845203942,0.02467402603407965,52.62056832214548,-0.056694943475342874,0
2022-06-06,QQQ,299.5638122558594,0.0033310103788841694,-0.006082413662451214,-0.006564436487510816,-0.08577029891029797,0.027604919192462773,-0.06053306188836727,0.019326738229864006,0.02454629872860481,55.57103661491192,-0.10354145487615407,0
2022-06-07,QQQ,302.14776611328125,0.008625720970645512,0.005157371925094578,0.04280669484059785,-0.0831651991922665,0.03426852588463625,-0.0517466220888515,0.019749424914875472,0.02280503342771785,52.50944826865943,-0.10959391272079833,0
2022-06-08,QQQ,299.97344970703125,-0.0071962021570426415,0.0053597544554755405,0.02287552487314115,-0.08163768310126918,0.02564807819497461,-0.05808345458613229,0.019727905398247363,0.022777604516290652,63.54232437133923,-0.08074394197891455,0
2022-06-09,QQQ,291.9387512207031,-0.02678469875975764,-0.04764925016525834,0.025904761496220452,-0.07914840691860059,-0.003079945295462072,-0.08198457945053039,0.016356017097872367,0.022579719388526945,57.2633514698747,-0.09355370114242267,0
2022-06-10,QQQ,281.64190673828125,-0.03527056425146369,-0.056694943475342874,-0.007933870012065358,-0.07709439558125086,-0.03787186832891076,-0.1120465551118115,0.018988019271953843,0.024030145296743213,50.10354197825132,-0.04898946151640693,0
2022-06-13,QQQ,268.5465393066406,-0.04649651603093863,-0.10354145487615407,-0.08786528605360722,-0.07793118365382223,-0.07853590389336318,-0.15034669159745273,0.02210492848742359,0.024484551207510336,39.480692021953814,0.022549547810143844,1
2022-06-14,QQQ,269.0342102050781,0.0018159641889134992,-0.10959391272079833,-0.07549224876318417,-0.07784343713028874,-0.07337007350702818,-0.14550213193302786,0.019889324678686343,0.024457952383289832,42.932060451972326,0.019207068106686265,1
2022-06-15,QQQ,275.7524108886719,0.024971547962144403,-0.08074394197891455,-0.07633022439933923,-0.07826130345947402,-0.04648877628261694,-0.12111180751397754,0.029211109439715513,0.024399673054157082,44.90484266987156,0.009185406361655879,0
2022-06-16,QQQ,264.6268005371094,-0.04034637563351784,-0.09355370114242267,-0.06783696090002367,-0.0772403742222425,-0.08190265229433191,-0.15281683500356602,0.03099692547262407,0.02360865410409778,33.82362214540797,0.08764600334598383,1
2022-06-17,QQQ,267.84442138671875,0.012159089113720212,-0.04898946151640693,-0.051419591601607584,-0.07585549069396069,-0.06839306452869098,-0.13906056575276415,0.03203772965037737,0.023849625240306555,28.464008349160395,0.06670175188333327,1
2022-06-21,QQQ,274.6021423339844,0.025230023131632473,0.022549547810143844,-0.024455074031872193,-0.07318408737965942,-0.043743825375609946,-0.1137265608166601,0.02704407201402854,0.024632024958056588,34.500218172237055,0.008751675203038767,0
2022-06-22,QQQ,274.2015686035156,-0.0014587421899336928,0.019207068106686265,-0.04181038118726932,-0.07130860786521365,-0.043145382124148646,-0.11137735285427663,0.027172723519740042,0.024282383300389364,35.26675307205376,0.011151651351018366,1
2022-06-23,QQQ,278.2853088378906,0.014893205225532169,0.009185406361655879,-0.006414120282597469,-0.0676955393490789,-0.028590261742152512,-0.09435036790246498,0.025564666486359147,0.024106423957475878,31.872230750769234,-0.01604379410436818,0
2022-06-24,QQQ,287.8202819824219,0.034263300439211,0.08764600334598383,0.013446034262882156,-0.0633084507959486,0.004024264413416079,-0.0595389563281391,0.013549460127515997,0.025131862549676236,43.2401227215692,-0.0423608846929292,0
2022-06-27,QQQ,285.7101135253906,-0.0073315488488060465,0.06670175188333327,-0.021106211840662192,-0.060619698335062644,-0.0022647547555815217,-0.06274716434055794,0.017518858708603337,0.024379966037830977,41.4081816819113,-0.018772612997293714,0
2022-06-28,QQQ,277.00537109375,-0.030467043410652872,0.008751675203038767,-0.08092867504008128,-0.060691759716326454,-0.02852534947311902,-0.08748585553339872,0.024291474184438767,0.02390588639674259,35.5074110689319,0.018551242977788096,1
2022-06-29,QQQ,277.2593688964844,0.0009169417969459026,0.011151651351018366,-0.0776390566557611,-0.060638164913399684,-0.023638896345442806,-0.08284364196387672,0.024230559371372012,0.023929295883222623,36.610726242109486,0.039394247919839254,1
2022-06-30,QQQ,273.820556640625,-0.01240287125209194,-0.01604379410436818,-0.08229155660962573,-0.06022914633684506,-0.031561772093639306,-0.08988997984040648,0.023798690507729415,0.023995449556404952,38.708034358789234,0.05376775748973084,1
2022-07-01,QQQ,275.6279602050781,0.006600686181590154,-0.0423608846929292,-0.1008576508629272,-0.06139101549901793,-0.019810342401170744,-0.0799851808627976,0.014281556595570538,0.022993348826904438,45.80831381757928,0.024492079465646688,1
2022-07-05,QQQ,280.3465881347656,0.01711955465685211,-0.018772612997293714,-0.06103336243670221,-0.061083608967479885,0.00021093238614788845,-0.060885561092726026,0.018392080075551993,0.022945894013739865,59.31192731252072,-0.0025091447713396775,0
2022-07-06,QQQ,282.1441650390625,0.006411980670985695,0.018551242977788096,-0.05815003850304401,-0.060690504946445345,0.009762061742057737,-0.051520907660831505,0.010757519020691038,0.023000144992040106,60.13607670052225,-0.010907055476836902,0
2022-07-07,QQQ,288.1817932128906,0.021399089266978866,0.039394247919839254,-0.04622232717469277,-0.06028608534460522,0.03395403774483574,-0.028379003617048704,0.013070070645107311,0.02350410548467469,59.71209434575959,-0.02817145269778354,0
2022-07-08,QQQ,288.54327392578125,0.0012543495855881215,0.05376775748973084,-0.038103958175009334,-0.05989642193638545,0.03737811077158515,-0.024757126258760143,0.00836646478822591,0.023483592981477393,72.46730222656198,-0.011782777890945617,0
2022-07-11,QQQ,282.378662109375,-0.02136460064562762,0.024492079465646688,-0.0327469000650098,-0.058935026094612986,0.016962626328053787,-0.04297209259183621,0.01678483716318851,0.023208245404503527,62.93725137804879,0.0012456522133832415,0
2022-07-12,QQQ,279.6431579589844,-0.009687361396064187,-0.0025091447713396775,-0.0070967733546635214,-0.05617756102584426,0.007473547839267569,-0.0491238588763967,0.01620269863166259,0.02191230484384908,54.83320322603675,0.04213231257094163,1
2022-07-13,QQQ,279.0668029785156,-0.0020610373043823405,-0.010907055476836902,0.03917482496343916,-0.05165176581184738,0.003495409607569444,-0.04833690028274462,0.015749229659976167,0.01902577753036264,54.64899807885894,0.060843826661844735,1
2022-07-14,QQQ,280.06329345703125,0.003570795479361788,-0.02817145269778354,0.040995095915667745,-0.04705304352936923,0.005085629586957019,-0.042206708292741424,0.010109679020713719,0.019028465252449275,51.80548677579561,0.07224330001784884,1
2022-07-15,QQQ,285.1434326171875,0.018139253800268706,-0.011782777890945617,0.03405599138100368,-0.04258289744116406,0.021595626097124843,-0.0219068756753108,0.014750564913568532,0.01865549857723877,47.01134676282329,0.03467321947262181,1
2022-07-18,QQQ,282.73040771484375,-0.008462495103589873,0.0012456522133832415,0.06841184317306381,-0.036725769424493016,0.009675970106757692,-0.02740515676483435,0.011303100065073821,0.016039463808535617,46.69555994317009,0.03756043223009087,1
2022-07-19,QQQ,291.4251708984375,0.030752840679107774,0.04213231257094163,0.08803897945543704,-0.03075840156773546,0.036362734510505534,0.004485873352594982,0.015902830521755548,0.017076992725019797,65.99483840916847,-0.013174517405245556,0
2022-07-20,QQQ,296.0462951660156,0.015856983984367634,0.060843826661844735,0.0780917171649369,-0.025873859546882705,0.04879728700856867,0.021660853311357364,0.014949890658227959,0.016596114066508655,68.99836189625013,0.012473655645461879,1
2022-07-21,QQQ,300.2959899902344,0.014354831975977422,0.07224330001784884,0.0951651061648382,-0.020183789792864948,0.05895787099566019,0.037584087927983845,0.01419372036891752,0.016703864459102415,76.34139513474221,0.007905611518745914,0
2022-07-22,QQQ,295.0302734375,-0.01753508780755153,0.03467321947262181,0.06017193171114843,-0.016486315272728036,0.037326291834739234,0.02022460354686184,0.01960737253398715,0.01722680313972883,68.06118431257134,0.044604052815024886,1
2022-07-25,QQQ,293.3498840332031,-0.005695650770743188,0.03756043223009087,0.01921199580757471,-0.014649078559759166,0.03041637176714862,0.015321721387869802,0.019094451940584692,0.015664551798942626,62.83021640443673,0.04995490762070043,1
2022-07-26,QQQ,287.5857849121094,-0.01964922924749246,-0.013174517405245556,0.006564945719193416,-0.012487355776137465,0.009836821036197874,-0.002773370623924687,0.016966295116665715,0.016243642030148938,54.9794272699398,0.06780596100581815,1
2022-07-27,QQQ,299.73907470703125,0.042259702782723174,0.012473655645461879,0.08206954083062601,-0.008218840615770495,0.04832794102931848,0.03971190076893971,0.025885459078008613,0.017076627974046694,59.511119482639536,0.052410289303949975,1
2022-07-28,QQQ,302.6700134277344,0.009778300422018216,0.007905611518745914,0.09164936294988513,-0.0033580750562282047,0.05389566698647652,0.05035660623530225,0.025449634909798964,0.017104930668935443,61.15395569597378,0.04709327819795561,1
2022-07-29,QQQ,308.1898193359375,0.018237042532530445,0.044604052815024886,0.12551746704839384,0.0027612318442882255,0.06673261923286633,0.06967811531043311,0.02360548690546034,0.016878969180102125,70.58918898391484,0.01993917275421042,1
2022-08-01,QQQ,308.004150390625,-0.0006024499631835933,0.04995490762070043,0.11746337404034657,0.009161066272380891,0.060149777243053704,0.06986187961102708,0.022913288038867823,0.016943639762166233,73.58247533862603,0.017255179001018472,1
2022-08-02,QQQ,307.0858154296875,-0.0029815668385404503,0.06780596100581815,0.09537917858329004,0.013694363589051628,0.05214707960088849,0.06655556425810194,0.018260622781240774,0.01682661842266995,73.16636345973824,0.008748544609001208,0
2022-08-03,QQQ,315.448486328125,0.027232358117017297,0.052410289303949975,0.11804008523249654,0.018657978034172684,0.07466809747590308,0.0947192312326346,0.012700705102415452,0.017565994588687402,76.08001907358174,0.009415170303317844,0
2022-08-04,QQQ,316.9237365722656,0.004676675616081649,0.04709327819795561,0.09973545878431755,0.022038561434141624,0.074433657828471,0.09811263000343318,0.012958683905316442,0.017175034214938118,74.73761725922812,-0.0009864268094706974,0
2022-08-05,QQQ,314.3348693847656,-0.008168738686159194,0.01993917275421042,0.08938553690084783,0.02525934456444645,0.061018194371569745,0.08781881853234785,0.013767702162901036,0.017408081980079936,74.53358204535473,0.026853169257654574,1
2022-08-08,QQQ,313.3188171386719,-0.0032323879564568614,0.017255179001018472,0.10956973447700769,0.028906786503096527,0.05209471180743419,0.0825073890226884,0.014036599190532644,0.016439050532610758,69.29570933909847,0.03850818232032838,1
2022-08-09,QQQ,309.7723693847656,-0.011318974667061332,0.008748544609001208,0.1077416363256789,0.032572892265634756,0.034950727430008044,0.06866206597482605,0.015426285511688068,0.016521388361774254,62.33090028600003,0.04793795374686938,1
2022-08-10,QQQ,318.4184875488281,0.02791119873355541,0.009415170303317844,0.14101170096302007,0.0379282710722324,0.05688975947256081,0.09697576076330261,0.015706109732726837,0.017169247336747,65.08858960951054,0.007854273990728577,0
2022-08-11,QQQ,316.6111145019531,-0.005676093309744945,-0.0009864268094706974,0.13049843338548484,0.04269061511929184,0.04455505981642638,0.08914775784595852,0.015941312814041344,0.017382715770345558,69.06592828852827,0.016045648684450464,1
2022-08-12,QQQ,322.7757568359375,0.019470707286071365,0.026853169257654574,0.13197682258834398,0.04770759544949721,0.058323447869629064,0.10881351477531043,0.017186158527583265,0.01743294634411072,74.0881508702419,-0.022791384395685732,0
2022-08-15,QQQ,325.3841552734375,0.00808114730508036,0.03850818232032838,0.1508636722287524,0.052533063749389486,0.05946738119469508,0.11512444867139471,0.016491122173457086,0.017081542742218063,82.62763500836913,-0.056146074332960594,0
2022-08-16,QQQ,324.6222229003906,-0.002341639445862298,0.04793795374686938,0.11391278213755385,0.055673412362081454,0.05130464670458834,0.10983436381874512,0.014238486756891744,0.016261878673727366,76.73738520452498,-0.05471297437554412,0
2022-08-17,QQQ,320.91943359375,-0.011406456629978856,0.007854273990728577,0.08401773247588218,0.057549022630516644,0.03514379657412281,0.09471531034900615,0.012237342022008582,0.016491964907106943,69.28936711849602,-0.041036096999131244,0
2022-08-18,QQQ,321.69134521484375,0.002405312799071302,0.016045648684450464,0.07124755553780515,0.05905920671497622,0.03406549844755524,0.09513658647719425,0.011546023592764765,0.01631910319187153,65.86307538956895,-0.026421515158357,0
2022-08-19,QQQ,315.41925048828125,-0.01949724423693666,-0.022791384395685732,0.0691080844457832,0.06040362244591635,0.010592377403662034,0.071635817815074,0.01099124886828647,0.016457982609759274,57.621978380480954,-0.04776067474368828,0
2022-08-22,QQQ,307.1151123046875,-0.026327303012541603,-0.056146074332960594,0.0469242669614498,0.061352887395446754,-0.018178872692573456,0.042058688373589614,0.011842980396176341,0.017665301563479865,50.026144531326594,-0.03165166003083608,0
2022-08-23,QQQ,306.8611755371094,-0.0008268455618237747,-0.05471297437554412,0.06702483793102232,0.06372124915043065,-0.02200398084511357,0.040315147159584175,0.012149124514780082,0.016911727540230497,41.039942276376685,-0.04164311755468075,0
2022-08-24,QQQ,307.7501525878906,0.0028970007340460846,-0.041036096999131244,0.02672683863019687,0.06469700486653873,-0.020421259509877943,0.042954551030769395,0.013658165706050837,0.014226626757034577,40.30966519022843,-0.04996669594303338,0
2022-08-25,QQQ,313.1917724609375,0.017681940454904455,-0.026421515158357,0.03476313663862607,0.06572178602306433,-0.004766979033801855,0.06064151261322648,0.017741492151986053,0.01457661882769138,48.86114943730925,-0.06606761516595883,0
2022-08-26,QQQ,300.3546142578125,-0.0409881718866868,-0.04776067474368828,-0.02542330922873337,0.06427610566570996,-0.04437009657177893,0.017054072078285465,0.023677148339999517,0.016895365358419918,39.54626862145726,-0.03991030296626097,0
2022-08-29,QQQ,297.3944091796875,-0.009855700354195585,-0.03165166003083608,-0.03444674754376442,0.06302878195785078,-0.052188748700160326,0.007550639995214992,0.021826318142160954,0.01700589935830113,39.92372256916617,-0.03731793264662364,0
2022-08-30,QQQ,294.08251953125,-0.01113635477402819,-0.04164311755468075,-0.042344176269564104,0.061094895768007085,-0.0607977820764285,-0.003417320467306917,0.02167610319933324,0.017137683977454448,28.305187389035396,-0.006809840423323998,0
2022-08-31,QQQ,292.3728942871094,-0.005813420147738335,-0.04996669594303338,-0.07315169684159695,0.05761452477535034,-0.0628043900526647,-0.008808310364004313,0.020888954640967634,0.015701705856388658,28.35460341927488,0.004176724014205879,0
2022-09-01,QQQ,292.49993896484375,0.0004345296031773582,-0.06606761516595883,-0.07706522039523134,0.05404908444743173,-0.05871248049878863,-0.007836751867954184,0.016029020461722877,0.015611366350107883,19.694920266028348,0.025684538111924615,1
2022-09-02,QQQ,288.36737060546875,-0.0141284417836125,-0.03991030296626097,-0.08261093918763118,0.05033413981207446,-0.06811774947627114,-0.021212257990019245,0.005628292087283944,0.015753659124430552,14.044542146432036,0.05274910463528104,1
2022-09-06,QQQ,286.2962646484375,-0.007182178596290778,-0.03731793264662364,-0.08624618443607379,0.04608199834799254,-0.07075334582837556,-0.027931803045961212,0.005546178884986008,0.015765862963095702,13.696209835337667,0.002218016244133647,0
2022-09-07,QQQ,292.0798645019531,0.020201450621850414,-0.006809840423323998,-0.057114535159967006,0.0424626581850025,-0.04925135547428261,-0.008880040761932717,0.013084923082894918,0.016589726203236392,23.7181180802572,-0.009833899164684357,0
2022-09-08,QQQ,293.59405517578125,0.0051841665854306385,0.004176724014205879,-0.07796165531764276,0.03678212374616785,-0.04044563025936443,-0.0051511826903881675,0.013060363674922743,0.015085170700395414,24.73635800870171,-0.03134559674195392,0
2022-09-09,QQQ,300.0126647949219,0.021862192050508877,0.025684538111924615,-0.052425353838703725,0.032164126890235734,-0.016800801223914585,0.01482294256389749,0.016043523887463156,0.016138498165203328,36.18359151140496,-0.05786590430193228,0
2022-09-12,QQQ,303.5784912109375,0.011885586291675798,0.05274910463528104,-0.05947554987767467,0.027305715595309143,-0.001975459856677464,0.025276314393615218,0.011895321495955987,0.01567591653728922,46.533836133669595,-0.06168144066041659,0
2022-09-13,QQQ,286.9312744140625,-0.054836614842083464,0.002218016244133647,-0.11817686951308681,0.019532360562664497,-0.05070347430914923,-0.03216147228847088,0.031849484515500036,0.01925230047930869,35.21732064092238,-0.01515523447580791,0
2022-09-14,QQQ,289.20758056640625,0.007933280040637536,-0.009833899164684357,-0.10909494124452246,0.012343747477299605,-0.03753395600453213,-0.02565351820197659,0.03042770462166744,0.01949315905159877,36.52369940811918,-0.04040296920232389,0
2022-09-15,QQQ,284.39117431640625,-0.016653803612502793,-0.03134559674195392,-0.11382376837790587,0.005637766955678636,-0.04777486514772766,-0.04240644174809083,0.030776790961203986,0.01961072753196949,28.876443023083,-0.03616176964522755,0
2022-09-16,QQQ,282.65216064453125,-0.0061148651186349046,-0.05786590430193228,-0.12135603009226104,-0.0014083876224662006,-0.047371468157596186,-0.04871313839065128,0.026730811658617442,0.019514537497654014,34.491559137370146,-0.0460212141163423,0
2022-09-19,QQQ,284.85333251953125,0.007787564298042726,-0.06168144066041659,-0.09690568321823345,-0.0069178519582288045,-0.03498215209297861,-0.04165800270184794,0.025881660512545035,0.019494443398100948,38.86515913805549,-0.05730991633449656,0
2022-09-20,QQQ,282.582763671875,-0.007971010300539705,-0.01515523447580791,-0.0798799787112855,-0.010754082575152646,-0.03867955322575778,-0.04901767269155055,0.010685829006053239,0.018854121282976952,39.59735953188891,-0.04935423198575495,0
2022-09-21,QQQ,277.5227355957031,-0.01790635780619443,-0.04040296920232389,-0.0956081846784762,-0.01523852747087806,-0.05115826482608743,-0.06561721567305068,0.010315990104156734,0.01908902642920138,37.334329352726215,-0.012765969145132505,0
2022-09-22,QQQ,274.1070861816406,-0.012307638171448532,-0.03616176964522755,-0.10931941421748559,-0.020742855632597257,-0.057415243199457344,-0.07696714273125771,0.009579413234043481,0.019067602584465437,35.14603391955899,-0.02927830409930321,0
2022-09-23,QQQ,269.6441650390625,-0.01628167007554382,-0.0460212141163423,-0.13904454475191053,-0.027659431934950907,-0.06576706651646613,-0.09160741875154343,0.010315081799695815,0.01838553138500293,34.959496284993975,-0.029944429982910248,0
2022-09-26,QQQ,268.5284118652344,-0.00413787249453923,-0.05730991633449656,-0.1059620890833386,-0.03273291286676694,-0.06447488541752666,-0.09509734747782694,0.005722079004659098,0.01658998064492237,35.504448873926236,-0.003061322249824694,0
2022-09-27,QQQ,268.6361083984375,0.000401061967540306,-0.04935423198575495,-0.09670087901307545,-0.037200398393709144,-0.05938764028921517,-0.09437879480450329,0.00790301977883629,0.01660520603642186,28.921791630562495,0.027870981843232112,1
2022-09-28,QQQ,273.9798889160156,0.01989226448163217,-0.012765969145132505,-0.06835710822689078,-0.040245554702342146,-0.03728855943527576,-0.07603341537909403,0.014130070921491444,0.017424984242532703,33.5011328391933,0.007287330610831866,0
2022-09-29,QQQ,266.0816955566406,-0.028827639103817804,-0.02927830409930321,-0.08992351631834539,-0.04381550384807109,-0.060702543775636,-0.10185833508331799,0.01831287413245118,0.01833001597452666,22.151450423896065,0.02902121983515249,1
2022-09-30,QQQ,261.56982421875,-0.01695671447241731,-0.029944429982910248,-0.1057440041032327,-0.04760979547623345,-0.07156128530190242,-0.115764062620896,0.01841177360503151,0.018493477440696102,16.048980783763568,0.00688486452178938,0
2022-10-03,QQQ,267.70635986328125,0.023460411241471357,-0.003061322249824694,-0.07164822670056858,-0.04998671778663377,-0.04628264086235678,-0.09395584134178381,0.022715590430099214,0.019446076649203857,31.282660755988417,-0.02603018033556459,0
2022-10-04,QQQ,276.1232604980469,0.031440794455029675,0.027870981843232112,-0.03553313614790865,-0.05137350285381914,-0.014511213133906575,-0.06513922413837858,0.026855510656958917,0.02092562933605857,38.62163589510866,-0.06869181246212563,0
2022-10-05,QQQ,275.9764709472656,-0.0005316087841222839,0.007287330610831866,-0.05513352857153153,-0.05390378737822732,-0.01219649147658175,-0.06544284177149506,0.02570514890470697,0.020292876239811353,42.0355845735865,-0.06851581359999126,0
2022-10-06,QQQ,273.8037109375,-0.007872990049868411,0.02902121983515249,-0.06740716948928793,-0.05697453235103511,-0.016490080668860374,-0.07252509838535626,0.02070138974213143,0.020238078375027956,41.693253207001426,-0.03910521622826568,0
2022-10-07,QQQ,263.3706970214844,-0.038103990191707515,0.00688486452178938,-0.12213473654015461,-0.062296838444917846,-0.04769869123123893,-0.10702405201449028,0.027563598719235673,0.020751647378782226,32.53230172929328,-0.031066562025535926,0
2022-10-10,QQQ,260.7379150390625,-0.009996487886452687,-0.02603018033556459,-0.1411186148300203,-0.06827454827514412,-0.049859337065410014,-0.11472976162511506,0.024884685670929108,0.020315467560445916,32.34179669576595,0.011035761353767493,1
2022-10-11,QQQ,257.1558532714844,-0.013738169867015593,-0.06869181246212563,-0.10377196143355938,-0.0719862759500548,-0.05780096115006361,-0.12562636116059156,0.01428307553100542,0.01708403674767948,33.133494134725424,0.033225605510626366,1
2022-10-12,QQQ,257.0677185058594,-0.0003427289890693963,-0.06851581359999126,-0.11113077325843845,-0.07565059933305995,-0.052545364102254744,-0.12422087514880531,0.01432794226908577,0.016844568681908857,35.06607510051418,0.029810431294476913,1
2022-10-13,QQQ,263.0965576171875,0.023452338342477397,-0.03910521622826568,-0.0748779098029495,-0.07755213123133531,-0.026505152630723394,-0.10200175278693424,0.022308760054797826,0.017834844897358103,44.4147446243557,0.0010789746330766015,0
2022-10-14,QQQ,255.1886749267578,-0.030056959931554328,-0.031066562025535926,-0.09716354424869245,-0.0798780046794123,-0.050943347374924675,-0.12675209911433782,0.019710025567739417,0.018781541582306497,39.80255353457307,0.05630151078880741,1
2022-10-17,QQQ,263.6153564453125,0.03302137730435439,0.011035761353767493,-0.07455758332320916,-0.08186678782857248,-0.015717016745112167,-0.09629710289851445,0.025991654789078254,0.02045393612777502,46.59500277540802,0.033784788128196075,1
2022-10-18,QQQ,265.70001220703125,0.007907945082672896,0.033225605510626366,-0.059744448831448915,-0.08331242027979369,-0.004796651235739358,-0.08770945089184556,0.024369768926480583,0.020585881475114944,44.125005521713106,0.04689082517827581,1
2022-10-19,QQQ,264.73101806640625,-0.003646948047070331,0.029810431294476913,-0.04609250302264223,-0.08431085194433174,-0.0060449610547913535,-0.08984615718262334,0.02465489452346839,0.020282553488601075,48.937108851542504,0.02750571604386365,1
2022-10-20,QQQ,263.38043212890625,-0.005101729096063878,0.0010789746330766015,-0.03913307825112633,-0.08424692880972073,-0.009120509850377156,-0.09259906371602478,0.02288445791798799,0.020156439058314424,51.49942807926119,0.013972156724156859,1
2022-10-21,QQQ,269.5561828613281,0.02344802414706071,0.05630151078880741,-0.0003262899374130157,-0.08251758198989445,0.014130440376667996,-0.0695531513855615,0.016756900735922897,0.020606918794746725,51.530909134992775,0.02105817430611312,1
2022-10-24,QQQ,272.52154541015625,0.011000907185102937,0.033784788128196075,0.014870432209333151,-0.0799404686745595,0.024517226118244473,-0.05738316110280761,0.011691781824184547,0.0207174966989967,46.72358653467106,-0.001795411549357362,0
2022-10-25,QQQ,278.1589050292969,0.02068592268789682,0.04689082517827581,0.03544868442158666,-0.07670502037816018,0.043841833776866235,-0.03622607535456446,0.013301593715812736,0.02118094505367419,51.805011143446315,-0.03201823952509297,0
2022-10-26,QQQ,272.01263427734375,-0.022096257358022675,0.02750571604386365,-0.007180288474658458,-0.07517270577915003,0.021153768365281822,-0.0556091234193119,0.019084782602035853,0.021389526209365167,48.61002496697359,-0.044075769831858236,0
2022-10-27,QQQ,267.0604248046875,-0.018205806821483872,0.013972156724156859,0.0036783035601128944,-0.07240559063238106,0.002378692352777545,-0.0701991289043391,0.021647348874102287,0.020762484212730827,53.12966907124375,-0.045369485395786335,0
2022-10-28,QQQ,275.2325439453125,0.030600262643188714,0.02105817430611312,0.05223354707436134,-0.06777192091337303,0.030409703570638325,-0.039423141368123193,0.023496441896791766,0.021385383349369264,61.2384275855411,-0.05881523303492031,0
2022-10-31,QQQ,272.0322570800781,-0.011627574338993307,-0.001795411549357362,0.01615911261505376,-0.06471564071424607,0.01760452263552259,-0.048250406040549754,0.02407850255488739,0.021034721792822546,61.60312996733786,-0.03727302578328606,0
2022-11-01,QQQ,269.25274658203125,-0.010217576870777734,-0.03201823952509297,-0.024882054136341814,-0.06351117643915605,0.008503040544924456,-0.05554817400254952,0.021193332570006353,0.01989463884211708,59.12100669411565,-0.020246577249091402,0
2022-11-02,QQQ,260.0234680175781,-0.03427737945707943,-0.044075769831858236,-0.05780566319632319,-0.06358562235225651,-0.023147308258443022,-0.08526109460930686,0.023978827507222227,0.021232501599942454,47.80484029891091,-0.00888274784580012,0
2022-11-03,QQQ,254.94403076171875,-0.019534533919515318,-0.045369485395786335,-0.06888029424877395,-0.06341734700802448,-0.03882462027106326,-0.09977981286290294,0.024116846360890398,0.021538269032511242,49.817887733972746,0.08545421202713999,1
2022-11-04,QQQ,259.044677734375,0.016084498861983043,-0.05881523303492031,-0.016425590758703423,-0.06099994117166574,-0.02256751394562262,-0.08219083809421457,0.018337591896568164,0.020308358762215387,46.36338384108173,0.08795569376285872,1
2022-11-07,QQQ,261.8927917480469,0.010994682610666606,-0.03727302578328606,0.004429262651775678,-0.05740654589276284,-0.012036211714693268,-0.06875180026728145,0.021020613220411273,0.020341318812249157,47.00718103825905,0.06670645674873632,1
2022-11-08,QQQ,263.8013000488281,0.007287364757321502,-0.020246577249091402,0.02584209806155191,-0.052767980063947006,-0.006082398594349447,-0.05852942277052886,0.021872426315229582,0.02011326290364555,49.27979574709519,0.07364394398536556,1
2022-11-09,QQQ,257.7137451171875,-0.023076288594915395,-0.00888274784580012,0.002513060041466897,-0.04886739683973518,-0.029136482987482504,-0.07658005575055415,0.018256638018364024,0.02084991752983092,45.91044318545215,0.0840040053221145,1
2022-11-10,QQQ,276.7300720214844,0.07378856294859149,0.08545421202713999,0.0518194328643935,-0.043901791320508976,0.0398318316686741,-0.005818648413666527,0.03522174686685012,0.026151663483924583,54.36777175524692,0.007285376500445473,0
2022-11-11,QQQ,281.8291320800781,0.01842611473825606,0.08795569376285872,0.10439513885546226,-0.03681741959978713,0.053717860184538724,0.014922687586334638,0.03522183630338006,0.025169532267975935,55.52335215433389,-0.010904087795779005,0
2022-11-14,QQQ,279.36273193359375,-0.008751402412805143,0.06670645674873632,0.05973618419133353,-0.03188684349409876,0.041430529062492116,0.008222596772299973,0.03718372622031634,0.024469176585675236,50.74231741836804,-0.012436643544933346,0
2022-11-15,QQQ,283.2286682128906,0.013838410916656718,0.07364394398536556,0.06597160406677438,-0.027326278175943908,0.05240382138949973,0.023645541812783888,0.037023626081598586,0.024565174894434397,57.116286094346314,-0.011887182158247134,0
2022-11-16,QQQ,279.36273193359375,-0.013649523205719438,0.0840040053221145,0.055270115206209836,-0.023063968037984495,0.035224874832429975,0.011348481407168265,0.03478194573548565,0.024818448565879194,57.91459535869949,0.011841504155816418,1
2022-11-17,QQQ,278.74615478515625,-0.0022070844746180374,0.007285376500445473,0.05834041098668097,-0.018565105189566555,0.030007602574695813,0.01088540308684327,0.014027353855490018,0.024777239257046224,52.50387104631337,0.007408620625853901,0
2022-11-18,QQQ,278.75604248046875,3.5472042009487836e-05,-0.010904087795779005,0.034129655352307164,-0.014846442535108584,0.028296301664898937,0.013029759713166333,0.010443015940194374,0.024315318026653963,55.01976007221437,-0.007408576791728905,0
2022-11-21,QQQ,275.8883972167969,-0.010287293642693984,-0.012436643544933346,0.012354442660940324,-0.012771711889154824,0.017086310310897357,0.0040963769892030655,0.010705154377030533,0.024364385626083694,54.94745081264094,-0.004682692885233708,0
2022-11-22,QQQ,279.86187744140625,0.01440249124172821,-0.011887182158247134,0.006122300531525404,-0.011410453527880615,0.031411119079636896,0.01964225043723955,0.01092058069965207,0.024135128234515767,66.04906176690896,0.025913705600362213,1
2022-11-23,QQQ,282.6708068847656,0.010036841991626577,0.011841504155816418,0.039182638099650946,-0.008781999334479318,0.03972122015633306,0.030590389092876258,0.00987629377334858,0.023610223493528263,73.28611272152602,0.01696572555504927,1
2022-11-25,QQQ,280.811279296875,-0.006578421055870476,0.007408620625853901,0.0514896750510454,-0.005576660834445857,0.03027600729564206,0.02453050743708718,0.010555751886967198,0.023221711015533376,68.99557154925466,0.01962207975461716,1
2022-11-28,QQQ,276.69085693359375,-0.014673279412416806,-0.007408576791728905,0.0052984758538257015,-0.004353500558205381,0.01488697479800316,0.010468663786704635,0.012869518998506371,0.022562731756755165,62.633624042974375,0.017438609331871247,1
2022-11-29,QQQ,274.59649658203125,-0.007569315353507133,-0.004682692885233708,0.009426233232326942,-0.00304964759001225,0.0067315350350589664,0.0036613586354499184,0.012451961792181438,0.02246595907345325,59.18708156662184,0.00395611102850002,0
2022-11-30,QQQ,287.1141357421875,0.045585574892492486,0.025913705600362213,0.0663368875040038,0.00016472684436985574,0.04918872726518053,0.04936155681337118,0.02424353059522901,0.02441859202861597,72.55249338916647,-0.043734606441474866,0
2022-12-01,QQQ,287.4665222167969,0.0012273393425874524,0.01696572555504927,0.1055406821870537,0.005462304490452929,0.04523542040361206,0.05094481453406319,0.024138582216350877,0.02276254135339234,61.540056209112585,-0.03360371340794932,0
2022-12-02,QQQ,286.3213806152344,-0.003983565086924767,0.01962207975461716,0.1230754442838562,0.011646200396157047,0.03516661001512311,0.04722236779876976,0.02389171699239876,0.022127424271037335,55.277018181088174,-0.035925343142568456,0
2022-12-05,QQQ,281.5159606933594,-0.016783308014055143,0.017438609331871247,0.08674674637410029,0.016902231892970354,0.013675403657467111,0.030808780394285806,0.02432136856060897,0.02255900234698481,52.39762918218203,-0.00716195568101563,0
2022-12-06,QQQ,275.6828308105469,-0.02072042334099211,0.00395611102850002,0.0526552829898681,0.021165363991710207,-0.009786822525412853,0.011171399805224747,0.02646111638466713,0.02317748178477721,41.95033115169951,0.02474446716831369,1
2022-12-07,QQQ,274.55731201171875,-0.004082658305266773,-0.043734606441474866,0.040773157527653314,0.023912476762912638,-0.015730839867302504,0.007805473552822129,0.009378234303972272,0.02320150202633599,44.55539004767457,0.02131660807847857,1
2022-12-08,QQQ,277.80657958984375,0.011834569454068244,-0.03360371340794932,0.07796570750822629,0.02831740792927251,-0.0076564347060552596,0.020444162838362034,0.012806190406902262,0.022498496855343955,48.99538086642364,-0.024519711054373783,0
2022-12-09,QQQ,276.0351867675781,-0.006376353018279546,-0.035925343142568456,-0.0025110579736787875,0.02871603061563799,-0.01386157912250463,0.014456401962670506,0.012721530981281013,0.015445115643228103,47.19639657543853,-0.02762052602723608,0
2022-12-12,QQQ,279.499755859375,0.012551186435206363,-0.00716195568101563,-0.008265207374095196,0.028486586727685115,-0.0010687306615276837,0.02738741157747926,0.013919594291100934,0.015128577257506973,53.67596854628128,-0.05316974732515101,0
2022-12-13,QQQ,282.50445556640625,0.01075027667839179,0.02474446716831369,0.011246037046771518,0.029212109329306735,0.009103520386884334,0.03858156274901425,0.009336657122749895,0.01518407017537203,52.743973158547846,-0.06396923617381067,0
2022-12-14,QQQ,280.4099426269531,-0.0074140881610300635,0.02131660807847857,-0.009952119620245448,0.028830952156619016,0.0021264316130051863,0.031018690817723016,0.010218335119846583,0.014955761933753862,47.61703189814005,-0.04329805398568398,0
2022-12-15,QQQ,270.9948425292969,-0.03357619922265642,-0.024519711054373783,-0.029953492172627993,0.02770370284240653,-0.030070874457457708,-0.0032002461852319586,0.01857593815478731,0.01647210457012106,41.07492165775356,-0.03427864925952928,0
2022-12-16,QQQ,268.41094970703125,-0.009534841320776422,-0.02762052602723608,-0.037077480355167114,0.02616124168618783,-0.03753886656774308,-0.012359688242459477,0.01869570935043696,0.01657239250125709,42.25554895871392,-0.022789129181641554,0
2022-12-19,QQQ,264.6388244628906,-0.01405354456760377,-0.05316974732515101,-0.05064363050916554,0.023878257135134584,-0.048656952565949485,-0.025940538655596646,0.01586516911442987,0.016790166561598697,40.96970260541984,-0.02287283267323481,0
2022-12-20,QQQ,264.432861328125,-0.0007782801151102747,-0.06396923617381067,-0.04152235470660248,0.022026806835800272,-0.0474359774545724,-0.02645403373123134,0.01242019142517443,0.016691263961095246,23.51748967380925,-0.03502253219181306,0
2022-12-21,QQQ,268.26873779296875,0.014506050592872244,-0.04329805398568398,-0.04142450466789538,0.01991571092366473,-0.03159591783809146,-0.012309462080458022,0.01767382470497671,0.01669663104495246,29.27101079166323,-0.025635364018278595,0
2022-12-22,QQQ,261.70550537109375,-0.024465140723702428,-0.03427864925952928,-0.07416861240368078,0.01682214276289451,-0.051699637419309274,-0.03574719333787235,0.014682797259536,0.0171653231867642,26.20491293073694,-0.001799181535072969,0
2022-12-23,QQQ,262.2940979003906,0.0022490643766253093,-0.022789129181641554,-0.06594172941645948,0.01364658285347442,-0.046367519301360516,-0.03335369464174209,0.015087310360290008,0.017201050420144658,29.769813546017375,-0.010771679282938318,0
2022-12-27,QQQ,258.5857849121094,-0.014137996310117251,-0.02287283267323481,-0.06543429812655366,0.010495614910274842,-0.05674547170780431,-0.046845435416476455,0.015100709044141002,0.017182772630244276,31.163624528616538,0.008194880436154017,0
2022-12-28,QQQ,255.1717529296875,-0.013202705568607587,-0.03502253219181306,-0.07073922607945915,0.0076915785287747784,-0.06588959495559898,-0.058704811420654535,0.015350167568144054,0.017303251255498104,29.667588928251803,0.005689909953610961,0
2022-12-29,QQQ,261.3915710449219,0.02437502601217867,-0.025635364018278595,-0.08959003230813778,0.003856433936655135,-0.038594191002662814,-0.03488659301394814,0.01900732450518565,0.01456910484443082,33.79312672158878,0.008857621567259999,0
2022-12-30,QQQ,261.2346496582031,-0.0006003307072659503,-0.001799181535072969,-0.09125192163701978,-7.915538241809461e-05,-0.03451377005234724,-0.034590193484098086,0.015599744286916734,0.014536451844724647,34.905928151092596,0.01599822526204897,1
2023-01-03,QQQ,259.46875,-0.006759821717806647,-0.010771679282938318,-0.09378492991873211,-0.004161683038163444,-0.03625802775234177,-0.040268816371411,0.01575648523405234,0.014542784399985199,28.838540283040032,0.031571090644947564,1
2023-01-04,QQQ,260.7048645019531,0.004764020722931361,0.008194880436154017,-0.0739251022931332,-0.007847468510303934,-0.027909688302023117,-0.03553813641224457,0.014339583369323717,0.014406665924781254,26.07616065932403,0.044441988828691104,1
2023-01-05,QQQ,256.6236572265625,-0.01565451140770735,0.005689909953610961,-0.06913442352556987,-0.011122028695959463,-0.039715109436132656,-0.050395425545280204,0.015003795248075519,0.01413424606060213,24.9866016098607,0.06678666445317694,1
2023-01-06,QQQ,263.7068786621094,0.0276015918099608,0.008857621567259999,-0.039519739139732835,-0.013528119561426966,-0.011202345592735807,-0.02457891848361582,0.016264801179252445,0.01574682721137763,41.940805015078176,0.04527535522772608,1
2023-01-09,QQQ,265.4139404296875,0.006473330450228465,0.01599822526204897,-0.04460887563733318,-0.01632619424259807,-0.0024839252301652737,-0.018769566426971585,0.016303781204721528,0.01554512565531371,46.620298992346235,0.040659260046240764,1
2023-01-10,QQQ,267.66046142578125,0.008464216282146886,0.031571090644947564,-0.030339339849627223,-0.018150361535239634,0.007544894026113802,-0.010742410063444785,0.0153527446524449,0.015687030322193467,53.52889644155739,0.018509815296342325,1
2023-01-11,QQQ,272.2911071777344,0.017300447467236912,0.044441988828691104,-0.025791252158615552,-0.02051438055513244,0.026368410403665665,0.005313098242878622,0.0160413518858191,0.01594353373772237,58.3178120742152,-0.008647191041458946,0
2023-01-12,QQQ,273.7626953125,0.0054044663816548155,0.06678666445317694,-0.03094379604165709,-0.022738342973200876,0.03361832227692241,0.010115554361605383,0.009388174739848468,0.015776855059140452,56.121650920427314,0.013008190259441443,1
2023-01-13,QQQ,275.64630126953125,0.006880433270431974,0.04527535522772608,-0.01698813284862455,-0.02421401944614765,0.04166681442793241,0.016443873926967667,0.0048203591782359214,0.015816279353558414,67.34208412360238,0.028437250965360317,1
2023-01-17,QQQ,276.2054748535156,0.002028590920353457,0.040659260046240764,0.01922779147966791,-0.02394162694137958,0.042753289134963346,0.01778807889459766,0.005708777212552663,0.01380085125798732,67.31816323708418,0.02425955735362373,1
2023-01-18,QQQ,272.61480712890625,-0.012999987514779265,0.018509815296342325,0.015662019103406477,-0.023720763954999002,0.028381450501098193,0.003987456858062233,0.010950720605327967,0.013961452280248402,67.51592502303308,0.03544705151951599,1
2023-01-19,QQQ,269.9365539550781,-0.00982431292722008,-0.008647191041458946,0.02001871608574346,-0.022768054093097678,0.017261832859092996,-0.005899239578286641,0.009106231697725608,0.013754013425381852,68.77962135897458,0.06610960126648324,1
2023-01-20,QQQ,277.3238525390625,0.027366795922028953,0.013008190259441443,0.04874958107018901,-0.020683021202730356,0.042568631490625286,0.021005162380203002,0.016044665669113254,0.014942260831558127,69.68008630952157,0.04804008826337447,1
2023-01-23,QQQ,283.48492431640625,0.022216162515180438,0.028437250965360317,0.05671993929900365,-0.01820285787212117,0.06269101880369465,0.043347005226431534,0.01834659530343484,0.01536218780148192,73.93412131442231,0.004533312434588321,0
2023-01-24,QQQ,282.9060974121094,-0.0020418260536875232,0.02425955735362373,0.08100934678830529,-0.014959705548187707,0.05632367559969431,0.04052138444914344,0.01864135787170341,0.014021670121194336,75.8717453772482,0.021673270036343117,1
2023-01-25,QQQ,282.2781982421875,-0.002219461424358138,0.03544705151951599,0.07618966839805164,-0.012206111706198897,0.05006156999796785,0.037244401176186104,0.016553693678670076,0.014086409026787285,74.13824305728656,0.04584163451064094,1
2023-01-26,QQQ,287.7819519042969,0.01949762219109563,0.06610960126648324,0.11290708420848028,-0.007604689637762507,0.06475321857731053,0.056656100809221455,0.01406630350157313,0.013841377137945633,83.78721824267217,0.06265774722670825,1
2023-01-27,QQQ,290.6465148925781,0.009953935503342004,0.04804008826337447,0.13902307585223084,-0.002228580230538957,0.06834062790069595,0.06595974509787483,0.01153708227622368,0.013149904340998067,82.15449754568064,0.03348395432335782,1
2023-01-30,QQQ,284.7700500488281,-0.020218597308562014,0.004533312434588321,0.0894385343431312,0.0011089440978890863,0.04226203446740673,0.04341784479898325,0.01493470234541378,0.013746473794655614,71.0116908113337,0.0458883472854128,1
2023-01-31,QQQ,289.03759765625,0.014985942540973518,0.021673270036343117,0.10642902093739859,0.004422876284657873,0.052526105538090784,0.05718129828925833,0.015974504513508857,0.013890227450764948,72.23017016496036,0.051795636110543386,1
2023-02-01,QQQ,295.2182922363281,0.021383704508327606,0.04584163451064094,0.13777976051577734,0.008484792352238868,0.06808079872378547,0.07714324251637028,0.01698493090654664,0.01404372853143354,73.09745548544507,0.011464780896435434,1
2023-02-02,QQQ,305.813720703125,0.03589014890146114,0.06265774722670825,0.17302652287423625,0.013830689199001212,0.09745906005076765,0.11263767521895773,0.020670856647074475,0.015484090667443147,77.27503152768514,-0.032208571202757774,0
2023-02-03,QQQ,300.3785095214844,-0.01777294743069091,0.03348395432335782,0.17050202139505988,0.019411320988803826,0.06955683666850199,0.0903183477408438,0.0247979374635813,0.01566154517215112,69.84710073268417,-0.02116368680750802,0
2023-02-06,QQQ,297.8376770019531,-0.008458769316016967,0.0458883472854128,0.12942703092540842,0.02349826387044862,0.05410446642832367,0.0788740913274748,0.021986676102714094,0.015361233343129506,66.82431361156287,0.0029975782682492014,0
2023-02-07,QQQ,304.00848388671875,0.020718691291448543,0.051795636110543386,0.14541264635365136,0.02761630317085184,0.0686456309190262,0.09815767264469222,0.02250678537745275,0.015700338618856374,73.47413597961256,-0.010100534544633222,0
2023-02-08,QQQ,298.6029052734375,-0.0177810123723241,0.011464780896435434,0.11560334194610289,0.031846135142293175,0.04396650296188054,0.07721280129923169,0.02443986187493059,0.016634197972078622,70.59483337360192,0.01554061373870419,1
2023-02-09,QQQ,295.9638977050781,-0.00883784960478795,-0.032208571202757774,0.08693927162260073,0.035236325138191305,0.03047576412067521,0.0667859431922575,0.01584671066952317,0.016694523465168695,64.37217431735365,0.005369996014701783,0
2023-02-10,QQQ,294.0213928222656,-0.0065633170054685275,-0.02116368680750802,0.07400094262894497,0.03797334892830717,0.020114686724479247,0.05885185767035872,0.014582660047580185,0.016866770667112098,58.68928043811456,0.004871662681160238,0
2023-02-13,QQQ,298.73046875,0.016016099653609173,0.0029975782682492014,0.08374560940651499,0.041161235188800216,0.032318966860982457,0.07481049064580647,0.016737715818842834,0.0170795089878623,62.21782392844604,-0.03438429633867279,0
2023-02-14,QQQ,300.9378356933594,0.007389159038901694,-0.010100534544633222,0.08954334034457667,0.04425947485700554,0.035521773624768604,0.08135342352839592,0.013503208897153996,0.017086245401483617,64.06388654659072,-0.04074978823422992,0
2023-02-15,QQQ,303.2433776855469,0.0076611901819374495,0.01554061373870419,0.11235108936015292,0.04822448525758172,0.0379853162482624,0.08804162382926317,0.010510868856665724,0.01659413463680212,62.243643281366,-0.03972846461076185,0
2023-02-16,QQQ,297.55322265625,-0.0187643175350638,0.005369996014701783,0.1023079990336091,0.051996411770479645,0.013716880609471627,0.06642652095232782,0.01376952158845291,0.017139207424485426,55.2350339866977,-0.03775144037716471,0
2023-02-17,QQQ,295.4537658691406,-0.007055735334901003,0.004871662681160238,0.06537451850638942,0.054013453776281084,0.0034653728213440704,0.05766600335232819,0.013840041852231163,0.01649332921165212,58.58968621308303,-0.023974043501222786,0
2023-02-21,QQQ,288.4588317871094,-0.023675223977782656,-0.03438429633867279,0.017545580184544773,0.054362926731095884,-0.021118713909863973,0.03209613772429498,0.014477587355395737,0.016910139275693483,49.554223488579055,-0.00159867222712462,0
2023-02-22,QQQ,288.6746826171875,0.0007482898989115139,-0.04074978823422992,0.02039045908817938,0.05501719157277796,-0.02134411665226299,0.032498781565705626,0.013077121985107252,0.016895179684737444,44.45002953309752,-0.010365363496549262,0
2023-02-23,QQQ,291.19598388671875,0.008734057474914625,-0.03972846461076185,0.031592187069580335,0.05595830964810711,-0.014286523743062718,0.04087233618563513,0.013407423660065866,0.01695780014572193,35.63441497446553,-0.01081492070245893,0
2023-02-24,QQQ,286.3201599121094,-0.016744131940041318,-0.03775144037716471,-0.005079512396502284,0.0550917872963228,-0.03055158699877547,0.022857058765045624,0.01302708300232888,0.016891278341774923,36.03056231456525,0.02682863683857173,1
2023-02-27,QQQ,288.37054443359375,0.007161160157614477,-0.023974043501222786,-0.007830716497067125,0.05382099907932347,-0.02323285426172017,0.029337729389773193,0.014628310771208016,0.016814990391489017,40.50014790933372,0.020684438234007452,1
2023-02-28,QQQ,287.9976806640625,-0.0012930022733896873,-0.00159867222712462,0.011334164581847439,0.054341630034006716,-0.025028765558074872,0.027952760557766965,0.010121453487391078,0.016152098460486753,31.818238527277387,0.009469956262024404,0
2023-03-01,QQQ,285.6824645996094,-0.008039009408390752,-0.010365363496549262,-0.011607946799470859,0.05385470120974323,-0.03231700777898838,0.01979727063282466,0.010647760393046586,0.015897858827633757,34.220073723169136,0.022733412646162465,1
2023-03-02,QQQ,288.0467224121094,0.008275824054561953,-0.01081492070245893,-0.024292430424594946,0.05246665335832268,-0.023122116398064163,0.02813139689429045,0.010533240450699425,0.015204854153054443,40.26530541792808,-0.003235292092196862,0
2023-03-03,QQQ,294.0017395019531,0.020673788751964572,0.02682863683857173,-0.03862475880419569,0.049579027234610384,-0.0009252527100352959,0.04860790139526516,0.01084036595242044,0.013545672430196502,49.97800522410081,-0.037139776635485955,0
2023-03-06,QQQ,294.3353271484375,0.0011346451454656847,0.020684438234007452,-0.020118557691340522,0.0473400454316657,0.001236407237454884,0.04863498424391355,0.010924154507836478,0.013028027247408673,44.547208558482154,-0.031097858115996413,0
2023-03-07,QQQ,290.7250061035156,-0.012266013325342828,0.009469956262024404,-0.023881031339063497,0.04506973753721777,-0.009846930530286402,0.03477900843238402,0.0131637408401253,0.013170782242165146,37.75578451316425,0.0034758914549417597,0
2023-03-08,QQQ,292.177001953125,0.004994396144555768,0.022733412646162465,-0.03891826235350215,0.042075797459755204,-0.002892755332856156,0.03906132713941335,0.011921597886861528,0.012234221918558937,36.45525100271848,0.003726947074468745,0
2023-03-09,QQQ,287.11480712890625,-0.017325781257180872,-0.003235292092196862,-0.03847282776438943,0.039350512257857906,-0.01824391880895171,0.020388685898183212,0.015022641813636125,0.012203528093605186,37.02438632083846,0.04834974423315552,1
2023-03-10,QQQ,283.08258056640625,-0.014043951974548108,-0.037139776635485955,-0.04352327171845749,0.036841503584194246,-0.02989518333318708,0.005844936747087415,0.009908975610394727,0.012413276495781353,35.326889957556546,0.05825690892136204,1
2023-03-13,QQQ,285.18212890625,0.007416734493669086,-0.031097858115996413,-0.030063335974191863,0.03510698821323688,-0.0212177314680837,0.013144366096591531,0.011541522664655393,0.012544545560018975,45.60299110122814,0.05419424692622066,1
2023-03-14,QQQ,291.73553466796875,0.022979721018469235,0.0034758914549417597,-0.023415536122916025,0.033171633156950264,0.0024777625611696052,0.03573158714884905,0.01659970576578534,0.013137471803642022,53.51030082092979,0.045231542356942045,1
2023-03-15,QQQ,293.26593017578125,0.005245831672697321,0.003726947074468745,-0.025493323230367793,0.03045185234976877,0.009066674507010042,0.039794623890169634,0.016615945792770766,0.013073146483507377,52.42910166070506,0.025637951835939754,1
2023-03-16,QQQ,300.9967346191406,0.02636107248709596,0.04834974423315552,-0.00740871270974941,0.02807392630556893,0.03606720606956215,0.06515368046037562,0.016145526090616442,0.01434753457855879,66.14150711616924,0.011145120160972244,1
2023-03-17,QQQ,299.5740966796875,-0.004726423166195537,0.05825690892136204,0.006791638838246072,0.026316814443746894,0.03081179288601077,0.05793947556581802,0.012958684405582867,0.013725244963814252,62.494350420927674,0.019686252985297026,1
2023-03-20,QQQ,300.6373596191406,0.0035492485873702684,0.05419424692622066,0.017544517446753005,0.025047803537643354,0.03354866320627248,0.05943678706885702,0.013368945634464167,0.013625404348047737,63.88216863447782,0.00911830284069537,0
2023-03-21,QQQ,304.9311828613281,0.014282400722342325,0.045231542356942045,0.057104686211777445,0.025741488777765165,0.04535033030326718,0.07225920409960196,0.011848134718497117,0.012620120564551663,70.26032478603926,-0.010376016377126263,0
2023-03-22,QQQ,300.78466796875,-0.013598198956463636,0.025637951835939754,0.04195028549705415,0.02552191428522055,0.02899950969607512,0.05526154698207231,0.01569162717226624,0.013143112891495314,62.922547747825845,0.021560124316769125,1
2023-03-23,QQQ,304.35137939453125,0.011858022717274208,0.011145120160972244,0.04517711862719298,0.025308168038870038,0.038863692152578455,0.06515542904305693,0.011604030093375477,0.013243798864126556,61.03433578333284,0.019144516998218952,1
2023-03-24,QQQ,305.4715881347656,0.0036806428886995146,0.019686252985297026,0.06688815844659723,0.02585391408150528,0.03929041096339869,0.06616013595417858,0.010925516826729764,0.012462884554577959,61.6771337929781,0.03229419723462046,1
2023-03-27,QQQ,303.378662109375,-0.006851458880906769,0.00911830284069537,0.05204455852195178,0.02559700500260087,0.02954126691180603,0.05589443987133147,0.011962813731169012,0.012628126875115931,63.704323603622186,0.03688933390952642,1
2023-03-28,QQQ,301.7672119140625,-0.005311679417755233,-0.010376016377126263,0.0478112574318319,0.025591186404419375,0.021685603717257473,0.047831750448697585,0.009916232570910972,0.012725188174107671,60.35076092842359,0.0389099934993935,1
2023-03-29,QQQ,307.2696228027344,0.01823395873186806,0.021560124316769125,0.07556346950933768,0.026604049137408214,0.03652713899972704,0.06410295793793286,0.0108212699755072,0.012943489184845516,71.5484270499511,0.010232891110799613,1
2023-03-30,QQQ,310.17803955078125,0.009465357237458116,0.019144516998218952,0.07683238661194869,0.027429058865321876,0.04244696043396723,0.07104029947568646,0.010451274554975442,0.012968195543679483,79.68225758785356,0.007507344119598081,0
2023-03-31,QQQ,315.3365478515625,0.016630797938668174,0.03229419723462046,0.0725669459838949,0.027880799542357337,0.05599782393655062,0.08543988758289123,0.011904486988195498,0.012720259469193583,80.95842341072157,-0.009534645872600889,0
2023-04-03,QQQ,314.5700988769531,-0.002430574507875205,0.03688933390952642,0.06874734312239372,0.027946114341206973,0.049874057632246505,0.07921395809070408,0.010782404761954814,0.012781247983465466,76.60470636591778,-0.013493427765079224,0
2023-04-04,QQQ,313.50897216796875,-0.0033732599276685704,0.0389099934993935,0.07836947488562673,0.028924412685804812,0.04236940733960615,0.07251933024855473,0.010235787851028534,0.012354876676819957,73.84606203706234,-0.018898455007864245,0
2023-04-05,QQQ,310.41387939453125,-0.009872421679144927,0.010232891110799613,0.06241722421510798,0.02940264660431202,0.028959158837757126,0.0592132813553341,0.010714626139163708,0.01272423189874424,62.453397775361736,0.010287424586905347,1
2023-04-06,QQQ,312.50665283203125,0.006741881006036232,0.007507344119598081,0.08843795259826082,0.0311050466980054,0.03155504014718691,0.06364160784252793,0.010307044914638292,0.011794053734459598,66.80439875581132,0.0016350237856264105,0
2023-04-10,QQQ,312.3299255371094,-0.000565515304459363,-0.009534645872600889,0.1033173602988342,0.03373445622684912,0.026018946362706297,0.060631137596696805,0.005968133466078473,0.01105170440520262,65.5514623509967,0.0030512699929365894,0
2023-04-11,QQQ,310.3254699707031,-0.006417750598054939,-0.013493427765079224,0.08816590703240967,0.03586004905855744,0.015241413120097524,0.051648020000863326,0.006313154710118986,0.011321208091172376,57.639816948671985,0.009593415903339064,0
2023-04-12,QQQ,307.5841369628906,-0.008833735136440146,-0.018898455007864245,0.054325237797855364,0.03667544354392316,0.0036710574508522775,0.040481138655060755,0.006903948303027772,0.010779627514875961,60.029132445495954,0.018112461884545628,1
2023-04-13,QQQ,313.60723876953125,0.01958196500675613,0.010287424586905347,0.06936130828957054,0.03792726594893159,0.019939969009107106,0.05862350346566059,0.011471374825230328,0.011415484631747947,62.72983681418306,-0.009054733998152265,0
2023-04-14,QQQ,313.0176086425781,-0.0018801547096508608,0.0016350237856264105,0.03993689180265636,0.03759762234463482,0.016036211917906495,0.05423675770206926,0.011245221661102476,0.010099205839872893,60.53195603691645,-0.006152407131118087,0
2023-04-17,QQQ,313.2829284667969,0.0008476194849527108,0.0030512699929365894,0.04576107193195411,0.037382057324269136,0.01463994964465054,0.05256927840576053,0.011233364436587531,0.009979779593429388,64.56647040817518,-0.009064010041249237,0
2023-04-18,QQQ,313.30255126953125,6.263604222045416e-05,0.009593415903339064,0.04212780363170898,0.03741960691284496,0.012626646845892653,0.05051873792033801,0.010566721861293307,0.009987017147926054,67.79872034174447,-0.0278175248760556,0
2023-04-19,QQQ,313.1552429199219,-0.00047017922137071455,0.018112461884545628,0.026970216628627863,0.037078809822970626,0.010807116470619826,0.048286641309939204,0.008973658338726164,0.009577254639518031,60.87920394417681,-0.021461542891852425,0
2023-04-20,QQQ,310.7676086425781,-0.007624442928309216,-0.009054733998152265,0.03318965937075391,0.0371375362635733,0.00148672579043585,0.0386794753869657,0.0033976996949519433,0.00917021076250848,51.11117501912447,0.01286831009366085,1
2023-04-21,QQQ,311.091796875,0.0010431854009429475,-0.006152407131118087,0.022146827439645467,0.03660015365692626,0.0014438029278114328,0.03809679999374582,0.003627016506504856,0.008851372624243304,40.217106910453595,0.018793084775770907,1
2023-04-24,QQQ,310.4433288574219,-0.0020844908933380646,-0.009064010041249237,0.016275624037620284,0.036123817269357206,-0.00144277608258514,0.03462892260720407,0.0034396778815389047,0.008857905391736746,40.437012395548685,0.019750099458280435,1
2023-04-25,QQQ,304.5872497558594,-0.018863601041502975,-0.0278175248760556,0.003983759563316536,0.03552335668393991,-0.020469556689165835,0.014326652631342807,0.008105974023596672,0.00976771331192175,33.08468794154712,0.030291316804457402,1
2023-04-26,QQQ,306.4344482421875,0.006064595572561782,-0.021461542891852425,0.015466346719782642,0.0350559035678355,-0.015268116994739733,0.01925254893606576,0.009539825730003067,0.00975839579438339,42.08036848715712,0.017379121551074794,1
2023-04-27,QQQ,314.76666259765625,0.02719085404159083,0.01286831009366085,0.024398896729648234,0.03482673030769323,0.010290595209420106,0.04547571330117761,0.01659625895480989,0.010754664255967274,53.60295491343878,-0.01304813116269743,0
2023-04-28,QQQ,316.93817138671875,0.0068987889986247275,0.018793084775770907,0.021794359928665186,0.03470531656854714,0.01615796474051434,0.05142404859048444,0.016659235314922922,0.010666561693069048,56.90724441187584,0.001022971605412648,0
2023-05-01,QQQ,316.5746154785156,-0.0011470877951129665,0.019750099458280435,0.003926178666533442,0.03429529509684626,0.014790933918533922,0.049593488458874235,0.01658096715939039,0.010028709024303483,59.85136263744723,0.004655701629447284,0
2023-05-02,QQQ,313.8135986328125,-0.008721535810853775,0.030291316804457402,-0.0024048701603915923,0.033402695659889625,0.006062382899482133,0.03966757849033686,0.013394518045257648,0.010213938902216193,59.81424160514946,0.007076114815807388,0
2023-05-03,QQQ,311.760009765625,-0.006543976666831375,0.017379121551074794,-0.005578667781816149,0.032319386612422285,-0.0002409814380094355,0.0320706168021514,0.0145313875187829,0.01029219787292763,46.67373719611377,0.024740812032241877,1
2023-05-04,QQQ,310.6595458984375,-0.0035298429327571545,-0.01304813116269743,0.0007914159778725782,0.03198134551326359,-0.003809214141299311,0.028050307578377343,0.006046286581225359,0.010074863062460158,45.83059488311809,0.03172355312911246,1
2023-05-05,QQQ,317.26239013671875,0.021254277634333185,0.001022971605412648,0.015218035397293272,0.0317064626507364,0.01658894192249538,0.04882138124071256,0.012083713780325188,0.01105435564953466,55.748060235196206,0.006627707012679895,0
2023-05-08,QQQ,318.0484924316406,0.002477767045073076,0.004655701629447284,0.0183093787273092,0.03139668937758522,0.01817497409576485,0.050142297489480514,0.012086749725890756,0.011055325876533378,56.70668438843094,0.009576932535634741,0
2023-05-09,QQQ,316.0341796875,-0.006333351020594957,0.007076114815807388,0.018395878744132066,0.031090112314585916,0.010802872933451946,0.042228847780859,0.011646326117990097,0.011052375068089816,53.864430136140086,0.017162060169520377,1
2023-05-10,QQQ,319.47320556640625,0.01088181627160334,0.024740812032241877,0.03865306163350679,0.03187408008258141,0.019863179996840064,0.052370380669335415,0.01125110656302436,0.01101114684577391,61.36484060578486,0.018391845706996257,1
2023-05-11,QQQ,320.5147705078125,0.0032602575842304304,0.03172355312911246,0.022026059619617344,0.03190268936347529,0.022061317579362028,0.05466782230452072,0.010344976851580237,0.01021181859526309,62.07517950161903,0.033936077713121016,1
2023-05-12,QQQ,319.3651123046875,-0.003586911771034873,0.006627707012679895,0.020278423599348727,0.032034548238941696,0.01736564914362404,0.04995649810775782,0.006692961531506703,0.010245454376993356,61.28792868985446,0.035319880943598836,1
2023-05-15,QQQ,321.09442138671875,0.005414834042302807,0.009576932535634741,0.024934307650120724,0.03198743954637062,0.021603426217076116,0.054281904053559815,0.006942044331673021,0.010291412707650271,73.32024415880497,0.03320172498118645,1
2023-05-16,QQQ,321.4579772949219,0.0011322398770836628,0.017162060169520377,0.02603051265412315,0.031857943611328654,0.021434940025066407,0.053975756747025816,0.0053388725521879244,0.010287520103244447,72.15289783920923,0.018950808062060842,1
2023-05-17,QQQ,325.3489074707031,0.012104008768186514,0.018391845706996257,0.0389380820741978,0.03177699502598452,0.03179952049295709,0.06458700872347523,0.005775978330509092,0.010552173888979732,67.95582799721207,0.0016006891639863685,0
2023-05-18,QQQ,331.39178466796875,0.018573528475148704,0.033936077713121016,0.06636526926173647,0.03274536501716563,0.047537875824446685,0.08183988593762459,0.008784252317393437,0.010918890606382743,71.67686091577983,0.007264174035177762,0
2023-05-19,QQQ,330.6450500488281,-0.002253328699408752,0.035319880943598836,0.06285364439128815,0.033718225699542526,0.04195734640945492,0.07709029938498513,0.00840483125833369,0.010979057848238737,70.86240567890374,0.03533308222369924,1
2023-05-22,QQQ,331.75531005859375,0.0033578606714410597,0.03320172498118645,0.06865015034985622,0.03463723519708295,0.04195719326951508,0.07804770963808383,0.008550545674494441,0.010910782513204738,77.97166265427106,0.036547744918157266,1
2023-05-23,QQQ,327.54986572265625,-0.012676343704023152,0.018950808062060842,0.07538928824237545,0.03616946452640768,0.025052665945090702,0.06212827198369131,0.012201635618160456,0.010318489546940176,73.06901416237598,0.04388672705152641,1
2023-05-24,QQQ,325.86968994140625,-0.005129526698303244,0.0016006891639863685,0.06342381481816406,0.03719765170172207,0.01670275041230096,0.05452170520632049,0.011700741357622113,0.010485212359520678,71.85189991739871,0.061390052797792194,1
2023-05-25,QQQ,333.799072265625,0.02433298514398352,0.007264174035177762,0.060465137924394785,0.037584474199096274,0.038359249061963974,0.07738543546772614,0.01399821606555934,0.010154320703513768,72.88539606009363,0.043947811687917504,1
2023-05-26,QQQ,342.3277587890625,0.025550360177905684,0.03533308222369924,0.08010896034155546,0.038649049698164184,0.0607009838049104,0.10169606884287807,0.017263106844428115,0.011321739853878339,77.67062350662044,0.0186566472290004,1
2023-05-30,QQQ,343.8802185058594,0.004535009729530914,0.036547744918157266,0.08625329288032213,0.04025979595194862,0.06102281314954827,0.10373937510731168,0.01720747157414535,0.011258990266334005,82.0732519204393,0.013886518663428937,1
2023-05-31,QQQ,341.9249572753906,-0.005685878760238849,0.04388672705152641,0.08957979757744883,0.042118193452360675,0.050434442258463275,0.09467684330652792,0.015361308564620247,0.011094820340882527,76.77526001917252,0.002384999121311404,0
2023-06-01,QQQ,345.8748474121094,0.011551921123843067,0.061390052797792194,0.10942659923616005,0.044505465005122646,0.05702988413880106,0.10407349065670912,0.013270416054838679,0.010895136236184337,78.28179868372062,0.0032386807859479116,0
2023-06-02,QQQ,348.46881103515625,0.007499717433792297,0.043947811687917504,0.12170643276829995,0.04740324737493107,0.0588399102954531,0.10903236049363829,0.011377707858535906,0.010704188479016608,81.44378912050897,-0.0004228179467477,0
2023-06-05,QQQ,348.7144470214844,0.0007049009224051606,0.0186566472290004,0.09913578748244278,0.048980714539158976,0.05454720500080934,0.10619968061702201,0.006592625889921842,0.010113986409893083,80.82918497858434,0.01575095117346037,1
2023-06-06,QQQ,348.655517578125,-0.00016899054186803042,0.013886518663428937,0.0962338318678333,0.05019444590718791,0.049511923992615836,0.10219159349041185,0.006780413277979367,0.010162970125824781,80.56546918824668,0.023729021849417276,1
2023-06-07,QQQ,342.7404479980469,-0.016965369202145753,0.002384999121311404,0.08450436701800568,0.05122775208959007,0.027576205009912647,0.08021662409332198,0.010916348670725256,0.011010618543257432,68.69464294618277,0.0489649155158185,1
2023-06-08,QQQ,346.9950256347656,0.012413409801993902,0.0032386807859479116,0.08614750654773973,0.05250967174352872,0.03605748500019268,0.09046052344497868,0.0111384526601964,0.011065300964206248,67.44296010431245,0.048449768357707645,1
2023-06-09,QQQ,348.32147216796875,0.0038226672868770795,-0.0004228179467477,0.08675638135521879,0.053840051071608164,0.03571844999241369,0.0914815842358121,0.010689331645129333,0.011063506292645086,69.50773713738377,0.03788458495585778,1
2023-06-12,QQQ,354.20703125,0.016896917222470664,0.01575095117346037,0.10909744866581383,0.05636340983547172,0.04779129281836947,0.10684838287752996,0.013142225725557325,0.011248716692369239,72.41519252682701,0.019177702862908985,1
2023-06-13,QQQ,356.92877197265625,0.007684039227146888,0.023729021849417276,0.11160066385201817,0.05879955014908034,0.05027595506954685,0.11203170876003199,0.0131081956463138,0.011261897453240643,80.2265939569921,-0.0023770840953563077,0
2023-06-14,QQQ,359.522705078125,0.007267369035935944,0.0489649155158185,0.11841276456574179,0.06148351679010622,0.052017042139574476,0.11669874961344084,0.005090395296103587,0.011224056170545183,83.98502459944994,0.0021108851321298694,0
2023-06-15,QQQ,363.8068542480469,0.011916213105347406,0.048449768357707645,0.11820524333805182,0.06421258361068038,0.058596711874173035,0.12657194174538455,0.005026564693686124,0.011218468170990259,82.71223136943618,-0.01950722673336447,0
2023-06-16,QQQ,361.5174865722656,-0.00629281072923471,0.03788458495585778,0.0909066045028264,0.06553711335801315,0.0473447002275893,0.11598464857131918,0.008633285108087628,0.011089322855957567,74.21295544002027,-0.026525372471605912,0
2023-06-20,QQQ,360.9999084472656,-0.0014316821294245718,0.019177702862908985,0.09180496848192599,0.0671121879846528,0.041266763643867055,0.11114845442770527,0.007453397766895172,0.011064801598053182,72.18030248634732,-0.008367566991807185,0
2023-06-21,QQQ,356.080322265625,-0.01362766600911558,-0.0023770840953563077,0.07332214879314214,0.06808281270139016,0.023486186292978273,0.09316800461682329,0.010261977196457918,0.01178237115544087,67.03149911031701,0.007294884145066405,0
2023-06-22,QQQ,360.2816162109375,0.011798725407180743,0.0021108851321298694,0.09992906092654597,0.06999182078807742,0.030713476318783073,0.10285498923714376,0.011263347325793796,0.011261313988374103,67.22974921147275,-0.006445187361910021,0
2023-06-23,QQQ,356.7099914550781,-0.009913424929703485,-0.01950722673336447,0.09463998176454269,0.07170798545593016,0.016013451007132806,0.08886972877498178,0.009862259647299787,0.01153163469889887,59.63081180746009,0.01897717559555301,1
2023-06-26,QQQ,351.9281005859375,-0.013405542271564985,-0.026525372471605912,0.054311200439425056,0.07203925894248164,-0.00018811096235371583,0.07183759660580091,0.010766412506541171,0.011215054011797327,53.39553564691718,0.03525500391086345,1
2023-06-27,QQQ,357.9792175292969,0.017194185213640578,-0.008367566991807185,0.04572068241149729,0.07182200615700451,0.014746799468005944,0.08762795034719773,0.014881997716001315,0.010448741304931319,58.744149225725835,0.01772807651456776,1
2023-06-28,QQQ,358.6778869628906,0.0019517038961529565,0.007294884145066405,0.04303146171456529,0.071717861158763,0.014599352710143787,0.08736424821958044,0.013276045462864358,0.010435482940302596,66.56783371191452,0.008009847907247458,0
2023-06-29,QQQ,357.95953369140625,-0.0020027810400218282,-0.006445187361910021,0.04689501621579839,0.07179865259812046,0.010276160962681136,0.08281262807180356,0.011977234607607384,0.010321606411779979,62.30272191537374,0.006679245649773069,0
2023-06-30,QQQ,363.4793395996094,0.01542019526978633,0.01897717559555301,0.05089844583732983,0.07176120237938943,0.023312626612533638,0.09674677110826035,0.012723475439899488,0.010537210482453742,65.54504182229141,-0.008283201758852554,0
2023-07-03,QQQ,364.3353271484375,0.0023549826787157002,0.03525500391086345,0.04553209817013015,0.07125007191128607,0.02343669464959608,0.09635663274002892,0.008702461017409166,0.010472308459996488,61.58178762465242,-0.005725155672301585,0
2023-07-05,QQQ,364.3255004882813,-2.6971472223413784e-05,0.01772807651456776,0.044767441097257166,0.07081598076658913,0.021170060660012258,0.0934852200351286,0.006864978071826402,0.010479381487440537,59.01750104172876,0.0068596502426072625,0
2023-07-06,QQQ,361.55084228515625,-0.0076158770094499895,0.008009847907247458,0.036985861565038025,0.07011634859978999,0.011564835856217037,0.08249206851840096,0.008545816169744818,0.010699623668041149,52.4616955169568,0.03181307670322808,1
2023-07-07,QQQ,360.3504333496094,-0.0033201663366617673,0.006679245649773069,0.05137994495374776,0.07008137711415396,0.0057286553556956665,0.0762115045261893,0.008704496924858402,0.009835386871326436,45.46522484893425,0.03503169852412302,1
2023-07-10,QQQ,360.4685668945313,0.00032782961803001776,-0.008283201758852554,0.03882920579370919,0.06927860892212578,0.004170306821017267,0.07373782879848156,0.0039040645327110234,0.009565318073418974,48.54069173529937,0.044355262696715636,1
2023-07-11,QQQ,362.24945068359375,0.004940469024539151,-0.005725155672301585,0.03998598888818594,0.06877205134295217,0.007177471299041116,0.0764431320666834,0.004665178521848586,0.0095800908393531,51.679391128942946,0.04772248801409251,1
2023-07-12,QQQ,366.82464599609375,0.012629957902948519,0.0068596502426072625,0.0356221464649249,0.06780122662325727,0.018112245915664404,0.08714150502890594,0.007800034417720808,0.00927362291250635,64.57535367184485,0.03441349538398564,1
2023-07-13,QQQ,373.0528869628906,0.01697879636708821,0.03181307670322808,0.04517460136687901,0.0670403275442526,0.033086927958090984,0.10234541399008701,0.008428629123052738,0.009802245868319756,66.42193353042788,-0.0063035633342624076,0
2023-07-14,QQQ,372.97412109375,-0.0002111386130312365,0.03503169852412302,0.037414649549607715,0.0658953215087863,0.030948625398500962,0.09888331652817639,0.007615945867307147,0.009743528447021867,72.97716782369582,-0.00907474101624528,0
2023-07-17,QQQ,376.4572448730469,0.009338781385374917,0.044355262696715636,0.034772271267805355,0.06445014287974082,0.03876029641087819,0.10570854593236123,0.006669469399433952,0.00962010785222909,85.97369233730022,-0.016674947475836643,0
2023-07-18,QQQ,379.5368957519531,0.008180612595049874,0.04772248801409251,0.049843810739388594,0.06351617946566823,0.04466091047788057,0.11101378034856202,0.006358735010785988,0.00952682711627794,84.6344759147908,-0.01804326159786407,0
2023-07-19,QQQ,379.4483642578125,-0.00023326189135108866,0.03441349538398564,0.05110376866824562,0.06267237561934214,0.04177224020255088,0.10706258135032898,0.007255715959796979,0.009504684885590762,84.03705529989408,-0.021081307317719733,0
2023-07-20,QQQ,370.7013244628906,-0.02305198972732636,-0.0063035633342624076,0.04106096653765334,0.061694382543015625,0.015718676568962975,0.07838281315729412,0.013023858725135699,0.010526955443614174,66.53049718620906,-0.00037152775290905105,0
2023-07-21,QQQ,369.5894775390625,-0.0029993065858048285,-0.00907474101624528,0.025834960512321592,0.05970849020134761,0.011382536850660596,0.07177066114202213,0.013030868360488735,0.010325042758032367,58.95066999151502,0.02089820017128652,1
2023-07-24,QQQ,370.1798400878906,0.0015973467447154555,-0.016674947475836643,0.03776134382405938,0.05840070419133325,0.011134530623919892,0.0701854992445301,0.011783726695440817,0.009980581366021469,58.62870953004435,0.01980172716475348,1
2023-07-25,QQQ,372.6888122558594,0.006777711523601848,-0.01804326159786407,0.05899134407100948,0.058447662082651064,0.015109506492178237,0.07444028390451995,0.011454074973799622,0.0093518807974437,61.49886500480423,0.010586568406996122,1
2023-07-26,QQQ,371.4490966796875,-0.0033264094209535244,-0.021081307317719733,0.037627545094257586,0.05761919275919691,0.009880285818916645,0.06806877267122968,0.01131063349271362,0.00881254998240264,64.20902484627692,-0.008290827434650594,0
2023-07-27,QQQ,370.5635986328125,-0.0023839014680350212,-0.00037152775290905105,0.03313756465603235,0.0565942375291395,0.0058476637260853614,0.06277284532512928,0.004307270887355854,0.008864011949978079,64.79484429527709,-0.007514271210482648,0
2023-07-28,QQQ,377.313232421875,0.01821450842437078,0.02089820017128652,0.05406672237748911,0.056163803861287054,0.02148559174322906,0.07885610816502653,0.008800802925349169,0.009549562499376742,70.46865729203746,-0.02983192869506135,0
2023-07-31,QQQ,377.5100402832031,0.0005216033905433015,0.01980172716475348,0.03860109545441914,0.054864472179830814,0.02008102463352901,0.07604723163070859,0.008892270878592517,0.009072586719863548,69.28625368613243,-0.02212784884119945,0
2023-08-01,QQQ,376.6343078613281,-0.0023197592869795836,0.010586568406996122,0.033757310357882986,0.0533159873617044,0.01602637967407028,0.07019682929193127,0.009100079542484358,0.009121275574435107,63.67622569646244,-0.02818770052682995,0
2023-08-02,QQQ,368.3694763183594,-0.02194391581027122,-0.008290827434650594,0.011099897823946492,0.05134593145507349,-0.006810963494565003,0.04418525269577356,0.014248875769567985,0.010545220111594296,43.82144156969347,-0.017308148114641986,0
2023-08-03,QQQ,367.7790832519531,-0.0016027198352775995,-0.007514271210482648,0.01722645956909341,0.04976229989819325,-0.009234635434019922,0.040068127766255124,0.014242170084639728,0.010382966427761337,43.237765643459184,-0.013911762009096829,0
2023-08-04,QQQ,366.0572509765625,-0.004681702559498402,-0.02983192869506135,0.015836855179847786,0.048098104107774375,-0.01463054182133705,0.032763860962761404,0.009101617637205347,0.010416541550699893,35.81206936031141,-0.015589959252899854,0
2023-08-07,QQQ,369.1565551757813,0.008466719866770944,-0.02212784884119945,0.024101930318356946,0.04687795754662405,-0.007448321046482298,0.03908047442233098,0.011017845430259401,0.010553654185380922,35.8464704702573,-0.012900154275749864,0
2023-08-08,QQQ,366.0178527832031,-0.008502361257227697,-0.02818770052682995,0.010402782095316088,0.045177216352900285,-0.016385658290466898,0.02805129963276043,0.011070540575668015,0.010732443628817236,33.09380154844128,-0.014999908701863074,0
2023-08-09,QQQ,361.9936828613281,-0.010994463497545737,-0.017308148114641986,-0.013169679811582458,0.04241857323384268,-0.026568094225655314,0.01472349835759279,0.0075726844409766386,0.010635163265733842,37.55973100989882,-0.014596087325297491,0
2023-08-10,QQQ,362.6626281738281,0.001847947475802414,-0.013911762009096829,-0.027851972608098463,0.038944633729945055,-0.023404925586508196,0.014628211888993548,0.007933247221592402,0.00982556796118014,39.97703778608935,-0.027157552986945444,0
2023-08-11,QQQ,360.3504333496094,-0.00637560819503713,-0.015589959252899854,-0.03384601512598662,0.035301235259683095,-0.027979185732369016,0.006334349709401499,0.008070133137712958,0.009883972088572904,36.45218874819557,-0.022143785511523073,0
2023-08-14,QQQ,364.3943786621094,0.011222257386815926,-0.012900154275749864,-0.03204312408705401,0.03174183644466155,-0.015469147207533673,0.015781670096527867,0.009088334780556196,0.010002678734769862,39.03192377164426,-0.017415890071374895,0
2023-08-15,QQQ,360.5276184082031,-0.010611470649199428,-0.014999908701863074,-0.05008545297312428,0.02770119110114755,-0.023408590800516826,0.0036441544534571157,0.009473836214016988,0.009919899851037375,36.49627159370224,-0.008296590190649544,0
2023-08-16,QQQ,356.7099914550781,-0.010589000004994187,-0.014596087325297491,-0.05992481440053066,0.023298702526643122,-0.03076479564958523,-0.008182872945074804,0.009389468901479311,0.0100635437726473,34.02890702565554,0.0181220742508581,1
2023-08-17,QQQ,352.8135986328125,-0.010923139008166327,-0.027157552986945444,-0.048253741353623925,0.01981669928411267,-0.03901652047212434,-0.019972999841320282,0.009510863820470719,0.009114628557801256,19.76670618416165,0.007362514440797385,0
2023-08-18,QQQ,352.37091064453125,-0.001254736183629812,-0.022143785511523073,-0.0465883580051637,0.01625746651807014,-0.03796635952120209,-0.022326129821860774,0.009661523803477156,0.009117243835177381,19.164672140290975,0.01644638327318515,1
2023-08-21,QQQ,358.0481262207031,0.01611147630145604,-0.017415890071374895,-0.03277248664948129,0.013066998688422204,-0.020845014372688486,-0.008050397459734238,0.011678722864312001,0.009983851483839672,29.604761719780853,0.007859265711094965,0
2023-08-22,QQQ,357.5364685058594,-0.0014290193897799064,-0.008296590190649544,-0.040656824813935066,0.009861210842233126,-0.0202142695537314,-0.010552395885589316,0.010972311185605028,0.009787369513597773,35.67510722200973,0.03134445880781911,1
2023-08-23,QQQ,363.17431640625,0.015768595365812876,0.0181220742508581,-0.022277023547517483,0.007747265152371563,-0.003634743852976574,0.0040843619750050575,0.01187831946616082,0.010555241589583514,44.62804032716873,0.020996435778811273,1
2023-08-24,QQQ,355.41119384765625,-0.021375747699927783,0.007362514440797385,-0.040890159856663666,0.005118581954653312,-0.022901874413018497,-0.017900517579463426,0.015463950493487507,0.011492103594652985,39.11458872897341,0.046425958049182814,1
2023-08-25,QQQ,358.1661376953125,0.0077514267849343454,0.01644638327318515,-0.050745887186787186,0.0017238751946435649,-0.012729509299423514,-0.01102757819010114,0.015577626536988319,0.010735624970373166,38.68278978561862,0.03727816428700215,1
2023-08-28,QQQ,360.8621215820313,0.007527188092282033,0.007859265711094965,-0.04409927399197855,-0.0012633917703158692,-0.003010580520946604,-0.004270168748608527,0.01423700187811425,0.010953057183690315,44.64211525812476,0.030837490581180127,1
2023-08-29,QQQ,368.7432556152344,0.02183973756694635,0.03134445880781911,-0.020951496136669356,-0.0032814151948892256,0.019875141507605276,0.016528507721372376,0.016588379651419294,0.01219988817354589,56.493662828661485,-7.994717196813106e-05,0
2023-08-30,QQQ,370.7996826171875,0.005576853191584519,0.020996435778811273,0.006597197800199517,-0.0039571478067153,0.025218285321471967,0.0211613450323076,0.015738784408968014,0.011224863987632913,57.624970473561184,-0.012736737763576422,0
2023-08-31,QQQ,371.9114990234375,0.00299842868904987,0.046425958049182814,0.011236135929604707,-0.004450802553460531,0.02770521912054824,0.0231311061070818,0.007352338698231116,0.011229053187897891,61.08282785257027,-0.01431253957151657,0
2023-09-01,QQQ,371.5179138183594,-0.0010582765150085605,0.03727816428700215,0.014917510381856847,-0.005012522842411937,0.025843650381072614,0.020701585650794163,0.008699994817620058,0.011168100296421983,57.3427602920193,-0.0016417911796376972,0
2023-09-05,QQQ,371.9902038574219,0.0012712443236140292,0.030837490581180127,0.007676008029415149,-0.005761194940991254,0.026746068053742356,0.0208307838007884,0.009113002986892021,0.01102307450211744,62.70437962623473,-0.013965605291493599,0
2023-09-06,QQQ,368.7137756347656,-0.00880783469209867,-7.994717196813106e-05,0.00736555015298479,-0.006318078960348639,0.01732415625189687,0.010896621904427528,0.005486477756384671,0.011036321027824607,63.465751923972284,-0.0014143338531418248,0
2023-09-07,QQQ,366.076904296875,-0.00715154006207408,-0.012736737763576422,0.01127981406545997,-0.0062973088990997406,0.00948007750242863,0.00312306962690867,0.005194874233629692,0.01085907395414829,65.31134798146624,0.014003041779958147,1
2023-09-08,QQQ,366.5885009765625,0.0013975114892050833,-0.01431253957151657,0.010825137463164936,-0.0061978507328869226,0.010343946359967493,0.004081985391552578,0.004801910211943457,0.010856853335763321,66.38691641118643,-0.00475060212920464,0
2023-09-11,QQQ,370.907958984375,0.011782851879712064,-0.0016417911796376972,0.02929794072017322,-0.005268999570003818,0.020763606666800438,0.015385203662197311,0.008226063819232906,0.011001596416745937,65.30088633747636,-0.015315480316131946,0
2023-09-12,QQQ,366.7951354980469,-0.011088528533035324,-0.013965605291493599,0.0065883476159867005,-0.005076039553774114,0.009111478091737846,0.0039891883147766816,0.009407508256113098,0.011094882613485759,60.146633686015825,-0.0063965459101370525,0
2023-09-13,QQQ,368.1922912597656,0.0038090902155003548,-0.0014143338531418248,0.021259599709457566,-0.004330240263946794,0.01188840395896329,0.007506684049519263,0.009070349879661653,0.01080736697567352,56.06275243186322,-0.024430819089219402,0
2023-09-14,QQQ,371.2030944824219,0.008177257629036205,0.014003041779958147,0.04062993292737338,-0.002811341165615655,0.01813521782192451,0.01527289237189855,0.008739018350112896,0.010549973374077225,71.55519084255646,-0.05007545885122833,0
2023-09-15,QQQ,364.8469848632813,-0.017122997393119954,-0.00475060212920464,0.03410692296753681,-0.0015647241984237947,-0.0009470036257339665,-0.0025102460246686498,0.012573960805535678,0.011031220212941084,58.30280246795594,-0.03339144978806918,0
2023-09-18,QQQ,365.2273254394531,0.0010424659979424433,-0.015315480316131946,0.03648546008354048,-3.260735383170399e-05,-0.0016628207253460703,-0.001695373858993987,0.010636176491905932,0.011010379106075384,55.75628652535008,-0.029811738511998365,0
2023-09-19,QQQ,364.4489135742187,-0.0021313078486058235,-0.0063965459101370525,0.017876891079078305,0.0004894521471003888,-0.004661324130033728,-0.004174153478037179,0.009649502709935658,0.010511143160310744,43.03185942199636,-0.04233921513361527,0
2023-09-20,QQQ,359.1970520019531,-0.014410419064662783,-0.024430819089219402,0.0046445150141838365,0.00038516492632867383,-0.019226970881037753,-0.018849211509532005,0.010651788072135444,0.011051950094102331,32.94210018619462,-0.02606028851412412,0
2023-09-21,QQQ,352.61492919921875,-0.01832454572232567,-0.05007545885122833,-0.02907525871190575,-0.0008129776265267674,-0.03580921463008435,-0.03659308016629348,0.008988326228865121,0.011167504697043956,25.561500715789663,0.00041905801781227936,0
2023-09-22,QQQ,352.6642150878906,0.0001397725524094895,-0.03339144978806918,-0.007729015876025258,-0.000914649492281705,-0.035312142163494764,-0.036194493422875285,0.008974617930118976,0.010131721681850616,25.91231711938758,0.0010057890632835242,0
2023-09-25,QQQ,354.3392639160156,0.004749698882001718,-0.029811738511998365,-0.010684633125626064,-0.0012728888223437762,-0.030222576991879024,-0.03145699583378747,0.009884951700430529,0.010027259546001055,28.121373333151695,0.004588325766220258,0
2023-09-26,QQQ,349.0184326171875,-0.015016205768518032,-0.04233921513361527,-0.03282053797422879,-0.0022342390891914032,-0.04323429860138894,-0.045371941930651416,0.010296719316825062,0.010340862737902514,26.764890765172964,0.0020045230083391985,0
2023-09-27,QQQ,349.8362731933594,0.0023432589793013214,-0.02606028851412412,-0.051274110465639344,-0.00416173076347115,-0.03850063323565822,-0.04250213472937936,0.010642129687936852,0.008820492668175,29.981319464245487,0.013266180686678952,1
2023-09-28,QQQ,352.7626953125,0.008365119181118041,0.00041905801781227936,-0.0486434809689652,-0.006105848265811731,-0.0280484322529313,-0.03398302104731277,0.00899255290738981,0.008977033931628598,33.91544535332875,0.0018996779051516643,0
2023-09-29,QQQ,353.0189208984375,0.0007263398010679545,0.0010057890632835242,-0.05079858561676098,-0.00830648414723989,-0.02480432868056459,-0.03290477606483644,0.008996760289043336,0.008918618383899573,27.01540806916057,0.017947177854519936,1
2023-10-02,QQQ,355.965087890625,0.008345634802490176,0.004588325766220258,-0.041862923291872245,-0.010238654755348464,-0.014548763271481913,-0.02463845826257649,0.009573273835072608,0.00924420161691281,35.655044233908114,0.01467096423743497,1
2023-10-03,QQQ,349.7180480957031,-0.017549585640379894,0.0020045230083391985,-0.0598729631338768,-0.012805331654779817,-0.028849059082671547,-0.04128496896796929,0.010637621480841259,0.00982329547117118,28.315857946453335,0.03851569881254591,1
2023-10-04,QQQ,354.4772644042969,0.013608723754775509,0.013266180686678952,-0.03861128108370682,-0.014406731665500327,-0.013683275169954379,-0.027892875561775998,0.012215851095662313,0.010392462038680255,31.14206281483108,0.03188305706051153,1
2023-10-05,QQQ,353.4328308105469,-0.002946405026864496,0.0018996779051516643,-0.0345393914172587,-0.01553788927868216,-0.014856419604419302,-0.03016347148021037,0.01194873655652768,0.010323258047536114,35.379682856868016,0.0313360682625341,1
2023-10-06,QQQ,359.3546142578125,0.01675504630875646,0.017947177854519936,-0.019732988622063963,-0.01591388692950535,0.002660560353604069,-0.013295666432537767,0.014016972985233068,0.011107564994188511,43.41280039762058,0.0015905284029358313,0
2023-10-09,QQQ,361.18743896484375,0.005100323286001629,0.01467096423743497,-0.02620736434491211,-0.016718027501909982,0.00914294736283039,-0.007727932184539932,0.013818490111205593,0.010801073701290973,46.42625932960601,0.007774902221219682,0
2023-10-10,QQQ,363.1876831054687,0.005537967063189209,0.03851569881254591,-0.009835060619546865,-0.016616071728329795,0.015243183356204781,-0.001626170200139776,0.0077724841117553295,0.010644417597790532,54.70821082587842,-0.0010581522425044954,0
2023-10-11,QQQ,365.7790832519531,0.007135154266043386,0.03188305706051153,-0.0065542056830025786,-0.016327730441629607,0.02283209133532882,0.006131564660957212,0.007027091373448052,0.010739852514825139,67.14584279005948,-0.021146353504036264,0
2023-10-12,QQQ,364.5080261230469,-0.00347493114588715,0.0313360682625341,-0.018036132938789473,-0.016574945539432395,0.020232834368864472,0.003322530701659776,0.00720303428274706,0.010572018453234662,64.95032967168429,-0.026924032327324765,0
2023-10-13,QQQ,359.9261779785156,-0.01256995132113925,0.0015905284029358313,-0.013487316844922437,-0.016766152120040068,0.008102787249183008,-0.008799217434473205,0.008322770579551046,0.01024734108662967,56.57016037806272,-0.02923785115237232,0
2023-10-16,QQQ,363.9956359863281,0.011306368518867238,0.007774902221219682,-0.0033723912953199653,-0.016683284988436964,0.01967665236015148,0.0026650961727716638,0.009577326068686262,0.010586827739658767,68.14716429411857,-0.03719441498149345,0
2023-10-17,QQQ,362.8033752441406,-0.0032754808693153947,-0.0010581522425044954,-0.0045151412688817505,-0.016576885013456444,0.01657102624972251,-0.0002805547604305403,0.009478891297923793,0.010601375426660228,65.57034515915313,-0.024633378198017697,0
2023-10-18,QQQ,358.044189453125,-0.01311781013010982,-0.021146353504036264,-0.003209554595180464,-0.016073969548833444,0.0033979047601691015,-0.012730682606309052,0.009892015381549081,0.010513584603717631,56.07443307537655,-0.03585867229802753,0
2023-10-19,QQQ,354.6940002441406,-0.009356915452535142,-0.026924032327324765,0.0058961515034074985,-0.01502889384818118,-0.0062802987513461694,-0.021214806656258522,0.010127268482253534,0.009867154698547759,51.79856492285591,-0.04530926049073469,0
2023-10-20,QQQ,349.4027099609375,-0.014917901852191107,-0.02923785115237232,-0.009248188467719354,-0.014519802815575966,-0.02065707366810121,-0.034876939847269584,0.010586701521638446,0.010441037741838407,43.29168008106037,-0.026198360273723242,0
2023-10-23,QQQ,350.45703125,0.0030174960268063433,-0.03719441498149345,-0.010956258764864946,-0.0138367132358872,-0.017167173890131004,-0.030766349863829867,0.0073907533664093,0.01040307746373401,50.84514111046969,-0.018191142007646266,0
2023-10-24,QQQ,353.8663024902344,0.009728072020910306,-0.024633378198017697,0.01389001101372811,-0.012089689215601163,-0.008280252666149623,-0.020269836200390356,0.010775177090151281,0.010051172909453641,49.2790085611431,-0.022999974731557238,0
2023-10-25,QQQ,345.2052001953125,-0.02447563453759738,-0.03585867229802753,-0.013237829673217516,-0.011296895230115234,-0.03192500475000737,-0.042861246546240794,0.013726094533576457,0.01150900041264654,41.77010395317559,0.01889586024503509,1
2023-10-26,QQQ,338.6230773925781,-0.019067275924610327,-0.04530926049073469,-0.040082520367966,-0.011898859664606909,-0.0484970896691983,-0.05981888926968959,0.0147557230314054,0.012007814773512137,29.53313083315308,0.0575567720298511,1
2023-10-27,QQQ,340.2489318847656,0.0048013694303019605,-0.026198360273723242,-0.03617366735236771,-0.012413506708333522,-0.04221017247348291,-0.05409970292265709,0.015445496033199835,0.012090345401914719,29.24398219995703,0.06486904935629467,1
2023-10-30,QQQ,344.0818176269531,0.01126494570006642,-0.018191142007646266,-0.03338324646973012,-0.013060389874405054,-0.02979800954387468,-0.04246922579615553,0.01691303651429305,0.012235657132689272,31.72465652415825,0.05730255232143189,1
2023-10-31,QQQ,345.7273864746094,0.004782492893711465,-0.022999974731557238,-0.011411082850381393,-0.012542624309784034,-0.02460925084850918,-0.03684321057035511,0.016065783737643276,0.01171376669192135,30.466494318208845,0.0622166788259475,1
2023-11-01,QQQ,351.7281494140625,0.01735692101410602,0.01889586024503509,-0.0077554056812481065,-0.01227021021151986,-0.0072944995046562155,-0.019475204673866098,0.01382382028483009,0.01197850479558087,38.6008197743198,0.044766840762876736,1
2023-11-02,QQQ,358.1131286621094,0.01815316533147393,0.0575567720298511,0.013242396980577276,-0.01143960204308514,0.010059128132345885,-0.0014955463334735963,0.0064876712316079355,0.012645659295606067,48.433224398343405,0.018242297960118226,1
2023-11-03,QQQ,362.320556640625,0.011748879451122907,0.06486904935629467,0.008253525250922822,-0.011010393201074997,0.021498926199728707,0.010251821367793568,0.005409883536925516,0.012358128697080355,48.555896936151534,0.029044634163597927,1
2023-11-06,QQQ,363.798583984375,0.004079336147675416,0.05730255232143189,0.007229335070496168,-0.010804871678307792,0.025288572247188723,0.014210460790822443,0.006679086502492338,0.012340150884492664,50.85377290075436,0.021667900348898206,1
2023-11-07,QQQ,367.2373962402344,0.009452516879524309,0.0622166788259475,0.011150469366522087,-0.010371102794986764,0.034389842231209,0.023662078847338952,0.005825002470086919,0.012455887269301386,58.06950894992958,0.03388768231710526,1
2023-11-08,QQQ,367.4739074707031,0.0006440281760249356,0.044766840762876736,0.004633464012436583,-0.010454224980095628,0.034809021126930295,0.023990894808636698,0.006808206429036066,0.012361636135752576,61.8664431500429,0.03399999252577679,1
2023-11-09,QQQ,364.64593505859375,-0.007695709422130381,0.018242297960118226,0.00037834265822267454,-0.010799597364311686,0.026825493080580465,0.015736191191899396,0.007700751280824223,0.012465140998588364,64.8321894947393,0.0429109633351461,1
2023-11-10,QQQ,372.8440246582031,0.02248232822968954,0.029044634163597927,0.035890267143776855,-0.009921138085560721,0.04800480773004279,0.03760740731822154,0.011217392475720124,0.013041870714443786,69.1245748585295,0.02021722708675111,1
2023-11-13,QQQ,371.6813354492187,-0.003118433264554299,0.021667900348898206,0.021114812110492487,-0.009738635237180882,0.04360940590793727,0.03344607457370885,0.011931343178855856,0.012889097834619374,65.82635452955762,0.03586869934726722,1
2023-11-14,QQQ,379.6822204589844,0.021526195282568272,0.03388768231710526,0.04652339632586244,-0.008386224234355866,0.0635541193541771,0.05463491602390014,0.014223114313026997,0.01361610917521063,80.99192325861202,0.00814906521575054,0
2023-11-15,QQQ,379.968017578125,0.0007527271590308526,0.03399999252577679,0.06123218521849605,-0.0063731995721370005,0.06109646401102875,0.054333884480597616,0.014211492757433825,0.01313061735311971,91.90966162085168,0.011514126972806293,1
2023-11-16,QQQ,380.2932434082031,0.0008559294862526823,0.0429109633351461,0.07217275495622189,-0.0036103991492505427,0.058222162761467855,0.054401558365315905,0.012436109801328388,0.012817246675789162,91.6905593427988,0.00922380695856484,0
2023-11-17,QQQ,380.38189697265625,0.00023311895751443323,0.02021722708675111,0.08866327057160528,-0.00046910781905562526,0.05392621284371413,0.05343180781656143,0.009905131403812134,0.012094479562959545,90.9879511761782,0.008108081654291999,0
2023-11-20,QQQ,385.0130615234375,0.012175039316117076,0.03586869934726722,0.09860275923180661,0.003072900687056901,0.06167532286643129,0.06493774569549915,0.009490799607586354,0.012215073144597018,91.55719261772472,-0.0014077241570855659,0
2023-11-21,QQQ,382.7762756347656,-0.005809636379143224,0.00814906521575054,0.08169744601586948,0.006054767216672863,0.051316858537089116,0.057682337386494975,0.00651662219251386,0.012377106434764307,85.68502294271433,0.0034494654428796068,0
2023-11-22,QQQ,384.343017578125,0.004093100965469221,0.011514126972806293,0.11337551508687826,0.010735891710550227,0.049976681986756644,0.06124911794316934,0.006573710889149376,0.010408989634434127,83.90207498601704,-0.0031535271290993316,0
2023-11-24,QQQ,383.8009948730469,-0.0014102577132624194,0.00922380695856484,0.13341653447940383,0.016365049312611735,0.04206533945095159,0.059118790118029896,0.006774056321534745,0.008854027509714386,80.6693594419244,0.0011041323381246748,0
2023-11-27,QQQ,383.466064453125,-0.0008726668882989008,0.008108081654291999,0.12701621818168118,0.021785044651845054,0.035083148610950854,0.05763248122181275,0.006857829242098699,0.008994977017185418,79.02839311099049,-0.007323354833616347,0
2023-11-28,QQQ,384.4710693359375,0.0026208443874837783,-0.0014077241570855659,0.11738269690487857,0.02674354068615714,0.03216948187322077,0.059773348406707116,0.003864726179845409,0.008937930860783866,77.40508411570522,-0.007432323666563212,0
2023-11-29,QQQ,384.0966491699219,-0.0009738578423139632,0.0034494654428796068,0.11098126499773375,0.03145800330081161,0.025880601932846803,0.05815275729468894,0.0024965315516600984,0.009057607443621081,76.3181443063857,-0.01221103093346243,0
2023-11-30,QQQ,383.1309814453125,-0.0025141269175252834,-0.0031535271290993316,0.08928154338389871,0.03509840329682912,0.019027932493878685,0.05479418583928286,0.001930275304564015,0.008751831267653254,81.10067549666142,0.0041151191499164685,0
2023-12-01,QQQ,384.2247619628906,0.002854847481798428,0.0011041323381246748,0.07291448207535112,0.037828575701751355,0.01840070046631337,0.05692534845861985,0.00238752472558815,0.008125396173143406,75.16329108457656,0.005718778069775388,0
2023-12-04,QQQ,380.6578063964844,-0.009283512983868425,-0.007323354833616347,0.05061056961790755,0.039680055199323716,0.006500392279033429,0.04643838340280637,0.004945353105502001,0.008366725388412391,67.9399993412956,0.02381428632701832,1
2023-12-05,QQQ,381.6135559082031,0.0025107839525646547,-0.007432323666563212,0.048969327281915165,0.04161783364913352,0.006656583903521751,0.04855145015422346,0.004922846372235459,0.008358534805018757,55.37290978985832,0.029383721161773124,1
2023-12-06,QQQ,379.4064331054687,-0.005783659329086754,-0.01221103093346243,0.0331367039136552,0.0426874806368005,-0.0007693721951019805,0.0418852658810176,0.005257490964656534,0.008378737049902975,48.58857421605339,0.04853909827474867,1
2023-12-07,QQQ,384.7076110839844,0.013972293340218656,0.0041151191499164685,0.04689776134555945,0.04426441297611117,0.01089804651220394,0.05564485511976436,0.009023104158558677,0.00881214361381717,58.8748211537942,0.03319409120934247,1
2023-12-08,QQQ,386.4220581054687,0.004456493638515635,0.005718778069775388,0.05971854051622927,0.04652371731213867,0.012506264854916571,0.0596118200977962,0.009139566021449648,0.008497765338375443,61.39826311303573,0.03358226695070199,1
2023-12-11,QQQ,389.722900390625,0.008542064863842125,0.02381428632701832,0.045270608125999034,0.04764686057357581,0.018902052303211736,0.067449536327433,0.00733975684964414,0.007297249139998923,59.35767400573345,0.03128333871033395,1
2023-12-12,QQQ,392.8267822265625,0.00796433012488218,0.029383721161773124,0.05689133341007602,0.04922079808182733,0.024185909565511476,0.07459715741848805,0.0073309481654707095,0.0072896125780324205,69.30358564242508,0.028362554563542863,1
2023-12-13,QQQ,397.8224792480469,0.012717302504601458,0.04853909827474867,0.04777747761571072,0.05010415521917566,0.03476380034483939,0.08660976641250118,0.0038425470372202247,0.0062968413703817045,72.87624520794976,0.0003594703128995125,0
2023-12-14,QQQ,397.4776306152344,-0.0008668404899198068,0.03319409120934247,0.04608180748662405,0.05066449125547834,0.03151786738202511,0.08377919535387135,0.005084185317848167,0.006328864657119159,73.36725968256607,0.012877069736091373,1
2023-12-15,QQQ,399.39898681640625,0.004833872533148265,0.03358226695070199,0.0502395026453184,0.051034658544408806,0.033940827176852206,0.08670764424694632,0.0050477727795951504,0.006344439000092778,75.82241592839809,0.009512354760333963,0
2023-12-18,QQQ,401.9147338867187,0.006298831878281286,0.03128333871033395,0.05660846923956098,0.05161537600833577,0.03756160918478457,0.09111574177467108,0.004934669388860882,0.006376629946668793,76.95109899021891,0.009334817116127159,0
2023-12-19,QQQ,403.9683532714844,0.00510958970054709,0.028362554563542863,0.04923285374538655,0.05182643708670187,0.04031777941388737,0.09423374335885848,0.004842264957528752,0.006013923138577384,79.18798836704752,0.0062479815459950405,0
2023-12-20,QQQ,397.9654846191406,-0.014859749789136512,0.0003594703128995125,0.039681688629177536,0.05155993905342804,0.02285841380314224,0.07559693127911848,0.008812773396433809,0.006935795350857704,68.98058665642071,0.020929589304363727,1
2023-12-21,QQQ,402.5959777832031,0.011635413981928577,0.012877069736091373,0.04749132772099296,0.051527533146805915,0.03233823375695821,0.0855320763155849,0.010142128576477163,0.007254983505891008,71.55496769554892,0.004819794023240176,0
2023-12-22,QQQ,403.1982116699219,0.0014958765610000313,0.009512354760333963,0.05053977726996561,0.051758772914855644,0.03131767864220669,0.08469741617412452,0.010068211420095329,0.0072046862899047435,78.42415724715867,-0.013659477267595754,0
2023-12-26,QQQ,405.6665344238281,0.006121859379492944,0.009334817116127159,0.05789422331898919,0.052261056426916586,0.034693490695330675,0.08876766559712257,0.010049333000580089,0.00720247994780169,79.21698850400861,-0.030034422184325615,0
2023-12-27,QQQ,406.4923400878906,0.002035676088577132,0.0062479815459950405,0.057276795338563335,0.05283661262636463,0.03389622440345019,0.08852379870811622,0.009896807619113102,0.007204616570262957,84.04348109592617,-0.03698672539165149,0
2023-12-28,QQQ,406.2947387695313,-0.0004861132643153576,0.020929589304363727,0.05779297905249137,0.0531494990613528,0.03048458039030555,0.08525431962849872,0.004819942406244073,0.007191936620028657,81.12531582184977,-0.03537568654173162,0
2023-12-29,QQQ,404.5364074707031,-0.0043277235244377765,0.004819794023240176,0.055869734012742533,0.05366016698057541,0.023247295532033085,0.07815491627270421,0.003812479029254435,0.007273933651432029,76.0850935918767,-0.011159451197731651,0
2024-01-02,QQQ,397.6907348632813,-0.016922265786219914,-0.013659477267595754,0.035047124062481005,0.053383761345839664,0.004221380480915915,0.057830494994898896,0.008804462204100598,0.008499557314759154,60.41098446785918,0.00784927019313919,0
2024-01-03,QQQ,393.4825744628906,-0.010581489663915256,-0.030034422184325615,0.033691068069278574,0.053495507389265784,-0.008011017404126575,0.04505593654440121,0.007714298215771833,0.008592748970512827,50.83284176975291,0.025531663408858263,1
2024-01-04,QQQ,391.45751953125,-0.0051464920254851165,-0.03698672539165149,0.025795634014151414,0.0533912916023751,-0.014339343630492385,0.038286351894720294,0.006384969813387926,0.00872399764209842,41.256951320426,0.03298189483662939,1
2024-01-05,QQQ,391.9217834472656,0.0011859879881004343,-0.03537568654173162,0.03298665823707281,0.053712605913788014,-0.014722799809408937,0.03819900616026861,0.006869132620674117,0.008563431057567315,42.39332080971228,0.03228734483250251,1
2024-01-08,QQQ,400.0220031738281,0.020667949750877712,-0.011159451197731651,0.03980787395053764,0.05414731022596042,0.003708729169137559,0.058056857103963244,0.01440552009337237,0.009178914021106772,50.72955477682378,0.011285389956195102,1
2024-01-09,QQQ,400.8123168945313,0.001975675623922424,0.00784927019313919,0.037239744696807575,0.05436300420462303,0.0038793741579143948,0.05845327279619528,0.011808905803513323,0.009160625643746244,48.65470184015828,0.003598115947700764,0
2024-01-10,QQQ,403.5288391113281,0.006777541762798656,0.025531663408858263,0.03542501276385157,0.05416290020488068,0.008938827917907233,0.06358588096725426,0.009685638698583954,0.009101286546818311,49.47219282223284,0.010991441849110606,1
2024-01-11,QQQ,404.3685302734375,0.0020808702643373422,0.03298189483662939,0.02938126565977961,0.05381497229947185,0.009581588147542952,0.06391219334775977,0.008201184384088,0.00898526849166742,58.77786396036605,0.028899316455688773,1
2024-01-12,QQQ,404.5758972167969,0.0005128167199834888,0.03228734483250251,0.016975958677637237,0.05277497193224989,0.00924846298244364,0.06251152228900847,0.008315728148785105,0.008588103334395645,53.088840220910306,0.029715075110828826,1
2024-01-16,QQQ,404.5364074707031,-9.760775756884055e-05,0.011285389956195102,0.017758928583082367,0.051561952474926676,0.008262242625837635,0.06025021246237383,0.0026986830574142646,0.008581602274592712,52.12500969217648,0.034088725663667496,1
2024-01-17,QQQ,402.2544860839844,-0.0056408307004703895,0.003598115947700764,0.007149490514082757,0.04975526120849305,0.002218165876070044,0.05208379250713069,0.0044642227655158385,0.008649248394686934,44.54951582018072,0.04572578488476853,1
2024-01-18,QQQ,407.9642028808594,0.014194289919448932,0.010991441849110606,0.015051622854527436,0.047871404595005274,0.015678512110187448,0.06430046910186693,0.0073054929104003795,0.009101415135445389,52.03384026826619,0.032349451544268826,1
2024-01-19,QQQ,416.0545043945313,0.01983091030179085,0.028899316455688773,0.02991855927616327,0.04646321806714626,0.03426429081115745,0.08231953809417836,0.010734887107082584,0.010018514728011135,61.07126141370722,0.0062445015041874274,0
2024-01-22,QQQ,416.597900390625,0.0013060692537976148,0.029715075110828826,0.046819175259170676,0.046041679539386315,0.033222268456206905,0.08079355703342528,0.01064342585068767,0.00924986475641383,64.07011722991373,0.015222751606466245,1
2024-01-23,QQQ,418.3265380859375,0.004149415284358415,0.034088725663667496,0.039072820323121205,0.04477893338882044,0.03548960532729195,0.08185772538905867,0.010203653270499777,0.009001670258392934,77.33576966923494,0.0042976499964546555,0
2024-01-24,QQQ,420.64788818359375,0.005549134196165539,0.04572578488476853,0.043278159497287305,0.0433465789323324,0.03899179506216832,0.08402853491687634,0.0077285558985129175,0.009036311845692707,87.87875435211654,-0.02080632395008919,0
2024-01-25,QQQ,421.16162109375,0.0012212896453007716,0.032349451544268826,0.03819661065197222,0.04172289708682686,0.0382738355471024,0.08159362793557912,0.007728922651728876,0.008989528268262657,93.24128371894658,-0.010484308535613995,0
2024-01-26,QQQ,418.6525573730469,-0.005957484241292277,0.0062445015041874274,0.02991499737123471,0.03996500569277783,0.030543647254248407,0.07172932998342052,0.00443961972110797,0.009159911972370705,86.72644664414784,0.01226957328208722,1
2024-01-29,QQQ,422.9396667480469,0.010240256029727002,0.015222751606466245,0.040967618800393346,0.03867378485689965,0.038968211515441276,0.07914904460074723,0.005992342451920941,0.009348676488090013,85.17286536472774,0.0007008499311669247,0
2024-01-30,QQQ,420.1243591308594,-0.006656522994956227,0.0042976499964546555,0.0385328770718496,0.03764436087724987,0.030080082413380227,0.06885678876821677,0.007298665170683389,0.009446298562760145,77.90466632154234,0.0053844675913903295,0
2024-01-31,QQQ,411.895751953125,-0.019586122534664407,-0.02080632395008919,0.03571875290161608,0.03708625340522742,0.00814919102189715,0.04553766739041021,0.010997201129175746,0.009740375050451831,60.42847872707037,0.03602170852782094,1
2024-02-01,QQQ,416.74603271484375,0.01177550566792629,-0.010484308535613995,0.05912195294469669,0.03764959062000406,0.01712494079497584,0.055419278425302476,0.013097692730877417,0.009524990731919994,64.02509111782729,0.02586040617946761,1
2024-02-02,QQQ,423.7892456054687,0.016900491756916658,0.01226957328208722,0.08259319200952953,0.03911246647877964,0.03025000410639178,0.07054562285676558,0.015206523482321136,0.009813803781732846,68.8506144280558,0.018740846474539996,1
2024-02-05,QQQ,423.236083984375,-0.0013052752679068025,0.0007008499311669247,0.07989936221884641,0.04061424372117162,0.025003750935322477,0.06663350309092486,0.014608763481518844,0.009867352187677307,68.16356100664058,0.016081147340034407,1
2024-02-06,QQQ,422.3865051269531,-0.0020073403227434117,0.0053844675913903295,0.05590817948933324,0.041031241037708055,0.020183414396294008,0.0620428059750604,0.01420354854426691,0.00911278019517968,70.11453668198543,0.0022451077653895535,0
2024-02-07,QQQ,426.7329406738281,0.010290185633578863,0.03602170852782094,0.06467022765200481,0.041579934257628404,0.02746503422857871,0.07018696280381498,0.008391585961470858,0.009263374461442247,69.27759862383024,0.0028474199547527945,0
2024-02-08,QQQ,427.5232543945313,0.0018520101107153408,0.02586040617946761,0.059461463364167244,0.04220674004809477,0.026403017177863086,0.06972414250846937,0.008189479868116026,0.009228072708419426,63.85777899709874,0.0039742075890480955,0
2024-02-09,QQQ,431.7314147949219,0.0098431146309228,0.018740846474539996,0.06766818501672556,0.04301807377262401,0.033112598934471826,0.07755511293086226,0.005962466353238321,0.009352754426947114,66.79823554080434,-0.014826703235144012,0
2024-02-12,QQQ,430.0422058105469,-0.003912638567608928,0.016081147340034407,0.06294568897687824,0.044009053048899016,0.025944367850472716,0.07109520796042346,0.006594011450731808,0.009474242568703451,63.01581091188219,-0.018422292449918665,0
2024-02-13,QQQ,423.3348083496094,-0.015597067846620627,0.0022451077653895535,0.046468996440740984,0.044469823633251915,0.007683064564529829,0.052494552723929555,0.010765178939986202,0.010343548404856582,52.72001893154185,-0.006860375718136802,0
2024-02-14,QQQ,427.9480285644531,0.010897332616773392,0.0028474199547527945,0.06387384943944263,0.04559908948050184,0.015558569086406626,0.06186711515086829,0.010905793191514437,0.010334315119985294,56.343497100345466,0.011195178549869622,1
2024-02-15,QQQ,429.2223205566406,0.002977679314149606,0.0039742075890480955,0.05210780143371885,0.04612352187862001,0.01601979918363039,0.06288221062038768,0.010949205951130105,0.010002517981241785,60.11338909348295,0.005224334839201372,0
2024-02-16,QQQ,425.3302612304687,-0.009067700209822505,-0.014826703235144012,0.02229457135534685,0.045532278452166786,0.0057027350839780055,0.05149467205792746,0.010310029138950617,0.009453167327170144,52.30479896009678,0.013888492269119368,1
2024-02-20,QQQ,422.1198425292969,-0.007548060868944884,-0.018422292449918665,0.013254848700615662,0.044521592819178446,-0.0025395501298598466,0.04186897787249322,0.010521742503295394,0.009650523792164314,51.90932153502584,0.02405685704831484,1
2024-02-21,QQQ,420.4305725097656,-0.004001873044890081,-0.006860375718136802,0.005029646059404147,0.04323255924592839,-0.0067781647264936185,0.03616135711131796,0.00827250323807203,0.009669414588519576,59.33440361001434,0.022696923327402363,1
2024-02-22,QQQ,432.7389831542969,0.0292757269554782,0.011195178549869622,0.028743981154675247,0.04262666553573946,0.020841165951526186,0.06435622089765625,0.01576442135020321,0.011608904558380755,65.03799550401365,0.0021229914743952083,0
2024-02-23,QQQ,431.4647216796875,-0.0029446422074598244,0.005224334839201372,0.024463531504082647,0.041843789318923186,0.016599718446557388,0.05913810288691179,0.01592499451128788,0.011651120056020677,58.09543673707975,0.020216029779104083,1
2024-02-26,QQQ,431.2374572753906,-0.0005267276624891792,0.013888492269119368,0.030060487343756437,0.04139589459076087,0.014560058890881855,0.05655868014472487,0.014986385849240537,0.011536449605478288,58.49758252756321,0.017111500284945125,1
2024-02-27,QQQ,432.2747192382813,0.0024053150889169483,0.02405685704831484,0.02207183015490366,0.040492484618546154,0.015884836543361036,0.057020537661307547,0.013879963700754967,0.011357273956282948,60.459739540325074,-0.003542166350930631,0
2024-02-28,QQQ,429.9730529785156,-0.005324545149948845,0.022696923327402363,0.023442329952090724,0.03971179019506921,0.009307674171616487,0.049389088770593004,0.014101480972556037,0.011312886328574401,53.58235585481626,0.008087026256769603,0
2024-02-29,QQQ,433.6576843261719,0.008569447136586916,0.0021229914743952083,0.052833592650218586,0.04027564568838704,0.015363472023113056,0.05625789146724647,0.005375189082462241,0.010293437917563902,56.37442403985495,0.014692512611632846,1
2024-03-01,QQQ,440.1872253417969,0.015056901449286508,0.020216029779104083,0.05624814824090385,0.04061568215860056,0.02783107093546522,0.06957713102531393,0.007954712976752674,0.0104715347142125,58.382230687410654,-0.014788767791026891,0
2024-03-04,QQQ,438.6165771484375,-0.003568136699423241,0.017111500284945125,0.03498751253535226,0.040016241807822484,0.022393783041620985,0.06330613988662903,0.008489179688204104,0.010010114925472689,58.5197862571161,-0.014931757592995809,0
2024-03-05,QQQ,430.7435302734375,-0.017949724851223703,-0.003542166350930631,0.017738199962505252,0.03877159602067426,0.003164352717706098,0.04205863574361812,0.012858383474557412,0.010928821263203346,57.19489085663918,0.01745220765669364,1
2024-03-06,QQQ,433.45025634765625,0.006283846149704342,0.008087026256769603,0.026193429682081826,0.038069742696169584,0.008169232650072633,0.04654997593125554,0.012849809321508147,0.0109684792033731,55.54889417285631,0.0033272554022312217,0
2024-03-07,QQQ,440.0292053222656,0.01517809455240604,0.014692512611632846,0.03115828046328506,0.03743694226546124,0.021891170000778448,0.060147650733682,0.014022213590158062,0.011229502444397,59.845177275466995,-0.01416538888569474,0
2024-03-08,QQQ,433.6773986816406,-0.014434966051794507,-0.014788767791026891,0.014394876123931422,0.03634916745350636,0.006421020816482104,0.04300358703086915,0.013884853102393324,0.011786612766706506,57.278138628931224,-0.011616705983171438,0
2024-03-11,QQQ,432.0672607421875,-0.0037127550210084292,-0.014931757592995809,0.0007779048171074887,0.034761972647265216,0.0026453536926951404,0.037499284052668225,0.013886748098924276,0.011626722192611589,58.92247210264713,0.0015283253684494902,0
2024-03-12,QQQ,438.2609558105469,0.014335025194271989,0.01745220765669364,0.01911149624141939,0.034075209571901244,0.016049383096008007,0.05067147876040545,0.012601665070431175,0.012004861380423894,64.79747827989753,-0.010165702999143211,0
2024-03-13,QQQ,434.8924560546875,-0.00768605943833045,0.0033272554022312217,0.02730143488586756,0.03391495353706575,0.006890992002304808,0.04103965321295311,0.013364021649303223,0.011550423018301304,52.09856863730584,0.009328197440156005,0
2024-03-14,QQQ,433.7960205078125,-0.0025211647882370514,-0.01416538888569474,0.013665191922898723,0.03319701961374388,0.0036729849834624684,0.03699193675174328,0.010650890710537129,0.011358497775616915,52.279762068187544,0.016667900137801617,1
2024-03-15,QQQ,428.6394958496094,-0.011886980088399057,-0.011616705983171438,-0.001357862066155846,0.032028492931663655,-0.008190784041924859,0.02357537042094715,0.009996105738950479,0.011685963360007698,47.68285645849665,0.03007527094314333,1
2024-03-18,QQQ,432.72760009765625,0.009537395148209171,0.0015283253684494902,0.017391988159477068,0.03173080210011481,0.00041232138044877686,0.032156206768688245,0.011208863906373242,0.01166694076835021,50.3830804417299,0.016640857320697977,1
2024-03-19,QQQ,433.80572509765625,0.002491463451272047,-0.010165702999143211,0.02768380301276241,0.03165458989103831,0.001551900525050609,0.03325561519076081,0.008420794746766087,0.011497866660774856,53.31048477017266,0.010830712969293055,1
2024-03-20,QQQ,438.94921875,0.011856675361271218,0.009328197440156005,0.04404685922264662,0.032370171377720025,0.011265141697340608,0.043999967642397664,0.009584394004132222,0.011649468216675186,54.45822647984898,0.0023887112778206987,0
2024-03-21,QQQ,441.0264892578125,0.004732370896405547,0.016667900137801617,0.019151281548768218,0.03180850971617488,0.015081774611881649,0.04737001310233557,0.009293289355285535,0.009794619428191532,50.76444795799747,-0.004171730711903909,0
2024-03-22,QQQ,441.5309448242187,0.001143821468082562,0.03007527094314333,0.02333035040580711,0.03153948375416138,0.015066954486157025,0.04708164220655919,0.004590796174003353,0.009750644144917914,52.70714792733007,-0.0032035336256639457,0
2024-03-25,QQQ,439.9285583496094,-0.0036291600699634996,0.016640857320697977,0.020153864019907264,0.03120722496712136,0.010373720791384544,0.04190468079698895,0.005669714820924425,0.009804074568000844,59.656941543378046,-0.008206746326318126,0
2024-03-26,QQQ,438.504150390625,-0.003237816531684201,0.010830712969293055,0.014410815333639304,0.03063456434032452,0.006382400902381402,0.03721248731379556,0.006409468644057517,0.009843952035974969,55.46080104674752,-0.002751984424142595,0
2024-03-27,QQQ,439.9977416992187,0.003406105295156614,0.0023887112778206987,0.023314690656216497,0.030379715510946648,0.008649944252396624,0.03929244260891651,0.003801076119907129,0.009753012928277587,49.961805733066825,-0.02133397735001452,0
2024-03-28,QQQ,439.1866455078125,-0.001843409896318593,-0.004171730711903909,0.012749598085023406,0.029351165787503852,0.006152960675274155,0.03568472303164216,0.003020778647294262,0.009615774013223097,57.72723887337019,-0.007972820741021569,0
2024-04-01,QQQ,440.1164855957031,0.0021171866162175146,-0.0032035336256639457,-0.0001607037688083901,0.027459636358777573,0.008291344490138686,0.03597865815354084,0.0032056565950254216,0.009013833701889845,61.509439890245474,-0.009776492249165325,0
2024-04-02,QQQ,436.3181762695313,-0.008630236427137561,-0.008206746326318126,-0.005240114028176257,0.02538451515660256,-0.00014720918999333588,0.02523356913269481,0.00477067606570872,0.009189561026618902,47.017764773450246,0.0025391553662605926,0
2024-04-03,QQQ,437.2973937988281,0.0022442739783821164,-0.002751984424142595,0.015215233810314421,0.024334252535977763,0.0013447933515651211,0.025711770428568537,0.004937999714232384,0.008194843637262817,53.98389355388283,-0.008436873074800788,0
2024-04-04,QQQ,430.61083984375,-0.015290632987751462,-0.02133397735001452,-0.006550732090532807,0.0227782072698981,-0.013645746811546289,0.0088216348091259,0.0075760430479074915,0.008828672915814479,45.54811290011615,0.02303948277054646,1
2024-04-05,QQQ,435.6850891113281,0.011783840066402762,-0.007972820741021569,-0.009872336104954638,0.02087926670710405,-0.001525935093470765,0.01932147120783889,0.010542422345381736,0.008543674226333902,59.8702380280559,-0.004994561353113158,0
2024-04-08,QQQ,435.8136901855469,0.0002951697853168511,-0.009776492249165325,0.004925992247694966,0.01984530046785893,-0.0014756450223498696,0.018340370826656738,0.010414466930017473,0.007885201452653517,54.86280284021352,-0.021652234761174505,0
2024-04-09,QQQ,437.4260559082031,0.0036996674472749014,0.0025391553662605926,0.012402687389020173,0.019159320933358925,0.0016036823207603579,0.020793728718377924,0.009873964013279354,0.007862056796862372,55.6101607226799,-0.02516803725964567,0
2024-04-10,QQQ,433.60797119140625,-0.008728526033662032,-0.008436873074800788,-0.010616927101194995,0.01746750606152281,-0.006609650042148418,0.010742401917198663,0.01059531815492196,0.007427959541047239,41.36849809045851,-0.028583310823279584,0
2024-04-11,QQQ,440.5318908691406,0.015968155886779023,0.02303948277054646,0.012967423867531913,0.016702998096875366,0.008601411791240077,0.02544807925289505,0.009718979208848942,0.008079366442108759,49.30897071727705,-0.049307294198429164,0
2024-04-12,QQQ,433.509033203125,-0.015941769055947352,-0.004994561353113158,-0.0006615720087785881,0.015438330508651399,-0.007444870580782692,0.00787852355524854,0.012192744726196202,0.008876800029638953,40.51906344092693,-0.053893835113054234,0
2024-04-15,QQQ,426.3773498535156,-0.01645106053941847,-0.021652234761174505,-0.005277502465352413,0.014451564614226697,-0.02352057758745474,-0.00940892211999711,0.013942590256868463,0.009249436771008953,35.835401448212,-0.028395094511103225,0
2024-04-16,QQQ,426.4169006347656,9.276004286706829e-05,-0.02516803725964567,-0.014583538146091146,0.013311904703643185,-0.02272378941785058,-0.009714381633443514,0.013512494583623786,0.00896146221274913,36.98894466815273,-0.013987432323117943,0
2024-04-17,QQQ,421.2140197753906,-0.01220139457800562,-0.028583310823279584,-0.029026139107387383,0.011669037787458869,-0.033252998843119275,-0.02197199155570695,0.013836655070289737,0.009282884149924764,31.275899433992222,0.0015734287393711632,0
2024-04-18,QQQ,418.8104553222656,-0.005706278376979679,-0.049307294198429164,-0.045879483474383975,0.009312099938320939,-0.03654291101166962,-0.027571102312726414,0.007107358140591592,0.008776674290237133,30.313498238883227,0.0024562830940408897,0
2024-04-19,QQQ,410.14556884765625,-0.020689279277762873,-0.053893835113054234,-0.070020556955943,0.0061359186971010615,-0.05311278379539863,-0.04730276082144269,0.008308308437732205,0.009513200702389016,24.808735207855648,0.039431011968317664,1
2024-04-22,QQQ,414.2703247070313,0.010056809515128773,-0.028395094511103225,-0.0617411314806946,0.003237485237376214,-0.040571010370646476,-0.03746487318041081,0.011713018669811585,0.009945095375069393,31.569400976959713,0.03325998669594621,1
2024-04-23,QQQ,420.4524230957031,0.014922860798788129,-0.013987432323117943,-0.044271131946902686,0.0009051355789748694,-0.024052543593719555,-0.023169178827716186,0.014968525631047029,0.01073067433741862,37.045529433742985,-0.0011292418699194728,0
2024-04-24,QQQ,421.8767700195313,0.003387653027044024,0.0015734287393711632,-0.03791841047862787,-0.00098525530011484,-0.018852993499143933,-0.01981967378749072,0.014099093082888514,0.010799216645713372,42.69162528970688,-0.011699676028558481,0
2024-04-25,QQQ,419.8391723632813,-0.004829840847021871,0.0024562830940408897,-0.04581516545536668,-0.0033160501311780832,-0.021297590255604737,-0.024543016509821936,0.014009448351058797,0.01074410810119071,36.03076444612328,0.0057720670277359165,0
2024-04-26,QQQ,426.3180236816406,0.015431745641764971,0.039431011968317664,-0.029301031708950154,-0.0053664848694687795,-0.004701630016819114,-0.010042883659940882,0.008559400868875366,0.011452703523213717,42.471815944496115,0.010394364501346676,1
2024-04-29,QQQ,428.0489501953125,0.004060176716723651,0.03325998669594621,-0.02741895792441651,-0.007201884885011167,0.000749179088513019,-0.00645810129805191,0.008583133605026109,0.011492490031311465,42.579760528843806,0.017331075290803577,1
2024-04-30,QQQ,419.9776306152344,-0.01885606675684004,-0.0011292418699194728,-0.037450985411624726,-0.00895215016175932,-0.016241884813886998,-0.02504863518388245,0.012696934505733119,0.01204855563984046,39.89435477265641,0.03704755189845077,1
2024-05-01,QQQ,416.9409484863281,-0.0072305806489211255,-0.011699676028558481,-0.04655057542342611,-0.011074094454693206,-0.02102099149813763,-0.03186229750744918,0.012842114117378277,0.01206587253214961,31.43965441071957,0.04398374185469667,1
2024-05-02,QQQ,422.2625122070313,0.012763351117281108,0.0057720670277359165,-0.01938717483226371,-0.012038595351854808,-0.007553246249639156,-0.01950091112630159,0.014298156356737068,0.012108180564886321,40.9083328563732,0.03307559361344725,1
2024-05-03,QQQ,430.7493286132813,0.020098436780220164,0.010394364501346676,-0.011328734036123111,-0.012765091328529987,0.012980939141624903,5.0144939421903345e-05,0.015553834398468185,0.012695407650196397,53.45852431210229,0.015109749387769877,1
2024-05-06,QQQ,435.4674987792969,0.010953401091082116,0.017331075290803577,-0.0007943564280934456,-0.013108644796745228,0.024118213855863102,0.010693411960549515,0.016060818790941334,0.012951348238316285,56.666178153762885,0.006428091330265451,0
2024-05-07,QQQ,435.5367736816406,0.00015908168241707266,0.03704755189845077,-0.004319089366178419,-0.013473107059478462,0.02450873471202253,0.010705418845876613,0.010829521462513132,0.012922858793301519,61.41239750610343,0.012740626201462435,1
2024-05-08,QQQ,435.2795715332031,-0.0005905406018035242,0.04398374185469667,0.0038550959688399278,-0.013478984757978929,0.023702456273076322,0.009903986468265957,0.008814359398933906,0.012765260513675823,63.587372500362555,0.029177940693843718,1
2024-05-09,QQQ,436.2290954589844,0.0021814116440996845,0.03307559361344725,-0.009767273378703867,-0.01446952824156067,0.026454929798624516,0.011602611203214375,0.008858121487577503,0.012234119771381995,74.65868392004714,0.024851628492506217,1
2024-05-10,QQQ,437.2578430175781,0.0023582735982141667,0.015109749387769877,0.008647593307926638,-0.014389501381126601,0.02842200495422542,0.013623525093555688,0.004617914239663252,0.01168406258404767,73.08302602136155,0.021942809444261968,1
2024-05-13,QQQ,438.2667236328125,0.002307289923656919,0.006428091330265451,0.02788462797890534,-0.013356210526635937,0.02935564935513657,0.015607358595567389,0.0013951588940761986,0.010984031970079904,69.96228041077761,0.0266995814533737,1
2024-05-14,QQQ,441.0857849121094,0.006432295967920165,0.012740626201462435,0.034400335107514834,-0.012257633157219172,0.034195225475897706,0.021518439789066646,0.002508285820783436,0.011034662044423682,70.87273105908113,0.022133533201891042,1
2024-05-15,QQQ,447.9801330566406,0.015630402022375423,0.029177940693843718,0.06354516237499142,-0.010146271272367002,0.04707453010758522,0.03645062788272746,0.005791667642320901,0.010937094670862738,77.65893819441817,0.006204267159729104,0
2024-05-16,QQQ,447.0700988769531,-0.002031416378842965,0.024851628492506217,0.06747597438307107,-0.00789629637609468,0.04150780565314016,0.03328375134168682,0.00668409980012642,0.010810758558529084,72.90387032713271,0.0037169633313363093,0
2024-05-17,QQQ,446.8525085449219,-0.0004867029411670387,0.021942809444261968,0.08949734554099242,-0.004195759452052417,0.03656886506458923,0.03221967145129123,0.007068772624006159,0.009284912872190566,71.47053596629695,0.013701861496935308,1
2024-05-20,QQQ,449.96826171875,0.006972665732534189,0.0266995814533737,0.08617063516911094,-0.0007845069494946122,0.039492550911213176,0.03867706178107544,0.007036203669789808,0.00921020794467007,88.61423291612344,0.010485629954369635,1
2024-05-21,QQQ,450.84857177734375,0.001956382557363634,0.022133533201891042,0.07229390773357935,0.0019677482821243153,0.037882214755189825,0.03992450570032169,0.0071406310187644385,0.008864190434126602,96.22429256449064,0.0014041447178800848,0
2024-05-22,QQQ,450.759521484375,-0.00019751707899995363,0.006204267159729104,0.06846253104551492,0.004584913403115065,0.03423889124963453,0.038980787004147865,0.0035045237877962187,0.008903456421235047,95.31280631843336,-0.009128472938741083,0
2024-05-23,QQQ,448.7318420410156,-0.0044983618686126325,0.0037169633313363093,0.06881842281437689,0.007188912845381701,0.026185097703126825,0.03356225293374404,0.0041877634329048116,0.008887714631609004,85.98571688556284,-0.006502700447393872,0
2024-05-24,QQQ,452.9752197265625,0.009456377479802436,0.013701861496935308,0.06252889759319324,0.009510264292066584,0.032741235738929175,0.04256287783612178,0.005582609363630684,0.008555143700097613,85.71425014100359,-0.010525165511336865,0
2024-05-28,QQQ,454.68646240234375,0.00377778430531861,0.010485629954369635,0.06223006082569982,0.012012825308237662,0.03350441933538617,0.04591972738015393,0.005142198803921433,0.008553659713935525,86.61116135243152,-0.01155158617603158,0
2024-05-29,QQQ,451.4816284179687,-0.007048448215155267,0.0014041447178800848,0.07501351383068533,0.015135581060121694,0.022558610688571346,0.038035629429373774,0.006580381877156632,0.007273182673093086,77.83817115387222,0.015533302014647754,1
2024-05-30,QQQ,446.644775390625,-0.010713288698573353,-0.009128472938741083,0.07124228745613581,0.017930042446967054,0.008212217926266474,0.026289505789235168,0.00824760053052043,0.007582467380900811,65.78718766854496,0.026176482967350312,1
2024-05-31,QQQ,445.8138732910156,-0.0018603197560805862,-0.006502700447393872,0.05577421723015119,0.020152807427687547,0.0036687419205554406,0.023895484797669786,0.008115566148797503,0.007340780253193893,63.0467397576457,0.02717937705690332,1
2024-06-03,QQQ,448.20758056640625,0.005369297410419804,-0.010525165511336865,0.04052995743331422,0.02183772619732105,0.00707862322614039,0.02907093045932818,0.006875171915249483,0.006150262301759027,64.54415727989227,0.025820416690667702,1
2024-06-04,QQQ,449.4341125488281,0.0027365266354306694,-0.01155158617603158,0.03207268925621887,0.022824361323577458,0.008252491079007607,0.031265210240791985,0.006665380268853884,0.005784722447465902,62.81117290807697,0.03004157585592293,1
2024-06-05,QQQ,458.49462890625,0.02015983234124774,0.015533302014647754,0.05271163449768901,0.02442295207020262,0.025936738752200483,0.05099314254980536,0.01131065916963065,0.00710212907850528,65.12947520496033,0.022911148810912163,1
2024-06-06,QQQ,458.33636474609375,-0.0003451821464818261,0.026176482967350312,0.05297007882009419,0.026278445472802003,0.022943800438461448,0.04982517332002456,0.008810368645702645,0.0070965455293008056,66.56968889615001,0.02881055607364802,1
2024-06-07,QQQ,457.9308166503906,-0.000884826356572832,0.02717937705690332,0.049748449650228954,0.027859851862869878,0.019569517052678842,0.04797457276166428,0.008623421447266737,0.007139236104610677,66.20366733323812,0.03505706616324167,1
2024-06-10,QQQ,459.7804870605469,0.004039191823092425,0.025820416690667702,0.05150883946994944,0.029416759713724705,0.02112748068928183,0.05116574242579963,0.00864536835651409,0.007147931929109835,64.9038216401078,0.04352132043310242,1
2024-06-11,QQQ,462.9358215332031,0.006862697659983041,0.03004157585592293,0.05628786437607536,0.03088953523373772,0.025326408486591845,0.05699826470762015,0.008554916338608437,0.0072124615240938125,67.17255408980586,0.0367292724121544,1
2024-06-12,QQQ,468.999267578125,0.013097811322615449,0.022911148810912163,0.06328356891296694,0.03265085261999445,0.035554845861741624,0.06936659451389438,0.0057483615509790545,0.0075374525980281375,72.15286992490678,0.015438209681206017,1
2024-06-13,QQQ,471.5412902832031,0.005420099519994892,0.02881055607364802,0.05259420114414648,0.03385438184560674,0.03846643574819075,0.07362307499785614,0.0050565749228912785,0.006968359964951607,77.36110419637967,0.007257823125509377,0
2024-06-14,QQQ,473.9845275878906,0.005181385713264097,0.03505706616324167,0.06020180901954064,0.03554162366438196,0.040762667564471444,0.07775306261898618,0.0035965321093648544,0.006902981370203785,76.33926282676681,-0.009342224926399578,0
2024-06-17,QQQ,479.7907409667969,0.012249795174652744,0.04352132043310242,0.0737116426382638,0.03776187634060291,0.049715767772706254,0.08935500478812042,0.0038197230589697866,0.007152261622376212,78.54245646029503,-0.010139053566634249,0
2024-06-18,QQQ,479.9391174316406,0.000309252455653386,0.0367292724121544,0.06660659931527291,0.03965323815255428,0.04660897824566779,0.08811041331264469,0.005361821342525948,0.007141419318148018,84.77157284692906,-0.008401537645187473,0
2024-06-20,QQQ,476.2397766113281,-0.007707937706993406,0.015438209681206017,0.0563186986128994,0.04110309843158566,0.0356744698392879,0.0782438995161725,0.007382972299468063,0.007549125837393002,87.19543300043802,0.0018805639705423705,0
2024-06-21,QQQ,474.9636535644531,-0.002679580979050522,0.007257823125509377,0.053696330141563386,0.042408968807665204,0.030188020921100067,0.07387723256637346,0.007628552679537241,0.007620545274951392,86.23041081715853,-0.0006422674843604703,0
2024-06-24,QQQ,469.5564575195313,-0.011384441744841989,-0.009342224926399578,0.04640770617881018,0.0436007377521237,0.016164986520220914,0.06047052961037935,0.00907435312030476,0.008100758346546185,74.6854507010844,0.01679467343488339,1
2024-06-25,QQQ,474.9261169433594,0.011435599144336672,-0.010139053566634249,0.04845937760137842,0.04467412674104887,0.025350038941532427,0.0711566565351458,0.008760107795139258,0.008204189772931842,76.89884138055406,0.01585381001195252,1
2024-06-26,QQQ,475.9068908691406,0.0020651084259033503,-0.008401537645187473,0.04667046464211477,0.04566037106231757,0.025119246277170992,0.0719265714453099,0.008910006279229339,0.008197996154670241,72.15007069357351,0.022212101856056155,1
2024-06-27,QQQ,477.1353759765625,0.0025813559983935974,0.0018805639705423705,0.05682124353207185,0.04694527791053171,0.02493360245962739,0.07304939526693688,0.008331749061360354,0.007896346016589778,73.2802629132396,0.03021118568278447,1
2024-06-28,QQQ,474.6585998535156,-0.005190929551131318,-0.0006422674843604703,0.06272059141045672,0.04862686778787784,0.016554612271855174,0.0659864790019562,0.008634286194221177,0.007484903519555361,69.70447741449377,0.038049744454873524,1
2024-07-01,QQQ,477.4425048828125,0.005865068135615825,0.01679467343488339,0.0709458217581096,0.05033729799752562,0.01906532270354222,0.07036231753141498,0.006059944535887414,0.007415949455196362,70.35691045757846,0.03288931887812696,1
2024-07-02,QQQ,482.45550537109375,0.010499694595711873,0.01585381001195252,0.0764108557945582,0.05233724921321503,0.026015130818600074,0.07971394041678259,0.005754564900704463,0.00757258160910017,71.57416770497659,0.03281438755977417,1
2024-07-03,QQQ,486.477783203125,0.008337095933722338,0.022212101856056155,0.08242291721964534,0.05448964952700863,0.030509989607178545,0.08666211777495514,0.006126685799542025,0.007637745610206289,70.23098682295631,0.0018124442628850712,0
2024-07-05,QQQ,491.5502014160156,0.010426823974349242,0.03021118568278447,0.07209587730312239,0.056053588163366586,0.03762212235524531,0.0957845654709446,0.006529938270167274,0.006819896504126607,71.87828682174687,-0.0027007936926266574,0
2024-07-08,QQQ,492.71923828125,0.0023782654586788077,0.038049744454873524,0.07501668246246074,0.05756333189980145,0.03632905494294869,0.09598360829003716,0.00343403381988121,0.006765867443423256,71.07221682553526,-0.0023927522745763596,0
2024-07-09,QQQ,493.145263671875,0.0008646412754473864,0.03288931887812696,0.07689905492507831,0.05941340502869252,0.03339812334269898,0.09479582460074942,0.0045699666282258975,0.0067153400644819694,67.08902282722714,-0.0028727580209740866,0
2024-07-10,QQQ,498.2869873046875,0.010426387540515059,0.03281438755977417,0.08374974869055252,0.0611443136128218,0.039976877015081014,0.10356554933337403,0.004554021811211747,0.006880535750095387,70.81827367295513,-0.04213054637629354,0
2024-07-11,QQQ,487.3594970703125,-0.021930113594744838,0.0018124442628850712,0.05275823213727615,0.06145957670670388,0.014584156952291094,0.07694006977190693,0.013264836349444677,0.00895957991770662,60.8390135593644,-0.025288175252833556,0
2024-07-12,QQQ,490.2226257324219,0.005874777611436066,-0.0027007936926266574,0.045252433471575815,0.06131050688735451,0.01829505942793297,0.08072724568234824,0.012544097850456445,0.008655074958972362,64.42740620278691,-0.039569984713901496,0
2024-07-15,QQQ,491.540283203125,0.0026878756743111687,-0.0023927522745763596,0.04241196546735204,0.06077394209027198,0.01891571519298929,0.08083923986299602,0.012562468089849618,0.008623929944149032,72.5279392154753,-0.02787463822715286,0
2024-07-16,QQQ,491.72857666015625,0.0003830682112242467,-0.0028727580209740866,0.037435924675780496,0.05989243881681072,0.017434879854520524,0.07837153614629644,0.01255204356707769,0.008600832642509807,69.26401897770889,-0.031671954541939606,0
2024-07-17,QQQ,477.29388427734375,-0.02935500003041025,-0.04213054637629354,-0.005204053509706874,0.05702440557372901,-0.012176754351370889,0.04415327904365407,0.016015660404630653,0.010727747121353215,51.21527694217294,-0.038171694235140885,0
2024-07-18,QQQ,475.0350646972656,-0.004732555045196429,-0.025288175252833556,-0.010218072576827386,0.05415247475854312,-0.0163525012899437,0.03691444505525676,0.014138380156341102,0.010774148804477073,48.1923552725926,-0.04425531652454984,0
2024-07-19,QQQ,470.8245239257813,-0.008863642043282938,-0.039569984713901496,-0.011370853405145875,0.0516342761295987,-0.024524286646880666,0.02584369569411149,0.012766770848734305,0.010818090129352158,46.79580530656575,-0.025818354161511126,0
2024-07-22,QQQ,477.8387756347656,0.014897804495183964,-0.02787463822715286,0.006053351764362613,0.04981407453400344,-0.010286616858003361,0.03901503937713291,0.01605957038439569,0.011334692372729138,50.30929966552284,-0.038190371444404736,0
2024-07-23,QQQ,476.1545715332031,-0.0035246283630397945,-0.031671954541939606,0.014051801243511575,0.04839178678154288,-0.01444842611676711,0.03324417550880421,0.015792486791976874,0.011038322705497441,44.81238621339796,-0.04804208366626317,0
2024-07-24,QQQ,459.07476806640625,-0.03587029189240043,-0.038171694235140885,-0.03337645227635189,0.04543342029333797,-0.048239115964701096,-0.0049973637015664485,0.01824682544368483,0.01343721762629153,31.431273905160182,0.01659540188960129,1
2024-07-25,QQQ,454.0122375488281,-0.011027681915303678,-0.04425531652454984,-0.04600616998910578,0.04208333367842876,-0.05659366153458867,-0.016891977798603963,0.018215053025466176,0.013567104232549336,24.56025983179758,0.003033190735838742,0
2024-07-26,QQQ,458.6686096191406,0.010256049694721492,-0.025818354161511126,-0.03870341057739757,0.03863366840217508,-0.04508590879969776,-0.008194074447700928,0.02012548026248172,0.013817576523982886,27.965188912240365,-0.030714880776023246,0
2024-07-29,QQQ,459.5899353027344,0.0020086957430087704,-0.038190371444404736,-0.03174632157814394,0.03541300460194119,-0.04166453939642656,-0.007727001319868698,0.01759778126501897,0.013820558709056617,28.42401710787037,-0.06150037553512344,0
2024-07-30,QQQ,453.2791137695313,-0.013731418049975574,-0.04804208366626317,-0.05061005433358323,0.03165308896654162,-0.05243667516159767,-0.02244336893905563,0.0175942679571896,0.013963358026487693,21.48871625780626,-0.039341684031226065,0
2024-07-31,QQQ,466.69329833984375,0.029593652482150068,0.01659540188960129,-0.032670799391388616,0.028624476671859966,-0.022784838081314707,0.005187434524414503,0.017583302399884333,0.01547034909318878,37.30836700576489,-0.07705861250855484,0
2024-08-01,QQQ,455.3893432617187,-0.02422137861918383,0.003033190735838742,-0.06390515870367208,0.02454378778848154,-0.043340578063498225,-0.01986053222563733,0.02095937714254631,0.0160768897659076,30.61747715786545,-0.02521431494207471,0
2024-08-02,QQQ,444.5806579589844,-0.023735042250477956,-0.030714880776023246,-0.09555390949230702,0.01915849839677808,-0.06141636672790818,-0.04343451369462259,0.02256862329798699,0.01636806353362134,26.366208552977696,0.003699267553124219,0
2024-08-05,QQQ,431.3249816894531,-0.0298161335456798,-0.06150037553512344,-0.12460292154606778,0.012697277696328557,-0.08346151473592345,-0.07182397106915295,0.02417016651408032,0.017179539296871674,23.133865035238173,0.03677328521556711,1
2024-08-06,QQQ,435.44635009765625,0.009555134951980238,-0.039341684031226065,-0.1170018609620268,0.006517367276894781,-0.0689965087693688,-0.06292881708094744,0.026018046758359302,0.017482603667808117,29.50710405249008,0.052442386856944134,1
2024-08-07,QQQ,430.7305603027344,-0.010829783723905972,-0.07705861250855484,-0.13557734543174893,-0.0005176432931951469,-0.07237986668163299,-0.072860043022278,0.015794951610965394,0.017069064699772568,28.813737411002094,0.06430993967130494,1
2024-08-08,QQQ,443.9070129394531,0.030590939791822036,-0.02521431494207471,-0.08915899739733679,-0.005395430688134861,-0.03950899852431744,-0.04469126114935673,0.024896177111285923,0.018638467649919915,38.14472092883841,0.0588077983245503,1
2024-08-09,QQQ,446.2252807617187,0.005222417656604472,0.003699267553124219,-0.0897497232098754,-0.010312087988998075,-0.029875217047847347,-0.039879229169957564,0.022672700210961818,0.018619930363772123,35.47566923518899,0.05466125834449831,1
2024-08-12,QQQ,447.1862182617187,0.0021534806328311618,0.03677328521556711,-0.09023485247714147,-0.015055768097620215,-0.023075890121163622,-0.03778423296847344,0.01505853736720168,0.01860941462444134,36.60189649852653,0.06621911177189088,1
2024-08-13,QQQ,458.2821960449219,0.02481287957919398,0.052442386856944134,-0.06801797211462424,-0.019048543823040553,0.004835427955647065,-0.014305223728709793,0.017036143956884308,0.019719095514855664,49.611949754134734,0.038220373175957834,1
2024-08-14,QQQ,458.4308166503906,0.00032429932201472056,0.06430993967130494,-0.03952086596607696,-0.02148325830547415,0.007244246504866325,-0.014394641819500342,0.014027450708878238,0.018750538292889272,52.2727344077184,0.04272466640451533,1
2024-08-15,QQQ,470.01220703125,0.025263114869722214,0.0588077983245503,-0.010573656639887519,-0.022725108434438535,0.03326052698952964,0.00977956947266767,0.012432845482826343,0.01968396025267143,55.44666341367634,0.0009063485302596153,0
2024-08-16,QQQ,470.6165161132813,0.0012857306108033928,0.05466125834449831,-0.00044179477051364824,-0.023438690131608375,0.034612676960996236,0.010362711019473503,0.013043784515809367,0.019583412982328758,55.31061417337652,0.010462441157157887,1
2024-08-19,QQQ,476.7984924316406,0.013135910251121041,0.06621911177189088,-0.0021770589917970984,-0.024459284034245687,0.048323130890663535,0.02268189767253892,0.012122682617746476,0.019517480356980164,61.34146251730981,-0.01232144712150407,0
2024-08-20,QQQ,475.79791259765625,-0.00209853816626282,0.038220373175957834,-0.000749040242118082,-0.0254404824056651,0.04616420361948714,0.01954928160386893,0.011505409473389235,0.019506249627094376,54.98751866516253,-0.007287627062527169,0
2024-08-21,QQQ,478.0171203613281,0.00466418137808966,0.04272466640451533,0.04126202007290858,-0.02428360018341691,0.04885947234055266,0.023389388265645072,0.010972345036913156,0.017577893764428584,63.765656694677,-0.023108767967139232,0
2024-08-22,QQQ,470.4382019042969,-0.015854910073727968,0.0009063485302596153,0.036179563009471005,-0.0230743592468019,0.030373082150841446,0.00659788349505841,0.010624093031441087,0.017800386226119055,66.37393404201374,-0.008823884864140652,0
2024-08-23,QQQ,475.5403137207031,0.010845445365094353,0.010462441157157887,0.03678408277290224,-0.022108343229742755,0.03962706499216262,0.016642633008385754,0.011670992831757168,0.017815379459503365,81.22291144434368,-0.007770830171400567,0
2024-08-26,QQQ,470.9236450195313,-0.00970825935881281,-0.01232144712150407,0.024660482848327225,-0.021743118411657658,0.028260195769184815,0.005902612574581134,0.010722359755784897,0.018005279948094338,74.8784667680764,-0.028463843378355058,0
2024-08-27,QQQ,472.3304748535156,0.0029873841521079747,-0.007287627062527169,0.0420300880963842,-0.020632936044164163,0.029191358880138685,0.0079561193951585,0.010999376017489616,0.017651767059842616,80.59165967225775,-0.03387458750139316,0
2024-08-28,QQQ,466.9707336425781,-0.011347438914670382,-0.023108767967139232,0.0005944702949909342,-0.021256492926111648,0.017481918309372624,-0.004146178889617103,0.011117825970488862,0.01665457599860275,69.16370157295351,-0.021873456257825552,0
2024-08-29,QQQ,466.287109375,-0.0014639552724119431,-0.008823884864140652,0.02393065686435758,-0.020681092195861783,0.014787557254620776,-0.006199357776175418,0.009173518976355178,0.015648014401808685,67.13488417676786,-0.04667911401153557,0
2024-08-30,QQQ,471.844970703125,0.011919397333489679,-0.007770830171400567,0.06132590848488051,-0.01824123943875322,0.023845681887759707,0.005169467656111593,0.009546768660184867,0.014644650371426643,69.52772004446814,-0.045793283099038296,0
2024-09-03,QQQ,457.5193481445313,-0.03036086733582477,-0.028463843378355058,0.0607300007351248,-0.015422590955951887,-0.01005252052502592,-0.02532007556884397,0.016154711579468937,0.014709419331405722,49.42528471363563,-0.006820973914477557,0
2024-09-04,QQQ,456.3304748535156,-0.002598520250208347,-0.03387458750139316,0.047960270538898175,-0.013141983095665055,-0.014850744047567699,-0.027797558916001552,0.015591110407326896,0.014677756384570076,48.44206126721283,0.017390045915087304,1
2024-09-05,QQQ,456.7564697265625,0.0009335227352142983,-0.021873456257825552,0.060422713924770166,-0.010263325862949424,-0.016693490086724494,-0.026785485221123895,0.015656984124816673,0.014349747027035616,38.217608214939034,0.026418594619788793,1
2024-09-06,QQQ,444.521240234375,-0.026787205662378688,-0.04667911401153557,0.0013836845938850484,-0.0095501993025352,-0.04309678993636845,-0.05223540630571177,0.01836592728877705,0.014286259069037374,30.779293993251116,0.059395147847683516,1
2024-09-09,QQQ,450.2376403808594,0.012859678298995147,-0.045793283099038296,0.008991780143633887,-0.008461407471078708,-0.031209706550000438,-0.03940703597690676,0.01864127744767788,0.014528531502760164,30.301266283471097,0.041323663508589625,1
2024-09-10,QQQ,454.3986206054687,0.009241742252134921,-0.006820973914477557,0.016128409260432353,-0.00708676384827267,-0.023014495580951366,-0.029938161133954755,0.015555487755145004,0.014655650896617757,34.83998370736904,0.03233335128753834,1
2024-09-11,QQQ,464.2660827636719,0.021715431585279,0.017390045915087304,0.01305720966337387,-0.006104360480685522,-0.0024405502948433577,-0.008530012776757911,0.018548799536838093,0.014403886963602511,41.21073451617432,0.006017654160688668,0
2024-09-12,QQQ,468.8233337402344,0.009816032542016018,0.026418594619788793,0.022669761090187146,-0.004606104168131342,0.006228062124759015,0.0015932708537154117,0.018655507768762607,0.014544877804004267,48.92635086714069,0.02142763732991515,1
2024-09-13,QQQ,470.9236450195313,0.004479963193258385,0.059395147847683516,0.001939179397144164,-0.004189078555622783,0.010637076149448754,0.006403438046233667,0.006390325544736702,0.01343713326287391,46.80298722327633,0.014936661545881025,1
2024-09-16,QQQ,468.8431091308594,-0.0044179898603002865,0.041323663508589625,-0.003768263377299408,-0.004116203975376154,0.006363595890199747,0.002221198056122642,0.009479063612058514,0.013472981974678565,48.506793514566695,0.022142672051274292,1
2024-09-17,QQQ,469.0908508300781,0.0005284106653034026,0.03233335128753834,-0.016165406820508266,-0.004731771960996611,0.007728978627493888,0.002960634902140491,0.010017731290697256,0.013111089292024617,47.6355742768585,0.026530773293820475,1
2024-09-18,QQQ,467.0598754882813,-0.004329599134587525,0.006017654160688668,-0.01836501774812116,-0.005577440199257766,0.0043085386727186314,-0.0012929321433322594,0.006074172866028607,0.013132798531688765,50.068382479289816,0.031950421761588466,1
2024-09-19,QQQ,478.8691101074219,0.025284198534063274,0.02142763732991515,0.0017823414890447697,-0.005626080489809837,0.029607362360706047,0.023814708467163825,0.01229905265360169,0.014341724095476389,58.24460224489021,0.01406378183768986,1
2024-09-20,QQQ,477.9576721191406,-0.001903313387820682,0.014936661545881025,0.015983970231170597,-0.004894972909137207,0.0268176447186943,0.021791400165172226,0.012604375307273956,0.01385129045123579,54.26518818904379,0.010351610873826855,1
2024-09-23,QQQ,479.22454833984375,0.0026506033789270855,0.022142672051274292,0.007747470640952825,-0.00457525749201626,0.02913205179750289,0.024423507667242328,0.011938659828651747,0.013661029740770042,68.52001529021722,0.010413335345658137,1
2024-09-24,QQQ,481.53619384765625,0.004823720979696633,0.026530773293820475,0.022535604105597296,-0.003685082308176324,0.032919266043034634,0.029112873529964833,0.011739155711630027,0.013476110946082248,71.10251393350853,-0.008447251780185017,0
2024-09-25,QQQ,481.9826354980469,0.0009271196144642335,0.031950421761588466,0.020435185020667435,-0.002814938864279526,0.032807724181500575,0.029900433579373997,0.010863281521416144,0.013469614288732456,71.11240404915503,-0.00796594470154921,0
2024-09-26,QQQ,485.6038208007813,0.007513103244876307,0.01406378183768986,0.03990204485162674,-0.0009361969838624917,0.03849408787634845,0.0375218528435195,0.0036041615069842114,0.013210119034044702,90.1758289771025,-0.016099152691389285,0
2024-09-27,QQQ,482.9053039550781,-0.005557033800214328,0.010351610873826855,0.03563940380499209,0.0009664283353818526,0.03089129643687838,0.03188757899645345,0.0049250700839427635,0.013298694219100737,83.95059144122878,0.001170954637372823,0
2024-09-30,QQQ,484.2148742675781,0.002711857380265581,0.010413335345658137,0.026216033512066472,0.002549954246810149,0.032323903560135925,0.03495628228210279,0.004926946504648579,0.013089007667540434,82.93944990502693,-0.012231866217366605,0
2024-10-01,QQQ,477.4685363769531,-0.013932529232666524,-0.008447251780185017,0.04360293900864676,0.005228033243851238,0.01578092414840504,0.021091460588322786,0.008302916855069651,0.011398823309804894,65.66571068526481,0.01668504340077326,1
2024-10-02,QQQ,478.1431884765625,0.0014129770826967203,-0.00796594470154921,0.04780025622888506,0.008099457673334198,0.014861465833155396,0.023081293319968887,0.008343617118524826,0.01134514887457592,62.18107701696372,0.023238878014495645,1
2024-10-03,QQQ,477.7860107421875,-0.0007470099814932407,-0.016099152691389285,0.046041035889900606,0.011088503976545372,0.011845152938775527,0.023065001940785423,0.006763635676276499,0.011362780047876072,59.3973267270459,0.02284107681533798,1
2024-10-04,QQQ,483.47076416015625,0.011898116081586751,0.001170954637372823,0.08762128870432595,0.015399477709790776,0.01967871853128922,0.035381238228459955,0.009290159913977202,0.009243064958434764,68.2314484393388,0.01239429454052643,1
2024-10-07,QQQ,478.2920227050781,-0.010711591763101103,-0.012231866217366605,0.062310166472281825,0.018837340130496205,0.005780786803372573,0.024727021581105735,0.01029305349064894,0.009583800415462772,60.21273367034343,0.03194349808740338,1
2024-10-08,QQQ,485.43511962890625,0.014934593480001812,0.01668504340077326,0.06830236188235483,0.022384963131308888,0.017481398076241383,0.04025768165897059,0.010314295068810478,0.009857379628306887,68.31675216836851,0.003167839943047923,0
2024-10-09,QQQ,489.2546997070313,0.007868363708511517,0.023238878014495645,0.0538239123448514,0.02515299531859938,0.02280874830373736,0.04853545196164366,0.010413598341138437,0.008943873524783163,62.313951022812574,-0.004542194567355939,0
2024-10-10,QQQ,488.69915771484375,-0.0011354862661926424,0.02284107681533798,0.04239512529387501,0.026864490263440066,0.019529225008106055,0.0469183579466288,0.010465238932054246,0.008817206487408897,62.844328967679004,-0.002720359212558976,0
2024-10-11,QQQ,489.4630432128906,0.0015630996820596987,0.01239429454052643,0.03936816167425694,0.028320567174133338,0.019151959528774576,0.048014921059259086,0.009644675621719449,0.00880013507034897,62.391933709738474,0.0022499294675855097,0
2024-10-14,QQQ,493.5703430175781,0.008391440092650804,0.03194349808740338,0.052740956207201206,0.030131643492049554,0.0250652537142686,0.05595215449527413,0.006306976182431205,0.008776922873785129,63.95853377254735,-0.004180899732788235,0
2024-10-15,QQQ,486.972900390625,-0.013366772781804204,0.003167839943047923,0.03812065302255152,0.03170847827193746,0.009488914071398069,0.04149827136899287,0.0088391925912676,0.009472706294071863,55.06545838214856,0.010410519988308664,1
2024-10-16,QQQ,487.0324096679687,0.0001222024414417877,-0.004542194567355939,0.04276225646402909,0.03344354879648037,0.007526554001497265,0.041221817473996,0.007888557927413033,0.009370000136023404,51.56314070670563,-0.005194473014042411,0
2024-10-17,QQQ,487.3697204589844,0.0006925838698201847,-0.002720359212558976,0.01775142762842985,0.0333104423727868,0.007338635143731231,0.04089353069956836,0.007916366307070394,0.00762342699661967,55.151063593047304,0.0021781286578050896,0
2024-10-18,QQQ,490.5643005371094,0.006554736463965094,0.0022499294675855097,0.02637603527122856,0.033312228972788516,0.012622205448367785,0.04635490821919386,0.008535215699687128,0.007693554068182157,57.02060919200466,0.0017190248768710337,0
2024-10-21,QQQ,491.50677490234375,0.001921204547910449,-0.004180899732788235,0.02562937688615663,0.033415720401615445,0.013283173625951106,0.04714276084349733,0.007458183226572916,0.007688695277011866,67.8077710719774,-4.035839747107417e-05,0
2024-10-22,QQQ,492.04254150390625,0.0010900492707734966,0.010410519988308664,0.021818396603379586,0.03334414824856635,0.013290322341017458,0.047077625067993845,0.002587774418035294,0.007643683562182801,67.69393815547991,0.008468453940737808,0
2024-10-23,QQQ,484.5025329589844,-0.015323895616578542,-0.005194473014042411,0.005228191381487557,0.03246890969678784,-0.002496053327080583,0.029891812239631887,0.008336872276478113,0.008481705334669572,57.228286108587675,0.016422402392918256,1
2024-10-24,QQQ,488.4312744140625,0.008108815099653333,0.0021781286578050896,0.00582255223737449,0.031974667667806544,0.005299918106727253,0.03744404889466302,0.009318169190920853,0.008509388406977885,55.54817525224252,-0.017204214005246854,0
2024-10-25,QQQ,491.4075927734375,0.006093627732879137,0.0017190248768710337,0.01760653434270476,0.03156231493488293,0.010541638018603194,0.04243667145255903,0.009244889437854271,0.008484291880338286,65.42951738756116,-0.015929134732590833,0
2024-10-28,QQQ,491.4869384765625,0.0001614661724642641,-4.035839747107417e-05,0.015018258619138969,0.03062445578536188,0.009949644913680666,0.04087880315978154,0.009204860857361951,0.008474903131702781,58.53864794622233,-0.018954310214861825,0
2024-10-29,QQQ,496.2093811035156,0.009608480423896948,0.008468453940737808,0.03925042866440709,0.030249440657609927,0.017694140968985028,0.04847881949382349,0.010186960249161747,0.007942025831577612,59.56873089012437,-0.015894917209565262,0
2024-10-30,QQQ,492.459228515625,-0.007557601147222814,0.016422402392918256,0.029940905536426365,0.029694512147329544,0.008522238608575261,0.03846981447378961,0.007043834695722023,0.008222706465830563,54.75533619659558,0.018534100469334236,1
2024-10-31,QQQ,480.0281982421875,-0.025242760321310675,-0.017204214005246854,0.004692869714868708,0.028149549462380463,-0.01716129863934024,0.010505167998153597,0.01384218731223024,0.01017007188126188,40.78672023678613,0.061361840671489754,1
2024-11-01,QQQ,483.5798950195313,0.007398933625878179,-0.015929134732590833,0.0002257238026888153,0.026731907280152623,-0.00990040177055218,0.01656684888743376,0.014076033076921964,0.00994695176298018,40.137141893052295,0.054797675064650386,1
2024-11-04,QQQ,482.171142578125,-0.0029131741329928573,-0.018954310214861825,0.00811035871162491,0.025847678105492156,-0.01317661447684082,0.012330478739133843,0.013963203298523264,0.009650986264990754,44.718482893072654,0.057262301813746364,1
2024-11-05,QQQ,488.3221740722656,0.012756946550661619,-0.015894917209565262,0.005947353882361117,0.02467579817962018,-0.0008829362930836693,0.023771074728762942,0.01476377867367333,0.009489892147162868,51.25099234598588,0.04205510025690962,1
2024-11-06,QQQ,501.5865173339844,0.027163098392815943,0.018534100469334236,0.025205312558749915,0.024418406782651392,0.024963128955237,0.04999109557528514,0.01954198620030457,0.011133888405550095,61.02475799565688,0.013192818904030457,1
2024-11-07,QQQ,509.4836120605469,0.015744232457716167,0.061361840671489754,0.0425301619976004,0.024768554999333947,0.038894199612515834,0.06462610773410749,0.011046264865717234,0.011570418540062608,63.67413307547341,-0.009444161488045388,0
2024-11-08,QQQ,510.0789489746094,0.001168510428931624,0.054797675064650386,0.0421194328102763,0.025491549302242733,0.03792653312065908,0.06438488851181012,0.01200876250055456,0.01157180532232293,63.49093256495596,-0.03417355963022484,0
2024-11-11,QQQ,509.7813720703125,-0.0005833938155948015,0.057262301813746364,0.03284441474668798,0.02578571704594701,0.035612936890826674,0.06231695905061563,0.011372789398857431,0.011489884253656801,62.93033184380009,-0.02689572089367931,0
2024-11-12,QQQ,508.8586120605469,-0.0018101093141519309,0.04205510025690962,0.044942360555107363,0.026922601434739235,0.03144543614264328,0.05921463052159237,0.01268082773274983,0.010972290850576724,69.64940788339854,-0.018424184937771537,0
2024-11-13,QQQ,508.203857421875,-0.0012867123070209319,0.013192818904030457,0.043470305740720194,0.02797038401908747,0.02791266689340488,0.0566637789244977,0.007407745750176852,0.010991229551019846,66.84130740374135,-0.017725642209393322,0
2024-11-14,QQQ,504.6719665527344,-0.006949752186175773,-0.009444161488045388,0.0355012742224845,0.028818831968794978,0.018985897468677626,0.048351880826399185,0.003042741784117062,0.011177199442671943,61.1920136905807,-0.007293181128410042,0
2024-11-15,QQQ,492.6477355957031,-0.02382583490651413,-0.03417355963022484,0.004247017274417786,0.02824458049357781,-0.005501468901705442,0.0225877249106452,0.00979542586473684,0.012485580979999505,50.81513108916017,0.018567335442348343,1
2024-11-18,QQQ,496.0704345703125,0.0069475585236795645,-0.02689572089367931,0.009285039191729405,0.02798810242062011,0.0009468031099195695,0.028961404752952502,0.01144749586830165,0.01257052337602551,49.90061525552554,0.013139520090634127,1
2024-11-19,QQQ,499.4833068847656,0.006879813987320738,-0.018424184937771537,0.015122199308452045,0.02774508090082306,0.007077137525596022,0.03501857417961296,0.01271537446573562,0.012650332938055116,55.0484944118136,0.011619551429764341,1
2024-11-20,QQQ,499.1956176757813,-0.0005759736211778943,-0.017725642209393322,0.030326125700648854,0.028313323011612823,0.005008431322392148,0.03346355966781722,0.012752276125854934,0.012076144322892328,66.68974951478191,0.004233006199793277,0
2024-11-21,QQQ,500.9913024902344,0.0035971566072907635,-0.007293181128410042,0.0257150365550185,0.028406247172428012,0.007349983838755181,0.03596501646882033,0.012911289774949417,0.011989284963661225,65.63897445681042,0.009426014085964773,0
2024-11-22,QQQ,501.7948913574219,0.001603997640663879,0.018567335442348343,0.021137847149165667,0.028221935093764028,0.007913213031186306,0.03635847430949957,0.0032918519172539466,0.01193748973307592,67.81982832822601,0.018782367860977534,1
2024-11-25,QQQ,502.5885620117187,0.0015816634803711427,0.013139520090634127,0.0225878302474678,0.02828017131108629,0.008383100961195211,0.03690034780358231,0.0028029210455297387,0.011935747740443243,64.3512921599772,0.020292526083529383,1
2024-11-26,QQQ,505.2870788574219,0.005369236488195872,0.011619551429764341,0.018294087334097542,0.027528864660500307,0.012874958450922458,0.04075825610012762,0.0022568407754125766,0.011815324160014015,54.727536986758544,0.02739000028205174,1
2024-11-27,QQQ,501.3087158203125,-0.007873470752716272,0.004233006199793277,0.017969989782426588,0.02685472465668659,0.004009597206468207,0.030971998492118624,0.005127694177758517,0.011827532330693532,38.39440522599441,0.03267363426928682,1
2024-11-29,QQQ,505.7136535644531,0.00878687643986531,0.009426014085964773,0.0535082218426397,0.02777125098225497,0.010233272320851583,0.03828871407709866,0.00622844591498274,0.01019510898771554,44.4076596476687,0.03284023963225402,1
2024-12-02,QQQ,511.21978759765625,0.010887849268838012,0.018782367860977534,0.05715682736770633,0.028261812508082462,0.01842095844691838,0.04720338062884699,0.0073950608167325784,0.01030968680762505,51.625776774578085,0.013759361018168326,1
2024-12-03,QQQ,512.787353515625,0.0030663248097948514,0.020292526083529383,0.06349656425682793,0.029199741719629912,0.018437952110211597,0.04817607726929851,0.007315587858302321,0.0102205837411883,54.37668668190192,0.007216442571976289,0
2024-12-04,QQQ,519.1268920898438,0.012362899612783806,0.02739000028205174,0.06308277537488882,0.030076618606853733,0.027884463254498337,0.058799752227714386,0.008241508269150597,0.01020141572235156,60.800474594928666,0.012727833869758731,1
2024-12-05,QQQ,517.6882934570312,-0.002771188807077829,0.03267363426928682,0.0321016924630082,0.02984847638529131,0.02340459582091059,0.05395166373186955,0.006256917978929674,0.008549250792323907,63.42606612066619,0.00898818117134259,0
2024-12-06,QQQ,522.3214111328125,0.008949628056763803,0.03284023963225402,0.025197668322136213,0.029286862680629522,0.03125508996240467,0.06145731617083405,0.006272410897607152,0.008080420436080375,86.11431971457594,0.007692708590167907,0
2024-12-09,QQQ,518.2538452148438,-0.00778747688927206,0.013759361018168326,0.016026727346164726,0.028468805687880794,0.022399125399106046,0.051505607435552436,0.008253245546320058,0.00833098154714583,76.58106481352826,0.030226811199670856,1
2024-12-10,QQQ,516.4878540039062,-0.0034075795621070215,0.007216442571976289,0.013155604149201361,0.027493723468501763,0.01824163226376463,0.04623688612534038,0.00869021631369142,0.00837996258484735,71.21274763528723,0.029197116520330413,1
2024-12-11,QQQ,525.7342529296875,0.01790245182747574,0.012727833869758731,0.033163712805813095,0.0272385098937844,0.03474935557311931,0.06293438613248448,0.010574977058679724,0.009190810590217252,77.05833227541673,-0.025381285242110474,0
2024-12-12,QQQ,522.3413696289062,-0.006453608989473669,0.00898818117134259,0.02781858500396095,0.026755027384445462,0.026643148477760947,0.054111014029336824,0.011153009908408217,0.009349626263437587,71.08154253469449,-0.023419027789186808,0
2024-12-13,QQQ,526.3394775390625,0.007654204975180656,0.007692708590167907,0.04293385094149871,0.027301117487747106,0.032303165669726575,0.0604861956786491,0.010959959323870115,0.009231534357927921,72.79765208365103,-0.022373974696719867,0
2024-12-16,QQQ,533.9190063476562,0.014400456610308643,0.030226811199670856,0.08377440465051245,0.029524158952489277,0.042947740848488625,0.0737398957284392,0.010707071432367005,0.00733367756155631,75.8428459663315,-0.026862857777144256,0
2024-12-17,QQQ,531.5678100585938,-0.004403657223491897,0.029197116520330413,0.07155712780792611,0.03128421143445648,0.03476742136625077,0.06713930416175984,0.010933192927284743,0.007534610736718354,71.80252414648658,-0.0093046358870561,0
2024-12-18,QQQ,512.3904418945312,-0.03607699300292211,-0.025381285242110474,0.025840973725961502,0.03151490321995287,-0.0038153552509804234,0.02757930741748793,0.01939556533592974,0.011562867021825594,57.34191250506477,0.027076219728279005,1
2024-12-19,QQQ,510.108642578125,-0.004453243327431022,-0.023419027789186808,0.02186121936156793,0.031639348092671105,-0.009302589204886691,0.022042431029767995,0.01937808782170799,0.01162900637373989,52.99607430322523,0.01795642778685802,1
2024-12-20,QQQ,514.5631713867188,0.008732509972934954,-0.022373974696719867,0.027090028966618496,0.03200097817072489,-0.001966639155135841,0.0299714046389159,0.019553431891010237,0.011742102371420366,52.31234613345401,-0.004277511347646201,0
2022-04-27,D05_SI,23.334453582763672,-0.00423733159130113,-0.010228549991452507,-0.07593295733579286,-0.011781907205021591,-0.0349249560066166,-0.04629538062082872,0.007759611452773668,0.009455748232651485,22.043573704309253,0.005167168084548646,0
2022-04-28,D05_SI,23.41246795654297,0.0033433126472233177,-0.01138079322613017,-0.07694936164481692,-0.014898842955555658,-0.02777442478672909,-0.04225946094920641,0.007527251767515737,0.009407527389130614,26.328384424708855,-0.0033321721539183446,0
2022-04-29,D05_SI,24.057889938354492,0.027567447524520894,0.00832335063667422,-0.04356144418983088,-0.016466448877309525,0.0013053811079699607,-0.015182562760619467,0.015336391731359872,0.011679554168323185,44.94371633540672,-0.04333716025742107,0
2022-05-04,D05_SI,24.15009117126465,0.0038324738015849125,0.019460863657447813,-0.03233406324524157,-0.017388878431481736,0.00683365038349093,-0.010674057563752504,0.014509691393717888,0.011673126041940343,50.0,-0.052038276670023365,0
2022-05-05,D05_SI,23.8309326171875,-0.013215625225336813,0.0169491635787431,-0.044584816371425307,-0.01847453843746749,-0.00416377051000183,-0.02256138520913742,0.01515459295225617,0.01195471483360866,54.615481683086045,-0.06522500870799053,0
2022-05-06,D05_SI,23.45502662658691,-0.015773868217372033,0.005167168084548646,-0.06960611736870481,-0.020583387138859432,-0.016265248539261035,-0.03651384177052708,0.017339811998194857,0.01191591313643776,43.76527908368232,-0.04504549779628486,0
2022-05-09,D05_SI,23.334453582763672,-0.005140605710784674,-0.0033321721539183446,-0.07024654174525158,-0.022446607618113124,-0.01769049712779036,-0.03974001309830666,0.01748609976504585,0.01191968792342219,43.02880404111187,-0.045950808788705944,0
2022-05-10,D05_SI,23.015289306640625,-0.013677812295497804,-0.04333716025742107,-0.07206159966065062,-0.024213857437681008,-0.027467649197316923,-0.05101640889318593,0.008137814158050217,0.01199693345313241,43.3413185895854,-0.02773448118117383,0
2022-05-11,D05_SI,22.89336204528809,-0.005297663641245509,-0.052038276670023365,-0.0608645134031266,-0.02509052036258086,-0.029577766035539854,-0.053926164857126424,0.005024959298915252,0.01158078210287721,41.609342415195165,-0.032268116005420566,0
2022-05-12,D05_SI,22.27655982971191,-0.026942404281031673,-0.06522500870799053,-0.07757864466292319,-0.026387483236174902,-0.05195875634091063,-0.07697517876516724,0.00898566874479196,0.012697974016844277,31.430212039183928,0.004507534805284097,0
2022-05-13,D05_SI,22.398483276367188,0.005473172140909144,-0.04504549779628486,-0.04992935909937568,-0.02664388799123052,-0.04437634615858155,-0.0698378757533028,0.012060454089951003,0.01195632014963148,31.733385596615804,-0.016970846926950944,0
2022-05-17,D05_SI,22.262216567993164,-0.006083747131119366,-0.045950808788705944,-0.06527035317922492,-0.027467066317065636,-0.047029909109102985,-0.07320520179378331,0.011989882206680862,0.01159394772206547,27.00188306537559,-0.017396868849766545,0
2022-05-18,D05_SI,22.376972198486328,0.005154726176644475,-0.02773448118117383,-0.057645882225274,-0.02811258984001308,-0.039302969597308945,-0.0663106511735384,0.013172741002978373,0.011747635828604027,30.798830160598968,-0.022435943879199227,0
2022-05-19,D05_SI,22.15463638305664,-0.009935920438991608,-0.032268116005420566,-0.05343838288813907,-0.028401558922043213,-0.04628778015251811,-0.07337469395918905,0.013314040541737193,0.011561862507712099,31.0991523388751,0.004532082810679849,0
2022-05-20,D05_SI,22.376972198486328,0.010035633696959367,0.004507534805284097,-0.043939037227202826,-0.028348198812808034,-0.03457966915192234,-0.061947596628730506,0.008495030277602494,0.011897146700287532,36.3481648197563,-0.0032051713700792517,0
2022-05-23,D05_SI,22.01836204528809,-0.01602585685039626,-0.016970846926950944,-0.06605286251589026,-0.02928585669610939,-0.046849507371580223,-0.07476333610852215,0.010759047508839475,0.012062688407397118,31.595388781369053,0.015309560503615538,1
2022-05-24,D05_SI,21.874923706054688,-0.006514487269233427,-0.017396868849766545,-0.07630542142504038,-0.030537122643536252,-0.049340489061597825,-0.07837089513936812,0.010787884322704302,0.011936128717341964,16.77775552323817,0.014426145459491613,1
2022-05-25,D05_SI,21.874923706054688,0.0,-0.022435943879199227,-0.08316995286248585,-0.03300591246156459,-0.04522355115240484,-0.0767368190434321,0.00997480210513021,0.01167496580975979,14.374774139789992,0.023278802590689818,1
2022-05-26,D05_SI,22.255043029785156,0.017376943976506576,0.004532082810679849,-0.06053582874774932,-0.03448311835903495,-0.025582939506453406,-0.059183878334515216,0.013202187563733201,0.012607471070962365,25.78652330791111,0.00064475201173253,0
2022-05-27,D05_SI,22.30525016784668,0.002255989260246727,-0.0032051713700792517,-0.04815703749476841,-0.0358921145155533,-0.02096594393487672,-0.056105546389792704,0.012294548528382616,0.01252311514024786,30.368917697263782,-0.0032153920153920046,0
2022-05-30,D05_SI,22.355453491210938,0.002250740206295676,0.015309560503615538,-0.041955132485977154,-0.03673501486795394,-0.016649625036452953,-0.052773015681146895,0.008765125050921361,0.01255673980042097,32.87317262633292,-0.014757741349148534,0
2022-05-31,D05_SI,22.190494537353516,-0.007378913334156967,0.014426145459491613,-0.05219327673860008,-0.038503570726046044,-0.021275310605300968,-0.0589597059047372,0.009006723180643052,0.012542524041651317,34.747963832185675,-0.004201660447937461,0
2022-06-01,D05_SI,22.384145736694336,0.008726763570539031,0.023278802590689818,-0.06957152958754609,-0.041412807817819086,-0.009076641030823729,-0.050113559658002016,0.009148463353163832,0.010734549356553632,40.82694139297339,-0.022428753741029817,0
2022-06-02,D05_SI,22.269392013549805,-0.005126562545400892,0.00064475201173253,-0.07787544752429842,-0.04498671100470031,-0.0100356162740739,-0.0545708579096984,0.006460180437945388,0.010596570836113244,49.84236577181216,-0.02222237448690978,0
2022-06-03,D05_SI,22.233530044555664,-0.0016103703671982439,-0.0032153920153920046,-0.06703063611869509,-0.04826430023435979,-0.008108063987031566,-0.05598103418680189,0.006375258689752871,0.010380450182711685,46.22963712824108,-0.028064542390934477,0
2022-06-06,D05_SI,22.025537490844727,-0.009354904655001883,-0.014757741349148534,-0.060945960902121454,-0.05136701356800388,-0.014243887614895478,-0.06487923521452388,0.00713296763766827,0.010072786824464457,44.76193853188393,-0.02637567139847896,0
2022-06-07,D05_SI,22.097257614135746,0.0032562257933923533,-0.004201660447937461,-0.053020138836325614,-0.05362494755864289,-0.008288445849014114,-0.061468925933660934,0.007067037205879045,0.010157488144783872,43.689286965292915,-0.032132282498370746,0
2022-06-08,D05_SI,21.882097244262695,-0.009736971602096522,-0.022428753741029817,-0.04923649002539232,-0.05522383063623115,-0.015441128831645945,-0.06981224118444618,0.005474862913744319,0.009969209591480729,43.831201069974014,-0.019010468579660933,0
2022-06-09,D05_SI,21.774513244628903,-0.0049165305515677105,-0.02222237448690978,-0.04887219266640952,-0.056549197091311454,-0.017809506881028114,-0.0733515906576252,0.005469796340337383,0.009963890548849181,35.616432118149774,-0.01515138773992819,0
2022-06-10,D05_SI,21.609556198120117,-0.00757569386996404,-0.028064542390934477,-0.02994194959592278,-0.05685154621630062,-0.02378171896166048,-0.07928123768330919,0.0053384355075934056,0.00825301035314647,39.245393219638174,-0.007965396225172783,0
2022-06-13,D05_SI,21.444599151611328,-0.0076335231041505525,-0.02637567139847896,-0.04258699631516161,-0.05731247030484865,-0.02914189260592226,-0.08478416905616681,0.005090790953882991,0.008191431052932114,38.8060308727976,0.00033451491246316856,0
2022-06-14,D05_SI,21.387222290039062,-0.00267558564124315,-0.032132282498370746,-0.03930400529891975,-0.05724711077192535,-0.02981789193955664,-0.0853580145486329,0.0027410401453106803,0.0081404017401861,37.6812194675429,0.014419787490733915,1
2022-06-15,D05_SI,21.466108322143555,0.003688465525569118,-0.019010468579660933,-0.04070541216493928,-0.05724055328761468,-0.024223491344865122,-0.08007747858534198,0.004678067972444589,0.008079218087426154,26.495601189684805,0.0010026280334407556,0
2022-06-16,D05_SI,21.444599151611328,-0.0010020060557525134,-0.01515138773992819,-0.03204914850186091,-0.05676927355197614,-0.023625557838818034,-0.07905362563502427,0.004775757487346669,0.007864065980625343,23.912905228762057,-0.0016724856192387172,0
2022-06-17,D05_SI,21.437427520751953,-0.000334425969386154,-0.007965396225172783,-0.041987122717072944,-0.056575975839119996,-0.021859961091223234,-0.0771991882998021,0.004107525380703759,0.007383854196202871,21.4284866257466,-0.0026764807259044288,0
2022-06-20,D05_SI,21.451772689819336,0.0006691646678920193,0.00033451491246316856,-0.025732584208733367,-0.055663186162307476,-0.019938589281648822,-0.07449193003695809,0.0023613176973187847,0.006634278844586072,24.630530900992497,0.010029957569667847,1
2022-06-21,D05_SI,21.695621490478516,0.011367303028290365,0.014419787490733915,-0.008196701299878928,-0.05400815054126684,-0.008391784780220402,-0.06194671054576728,0.00507390877309657,0.0070818142241911445,27.142518834460745,-0.003305917648856571,0
2022-06-22,D05_SI,21.48763084411621,-0.009586756777333338,0.0010026280334407556,-0.017704878295473958,-0.05243324089461543,-0.01702809281742046,-0.06856849561936429,0.007457165076005925,0.007372662535184012,25.560209224281763,0.0013351137216688347,0
2022-06-23,D05_SI,21.40873336791992,-0.0036717624557430772,-0.0016724856192387172,-0.038027770188202914,-0.05181277618859226,-0.018737842536465155,-0.06957975908345837,0.007659608684723628,0.006007181394824832,24.89045847757903,-0.005694944077790809,0
2022-06-24,D05_SI,21.380050659179688,-0.0013397667319828832,-0.0026764807259044288,-0.041479001656779424,-0.05107027031029465,-0.017970296987199874,-0.06812281937280185,0.007673550300487768,0.005928936520013572,27.940929161142577,-0.010734743209747877,0
2022-06-27,D05_SI,21.666933059692383,0.013418228286073752,0.010029957569667847,-0.030798768264273746,-0.05009697760251475,-0.0032170272171930803,-0.05315284147926136,0.009945993601044369,0.006819197663812564,37.17936187187878,-0.006951319984932702,0
2022-06-28,D05_SI,21.62389755249023,-0.001986229757741431,-0.003305917648856571,-0.025533319408881372,-0.04874356830403681,-0.0038986392369677603,-0.052452173953064674,0.008502523209268704,0.006681432805928126,41.428341668323434,-0.0026533123404028913,0
2022-06-29,D05_SI,21.516319274902344,-0.00497497166395422,0.0013351137216688347,-0.03876969315694567,-0.04811636145167042,-0.006869131083693025,-0.05465497494128169,0.007476684154185034,0.006293521427196621,41.42849906286419,0.0,0
2022-06-30,D05_SI,21.28681182861328,-0.01066666855779419,-0.005694944077790809,-0.044122452213274266,-0.047715535883221305,-0.015229411389254155,-0.06221826774685124,0.0089184907395879,0.00655681554029864,39.725895980852066,0.01617242003437136,1
2022-07-01,D05_SI,21.150541305541992,-0.006401640798464614,-0.010734743209747877,-0.048709707223431375,-0.047448596435755386,-0.0190762847269087,-0.0656197382271635,0.009232866048183226,0.006620079530006594,40.46494310668779,0.018311340768646378,1
2022-07-04,D05_SI,21.516319274902344,0.01729402401935265,-0.006951319984932702,-0.02311944560508672,-0.0459789649721386,-0.0009324366552572183,-0.04686852915508499,0.010879616090986087,0.007747817245923757,53.488384078900445,0.024333404132421244,1
2022-07-05,D05_SI,21.5665225982666,0.00233326726206462,-0.0026533123404028913,-0.02401813949662379,-0.044664028436293135,0.002634081982016534,-0.04214759516682498,0.010987142118245823,0.007722960024056731,52.756058029768745,0.0023279242392524324,0
2022-07-06,D05_SI,21.516319274902344,-0.0023278357990033083,0.0,-0.01671585521612906,-0.04314866274169182,0.00115134977160114,-0.042046992173083275,0.01077838531197235,0.007464607646139149,51.93796771599976,-0.006666667848621355,0
2022-07-07,D05_SI,21.63107109069824,0.005333245632292982,0.01617242003437136,-0.006587617014403135,-0.041514949690385716,0.0068267312082495035,-0.03497162988479641,0.009037163167918489,0.007519924316733867,54.944994997774,-0.016246490251091705,0
2022-07-08,D05_SI,21.5378360748291,-0.004310235747374991,0.018311340768646378,-0.003318907738477983,-0.039809911915718255,0.0026544257662701742,-0.03726115860539014,0.008512128349452272,0.007388016521915243,52.112643084022544,-0.0023310248317640614,0
2022-07-12,D05_SI,22.039884567260746,0.02331007120155304,0.024333404132421244,0.027759223263666755,-0.03737811335788299,0.024606655329258986,-0.01369120838087956,0.01098602951015959,0.008834664034174653,57.500072718206646,-0.02538240852835094,0
2022-07-13,D05_SI,21.616727828979492,-0.019199589589041444,0.0023279242392524324,0.010730965238404,-0.03528159013827159,0.0043988101515028966,-0.03103797700363009,0.015514910406677521,0.009940029585781591,52.57141641414986,0.02355667425574559,1
2022-07-14,D05_SI,21.37287712097168,-0.011280648483759204,-0.006666667848621355,-0.004343181343015146,-0.033777650428646,-0.006716319934386372,-0.040267108856121725,0.016421790579841205,0.010252358044207946,49.32983593653643,0.029194390668975112,1
2022-07-15,D05_SI,21.27964210510254,-0.004362305334065453,-0.016246490251091705,-0.0076922420112662815,-0.03260897953367825,-0.010670105681990338,-0.04293114395786246,0.01602066049663662,0.010294196228432011,48.16755093075729,0.053589241440606505,1
2022-07-18,D05_SI,21.48763084411621,0.009774071292477204,-0.0023310248317640614,0.0023418539055424237,-0.031103255096273985,-0.0011168966836740957,-0.03218541265747954,0.016979255524957732,0.0105395021449996,46.63072525103079,0.043391062806799274,1
2022-07-19,D05_SI,21.480459213256836,-0.00033375623917786257,-0.02538240852835094,0.00133725654528849,-0.02951229863804361,-0.0015168557062803512,-0.030984388445729483,0.010971510837410344,0.010539385805584268,47.26781931996126,0.04974956816969578,1
2022-07-20,D05_SI,22.125946044921875,0.03004995495006324,0.02355667425574559,0.019834626753246765,-0.027403807011417203,0.027459908103358188,-0.0006964049302746744,0.01605605411947156,0.012273988441601234,59.63718684117849,0.02593184974821483,1
2022-07-21,D05_SI,21.996845245361328,-0.005834814895527507,0.029194390668975112,0.023698024455988342,-0.024886837915822912,0.020258601240322083,-0.005132409200970023,0.014833245626947541,0.012130637065741781,61.5924545129551,0.03749613489732928,1
2022-07-22,D05_SI,22.420001983642575,0.019237155763073943,0.053589241440606505,0.047236265609155614,-0.021664066246623315,0.03745240500032154,0.014976967370675887,0.01451922195856243,0.012710075111077954,68.95075434231586,0.006717916093342158,0
2022-07-25,D05_SI,22.420001983642575,0.0,0.043391062806799274,0.04864120020297413,-0.018559387189512444,0.03496217174643568,0.015753908074494838,0.015292013613080042,0.012692920817474323,65.14422154884734,0.015035129411296477,1
2022-07-26,D05_SI,22.549102783203125,0.005758286714458771,0.04974956816969578,0.040715025106708325,-0.01597748170158697,0.038806608681232646,0.02220909509954061,0.014628179983130827,0.012458052066591346,66.04219540677306,0.008587808858976143,0
2022-07-27,D05_SI,22.6997127532959,0.006679200123428597,0.02593184974821483,0.04975121613456657,-0.013007495064835672,0.04315998513443664,0.029591086775966335,0.009331980868540975,0.012460222067655206,68.70745181566056,0.02148525184924832,1
2022-07-28,D05_SI,22.82164192199707,0.005371396987544186,0.03749613489732928,0.060666633099152545,-0.00912120074085121,0.04562707288803036,0.036089698456150066,0.007109990115792456,0.012347647181158031,68.77830123403311,0.018541822379780193,1
2022-07-29,D05_SI,22.57061767578125,-0.010999394656782568,0.006717916093342158,0.060309916651882345,-0.005017874430459757,0.031093332801238827,0.025919435931157864,0.0073880704524352525,0.012367268331120874,65.51720382838408,0.04353359748727015,1
2022-08-01,D05_SI,22.757089614868164,0.008261711831085705,0.015035129411296477,0.07595778690095334,-0.000553638397577827,0.03581092052596735,0.035237455827733744,0.00791258224369892,0.012213988154505825,61.90467446419429,0.03277664764745469,1
2022-08-02,D05_SI,22.74275016784668,-0.0006301090018170363,0.008587808858976143,0.05700003226736383,0.0027774589788216453,0.032277048618290616,0.03514415577560692,0.007874404753983703,0.011818113626299432,71.62544708073315,0.04824958186396211,1
2022-08-03,D05_SI,23.187421798706055,0.019552236540330226,0.02148525184924832,0.07515811568851305,0.006578518878210371,0.04860301159393354,0.05550126630145247,0.011267770404946496,0.012392388833080465,82.3530492010224,0.035261165132159045,1
2022-08-04,D05_SI,23.244796752929688,0.0024743999018828067,0.018541822379780193,0.08033332541423666,0.01033664914095378,0.04710523123745558,0.05792879062641432,0.011274104340058396,0.012315684432794769,85.49226189204887,0.029003194231739915,1
2022-08-05,D05_SI,23.553197860717773,0.013267532990978603,0.04353359748727015,0.08885952812785525,0.01420306701480678,0.056424168591474366,0.07142863185404047,0.008132782044579196,0.012489404568758722,86.00004786922129,0.009680889236636903,0
2022-08-08,D05_SI,23.50299072265625,-0.0021316484648251643,0.03277664764745469,0.09124197254541233,0.017726468631739545,0.049546761816618545,0.06815151956750465,0.009456604003680083,0.012419299239651602,84.72902628677879,-0.003278031048658314,0
2022-08-10,D05_SI,23.840078353881836,0.014342329246662233,0.04824958186396211,0.08167891175324926,0.02070262777092946,0.060337719867894046,0.08228949699379529,0.008990887259844824,0.011851367330137794,82.92007669027402,-0.01919591278293009,0
2022-08-11,D05_SI,24.005037307739254,0.006919396463751948,0.035261165132159045,0.1104843201827237,0.02477249933388226,0.06203388433719548,0.0883431180294989,0.007018957350307505,0.01052527162693302,88.04354188662718,-0.020197205478376556,0
2022-08-12,D05_SI,23.918970108032227,-0.0035853807933586834,0.029003194231739915,0.11912729262651522,0.029344871797769567,0.052299298523019955,0.08317888653106076,0.008381197032976634,0.010015325760687088,82.55449906755304,-0.02879654276580168,0
2022-08-15,D05_SI,23.781213760375977,-0.005759292604742616,0.009680889236636903,0.11755703610605361,0.033740008688586176,0.04051311574927241,0.0756200373152407,0.008440941325891627,0.010093691530371861,77.89367784419635,-0.0003048554302724771,0
2022-08-16,D05_SI,23.425947189331055,-0.01493895873543949,-0.003278031048658314,0.09020614507371794,0.03730324704467858,0.020640993440477207,0.05871421656271347,0.011412175151957355,0.011027907560768718,66.44391807640227,0.01516551574942171,1
2022-08-17,D05_SI,23.3824462890625,-0.0018569537409512948,-0.01919591278293009,0.08854499137671312,0.04053205387306824,0.01454209000974016,0.05566356465851019,0.007852267108700179,0.011067400006623153,63.33955189116956,0.018604736908049535,1
2022-08-18,D05_SI,23.52020263671875,0.005891442920610501,-0.020197205478376556,0.06301455264177824,0.04238894037386354,0.017441676380079763,0.06056995093403872,0.0075058096440206,0.009284900202995177,63.564894617035385,0.017262816104630874,1
2022-08-19,D05_SI,23.230186462402344,-0.012330513422688205,-0.02879654276580168,0.05606900459060604,0.04410617819362672,0.0022225630356560444,0.04642676999058004,0.008342770436688093,0.00971745642191608,62.61667921752687,0.024968988385875468,1
2022-08-22,D05_SI,23.773963928222656,0.02340822647723506,-0.0003048554302724771,0.06039080396013885,0.045962937056654773,0.022695821266494054,0.06970192492746974,0.015502503752593145,0.010125523435346577,67.11228659192238,-0.007319242861511865,0
2022-08-23,D05_SI,23.781213760375977,0.0003049483954467025,0.01516551574942171,0.060714168434352844,0.04786548017649661,0.020021278072846593,0.0688450863380472,0.013140579246896543,0.010121021010573758,67.51739661449724,0.0024390038501933553,0
2022-08-24,D05_SI,23.81747055053711,0.0015245979673899068,0.018604736908049535,0.056249145676820156,0.04956636081638521,0.018805113264800388,0.06930357511046181,0.012907700011340027,0.010104554041915665,62.32645302561144,-0.007610424551064754,0
2022-08-25,D05_SI,23.92622756958008,0.004566270747021761,0.017262816104630874,0.05403217342942357,0.05095466339064991,0.020779502049302456,0.0727929779723,0.012866526316536533,0.010072727410679962,63.06895416468531,-0.013636544088702518,0
2022-08-26,D05_SI,23.81022071838379,-0.004848522436682989,0.024968988385875468,0.04331760176439614,0.05204977116862275,0.013692537119333048,0.0664550017117349,0.010841654053602616,0.010187719632448352,55.32212199244854,-0.012484806839283435,0
2022-08-29,D05_SI,23.599956512451172,-0.008830838169016753,-0.007319242861511865,0.045605257749522066,0.053308753653199537,0.002544062591641305,0.0559884370508168,0.005342052331182763,0.010050782475738417,51.8830339522452,0.0027649332337846833,0
2022-08-30,D05_SI,23.839216232299805,0.010138142403881112,0.0024390038501933553,0.04755118671785885,0.054467089051955186,0.010385647884645799,0.06541841294479633,0.007519123751105527,0.010118091277108018,49.98259672294753,-0.010340665745764754,0
2022-08-31,D05_SI,23.63620948791504,-0.00851566353551969,-0.007610424551064754,0.039285456397068375,0.05519765213082972,-0.00011163454988427635,0.055079855615895124,0.00846196353353331,0.01039126285173985,42.66727035828651,-0.009816109044888832,0
2022-09-01,D05_SI,23.599956512451172,-0.0015337897340266249,-0.013636544088702518,0.017791314503458056,0.054939009317709786,-0.0025156358292151015,0.052285166948233375,0.007781413274232783,0.00955015385396729,43.52947184272813,0.0135177926051957,1
2022-09-02,D05_SI,23.512954711914062,-0.0036865237650419713,-0.012484806839283435,0.01153625741858022,0.0542591304095017,-0.006755760234626096,0.047136808499289806,0.007718982227677763,0.009596804632908525,44.44454099967848,0.028985297982731417,1
2022-09-05,D05_SI,23.66520881652832,0.006475328451047924,0.0027649332337846833,0.004755658084007353,0.05303077509780785,-0.0005606256401062826,0.05244041904546681,0.007607813576871279,0.009239090610867853,55.40982758174555,0.02604174852315788,1
2022-09-06,D05_SI,23.592702865600582,-0.0030638204585415885,-0.010340665745764754,0.0038170522212670477,0.051684377810077065,-0.0038114445182283463,0.047675941153366486,0.005441907662289753,0.0092542233089834,54.692460477934034,0.03349741874506007,1
2022-09-07,D05_SI,23.404193878173828,-0.007990139514773897,-0.009816109044888832,-0.018283684694225588,0.049194896617950956,-0.010860875975606477,0.03779972097154394,0.005289099817758954,0.008798007688360806,47.468294364164024,0.03221831023220001,1
2022-09-08,D05_SI,23.918975830078125,0.02199528659623562,0.0135177926051957,-0.003585142424810228,0.047044993214792274,0.011079399688336267,0.058645623186290186,0.011987900072420642,0.010057588886074526,63.68881193102901,0.012124861408283172,1
2022-09-09,D05_SI,24.19448471069336,0.01151842296979888,0.028985297982731417,0.01151866495157372,0.04555041013018446,0.02213023901679878,0.06868869061047755,0.01187621736600754,0.010347492071903608,59.354819000032215,0.005394375885996006,0
2022-09-12,D05_SI,24.281492233276367,0.003596171756638178,0.02604174852315788,0.02103670897294352,0.04447395002089971,0.024723120195187187,0.07029660502800827,0.011904266769313502,0.010254816453554952,60.74770491077791,-0.0026872482177636714,0
2022-09-13,D05_SI,24.382997512817383,0.004180355909177091,0.03349741874506007,0.040854285026400206,0.04432336499085898,0.0269329742093376,0.07245009924636658,0.011055966204549445,0.009548670689183728,61.81814268392716,0.0008920725926810924,0
2022-09-14,D05_SI,24.15823745727539,-0.009217900933789713,0.03221831023220001,0.03317835775702305,0.04395825577388224,0.01580729284711535,0.06046040964306365,0.011468623211771719,0.009844354182962228,54.62424405546651,0.0063025259843891845,0
2022-09-15,D05_SI,24.2089900970459,0.002100841994796321,0.012124861408283172,0.029284928831856405,0.04355114103196267,0.01646938478405402,0.060737786315456566,0.007463325666537016,0.009795354110512876,58.16023043956816,0.0038932492562724352,0
2022-09-16,D05_SI,24.32499885559082,0.004791970176363458,0.005394375885996006,0.04712886807690553,0.04378689201933916,0.01899820098743854,0.06361696518197646,0.005848298951212643,0.009257382081918893,65.43224210851947,-0.0044709979099535335,0
2022-09-19,D05_SI,24.21624183654785,-0.0044709979099535335,-0.0026872482177636714,0.01860345669155139,0.04262064266023269,0.013503380098793594,0.056699545496922354,0.0060918593474466555,0.00792151088350026,58.49687755761731,-0.006287429748150775,0
2022-09-20,D05_SI,24.404748916625977,0.007784324312190449,0.0008920725926810924,0.026219652307609698,0.04168960256980414,0.020061825704789538,0.06258779781505108,0.006941477102625909,0.00806462603181316,67.4342110956308,-0.019013659664073312,0
2022-09-21,D05_SI,24.31049537658691,-0.003862098330167818,0.0063025259843891845,0.020700133752812988,0.040766364237912356,0.01507634786044143,0.05645731998661008,0.005357902499037488,0.008147160543854361,65.70519873962783,-0.028929283685534157,0
2022-09-22,D05_SI,24.303241729736328,-0.00029837511487196267,0.0038932492562724352,0.015757359118141245,0.03956817335316121,0.013975369448249397,0.05409652264241349,0.0053721739265722365,0.008109385997367954,68.10620282680819,-0.017601302411932696,0
2022-09-23,D05_SI,24.21624183654785,-0.003579764961232579,-0.0044709979099535335,0.0170523878365636,0.038421981411978834,0.009490540579909057,0.04827716736563881,0.0051109090612287906,0.00806762036377596,63.01379489286255,-0.00029945767600525475,0
2022-09-26,D05_SI,24.063983917236328,-0.006287429748150775,-0.006287429748150775,0.019662214400282485,0.037347849100179076,0.0021741528301726376,0.0396032018621737,0.00548067417767993,0.007925339972960738,60.72622676549273,-0.0012054096324023433,0
2022-09-27,D05_SI,23.94072532653809,-0.0051221190606743905,-0.019013659664073312,0.004258071794355001,0.03548681564313649,-0.0031698060294786945,0.03220452329146517,0.0022496974703102505,0.007731867146661366,62.5851058403926,0.010902469638901291,1
2022-09-28,D05_SI,23.60721015930176,-0.013930871462220495,-0.028929283685534157,-0.0012269026735486355,0.03387093038981526,-0.01699717262859457,0.01629804771029386,0.0050496521499355925,0.008138753868896268,42.007426582549655,0.026412830855224056,1
2022-09-29,D05_SI,23.875473022460938,0.011363598720430579,-0.017601302411932696,0.011674449902668416,0.032753038293990455,-0.006396678220344398,0.026146849426940788,0.009221393648381012,0.008515570904970638,41.791166377421575,0.020042461732354244,1
2022-09-30,D05_SI,24.2089900970459,0.013969024792564566,-0.00029945767600525475,0.029602208385114404,0.03225775822515442,0.006025950938832736,0.03847809283244863,0.012084101886186378,0.00895024717230885,48.34440489692383,0.002395827514600768,0
2022-10-03,D05_SI,24.034976959228516,-0.007187955264545187,-0.0012054096324023433,0.015624968516734228,0.03127843963464505,-0.0019721054955619266,0.029244649756387187,0.012207292942306464,0.009070942984714916,42.30763717737167,0.001206864398373142,0
2022-10-04,D05_SI,24.201738357543945,0.006938279932546365,0.010902469638901291,0.025814570522624036,0.03062298520446305,0.003683355023268442,0.03441913555411169,0.01217853516961657,0.009121451905201326,50.98680936973486,-0.002096987070602574,0
2022-10-05,D05_SI,24.230743408203125,0.0011984697227394037,0.026412830855224056,0.035316299904698534,0.030780668403037392,0.003166897259950785,0.034045044877413444,0.008475924774204531,0.008855660864812055,50.49838706999094,0.0011966415321040813,0
2022-10-06,D05_SI,24.35399627685547,0.005086631746123782,0.020042461732354244,0.018187252241390173,0.029704182563272008,0.007362502875598587,0.03728538256840985,0.007781622963144858,0.007531717249135438,50.662157912662934,-0.028580003239219498,0
2022-10-07,D05_SI,24.266990661621097,-0.0035725395637452584,0.002395827514600768,0.0029967966581943006,0.027747151842518747,0.003613164272841418,0.03146057113307088,0.005887836155681284,0.007161797168518067,51.17047999049794,-0.011353393552346547,0
2022-10-10,D05_SI,24.063983917236328,-0.008365550851174519,0.001206864398373142,-0.00895778208152942,0.025262607258375258,-0.004334786351208653,0.02081831290202696,0.006282216289127083,0.007357751034119358,42.19275345725827,-0.02319993456166536,0
2022-10-11,D05_SI,24.15098762512207,0.003615515543268888,-0.002096987070602574,-0.009515232389838535,0.02284444797620999,-0.0002550866575150579,0.02258353400481794,0.005529406054119079,0.00734021018853728,46.33334677907311,-0.024317029288963954,0
2022-10-12,D05_SI,24.25973892211914,0.004502975144749177,0.0011966415321040813,0.004201526084974372,0.021056730418893332,0.004035806210082704,0.025177517512364744,0.005950776551616758,0.007115595159443218,49.0445710455764,-0.018230549512583072,0
2022-10-13,D05_SI,23.657958984375,-0.024805705439618686,-0.028580003239219498,-0.022761425010378145,0.018793161398433122,-0.019752259284444462,-0.0013303052827275952,0.011911503063822425,0.009030036127907135,39.99991800439084,0.0018388233594419656,0
2022-10-14,D05_SI,23.991477966308594,0.014097538259909337,-0.011353393552346547,-0.013711034120175158,0.016662516728896515,-0.005245845961588169,0.011329261771216181,0.014944826738385056,0.009573609937836416,48.78045024593751,-0.02115444485820339,0
2022-10-17,D05_SI,23.505701065063477,-0.020247893936642725,-0.02319993456166536,-0.02934149635109795,0.01439117356380204,-0.023949750827254368,-0.00990324228441719,0.016978505745502855,0.010509577411761345,43.47823103185989,0.010487467417606533,1
2022-10-18,D05_SI,23.56370735168457,0.0024677539487349964,-0.024317029288963954,-0.034462209294373825,0.0118074832694961,-0.019829555102603424,-0.008256208973222767,0.01684746405599781,0.010329806856114246,49.289091253652984,0.003999864337293824,0
2022-10-19,D05_SI,23.81747055053711,0.010769239112723872,-0.018230549512583072,-0.02028032824557846,0.009871472075708931,-0.008256923752267609,0.0015330403311895058,0.01791168656414019,0.010680840580557007,49.04762918858383,-0.0012177255871487214,0
2022-10-20,D05_SI,23.701461791992188,-0.004870742184765908,0.0018388233594419656,-0.0247613032218591,0.00789860879438975,-0.011849409423702606,-0.004044394478795343,0.013725215896304484,0.010714601658261982,41.02562891862085,0.03334354815138618,1
2022-10-21,D05_SI,23.483951568603516,-0.009177080523453673,-0.02115444485820339,-0.030239633089521822,0.005893455182907292,-0.019420877557959626,-0.013641878446552957,0.01173980939006278,0.010852301828864866,40.40410280938809,0.05588151542751296,1
2022-10-25,D05_SI,23.752216339111328,0.011423323273518582,0.010487467417606533,-0.012955775701865013,0.004407929892942031,-0.007573437551520734,-0.003198890840354407,0.009192069508530791,0.011157495985656251,42.439046612602795,0.055555439563889975,1
2022-10-26,D05_SI,23.657958984375,-0.003968360400167015,0.003999864337293824,-0.01181110172337363,0.0031824787611929306,-0.010927465060502684,-0.007779762724778427,0.009574330492701004,0.01113580480655038,40.572711896118506,0.06466453566969022,1
2022-10-27,D05_SI,23.78846740722656,0.005516470078325675,-0.0012177255871487214,0.0076780461012406764,0.0028295486491174415,-0.005847952983302318,-0.0030349514016488888,0.008431827417363343,0.01074676646465457,40.714306294478874,0.0423651909139251,1
2022-10-28,D05_SI,24.49175262451172,0.029564124718329365,0.03334354815138618,0.025812246796995897,0.0032069620482435557,0.02222690158919871,0.02550514446728891,0.015102734179524041,0.012368846754253827,53.06930950954596,0.020426249843077393,1
2022-10-31,D05_SI,24.7962703704834,0.012433481206523211,0.05588151542751296,0.024258767965259498,0.003350141148379837,0.03366989192949177,0.037132831968285984,0.012257462209548086,0.012290899002089998,59.730210439506685,0.006725184411817908,0
2022-11-01,D05_SI,25.071781158447266,0.011110976927071414,0.055555439563889975,0.04313730780676517,0.004455093462554682,0.042901225839359736,0.047547448272686976,0.012255521737903393,0.012309153952515745,61.65130812669577,0.0002893912543893151,0
2022-11-02,D05_SI,25.187789916992188,0.004627064898651501,0.06466453566969022,0.04074300551806753,0.005335554462188252,0.04558249563480099,0.051161257984971176,0.010046862984048412,0.012272984842882324,61.72161225107298,-0.0020149699492398865,0
2022-11-03,D05_SI,24.7962703704834,-0.015544021440510036,0.0423651909139251,0.02333923283958428,0.0058466430806856096,0.028123135037680047,0.034134204051241124,0.016271773101982002,0.012891011040288197,65.18373293047117,0.009941627122331154,0
2022-11-04,D05_SI,24.992027282714844,0.007894611137345464,0.020426249843077393,0.026198205773141137,0.006486610435098461,0.034870914622185945,0.041583719095954264,0.01139259691798934,0.012950343617417202,63.85535676930911,0.019913729811905867,1
2022-11-07,D05_SI,24.963029861450195,-0.0011602668697751062,0.006725184411817908,0.028682551105518872,0.007206597815120119,0.03218272924522836,0.039621255046611736,0.010494650985858126,0.012913033044899942,73.10348581242894,0.02315313546942166,1
2022-11-08,D05_SI,25.079036712646484,0.004647146273515368,0.0002893912543893151,0.042181410979214684,0.008411858430916741,0.0348078443348645,0.043512501424611605,0.00933073210496537,0.01271642660684752,73.589181273527,0.027769035849948942,1
2022-11-09,D05_SI,25.13703727722168,0.002312711019955005,-0.0020149699492398865,0.040828543635785364,0.009265677273325057,0.03509534852162055,0.04468620796814182,0.00910422897331243,0.012711832349028123,71.87499407145744,0.022191361788147512,1
2022-11-10,D05_SI,25.04278564453125,-0.003749512388870002,0.009941627122331154,0.03227762363502418,0.009731590664461054,0.02955437888924961,0.03957358067140326,0.004606929009012887,0.012762866961536447,72.39723400975588,0.04183712079668345,1
2022-11-11,D05_SI,25.48971176147461,0.017846501714594787,0.019913729811905867,0.07742649221386344,0.012154371098435757,0.04399732415703861,0.05668645506061698,0.008391550950460305,0.011618797460213678,81.10851576671719,0.02155792262018319,1
2022-11-14,D05_SI,25.54100227355957,0.0020122044754731228,0.02315313546942166,0.06458644646348954,0.013747632999383308,0.04278904081663448,0.057124921845560506,0.008017384400819644,0.011366567797959512,79.74530098975609,0.01147455936486752,1
2022-11-15,D05_SI,25.77545738220215,0.009179557878403521,0.027769035849948942,0.09656194941201779,0.017040615410757187,0.047507771635905804,0.06535794871213274,0.008274209930987658,0.009993952294902948,83.64274618731564,0.011370112084990724,1
2022-11-16,D05_SI,25.694862365722656,-0.003126812272791768,0.022191361788147512,0.09044226285070245,0.02010013401868682,0.03972988325310234,0.06062859324972325,0.009116144465074853,0.010136026783053975,80.77687672744653,0.008269155910385129,0
2022-11-17,D05_SI,26.090503692626953,0.015397682278776914,0.04183712079668345,0.09543553910423896,0.023191398579127886,0.05090634456754661,0.07527833247374693,0.008837244141901155,0.010340193621389089,78.65681132862447,-0.01713005790361799,0
2022-11-18,D05_SI,26.039216995239254,-0.001965722777601764,0.02155792262018319,0.098633376445874,0.02651885994412906,0.04392559239821492,0.07160930897511508,0.00785206128927822,0.010219581480292795,74.50365639786892,-0.022228531409460794,0
2022-11-21,D05_SI,25.834074020385746,-0.007878231318976137,0.01147455936486752,0.10007355214120728,0.029924977825012578,0.03084511658474809,0.0616931338395692,0.009619230808472337,0.010130064093252053,65.45681531460812,-0.022972358880859023,0
2022-11-22,D05_SI,26.068527221679688,0.009075347585864035,0.011370112084990724,0.09751977876499174,0.03293808063314718,0.035415393822656016,0.06951998955318861,0.009600751142520557,0.01006299848228672,67.03999468607239,-0.01770671208076202,0
2022-11-23,D05_SI,25.907337188720703,-0.00618331950970108,0.008269155910385129,0.09507913196701856,0.036087182610271995,0.02443677610328665,0.06140581311520421,0.010116180461518146,0.01017511289494943,73.5996065375058,-0.004807807695937805,0
2022-11-24,D05_SI,25.643571853637695,-0.010181105574904259,-0.01713005790361799,0.07798335280092838,0.038463908048687045,0.010301335634997244,0.04916147331032761,0.007607113859984658,0.010692992501656208,63.45053302536491,-0.0014285271198131166,0
2022-11-25,D05_SI,25.460403442382812,-0.0071428587366973995,-0.022228531409460794,0.03955008172431285,0.039127187591237345,0.0011745172856585384,0.040347660435060995,0.007710196642711894,0.009067566200980936,59.653339078685434,-0.008057558764285377,0
2022-11-28,D05_SI,25.24060440063477,-0.008632975602505755,-0.022972358880859023,0.017919389630478122,0.038812757472812764,-0.00833493935459384,0.030154316138498505,0.007800656250567785,0.009012786325500661,53.01436080946634,0.0014514091900867943,0
2022-11-29,D05_SI,25.6069393157959,0.01451371406747759,-0.01770671208076202,0.02134503942765642,0.03853313346802012,0.005001268452432761,0.04372711646523997,0.01019737619886863,0.009244295138636551,57.862363010857045,-0.027181663190795402,0
2022-11-30,D05_SI,25.782779693603516,0.006866903367055199,-0.004807807695937805,0.023622150993483304,0.03820109887591272,0.010722410887528122,0.04933311764194337,0.010986552255038655,0.009302693606399721,62.052455846700845,-0.04802486417339402,0
2022-12-01,D05_SI,25.6069393157959,-0.00682007060127976,-0.0014285271198131166,0.03269318059531612,0.0382993853125122,0.0022366886522295903,0.04062173776525757,0.010363022421485709,0.008657997777174782,52.09424422729234,-0.045779678551368,0
2022-12-02,D05_SI,25.2552547454834,-0.013733955705341194,-0.008057558764285377,0.010532457402949946,0.03789487558695526,-0.012036911526985272,0.02540182679520364,0.01178216342876075,0.009171851627884635,45.389975333441626,-0.031331482067063265,0
2022-12-05,D05_SI,25.277238845825195,0.0008704762855631376,0.0014514091900867943,0.012586973060518813,0.03777237714932524,-0.011784249528769664,0.025543008502933118,0.011103140114515327,0.009162996639622969,41.370527183780865,-0.025217556194644164,0
2022-12-06,D05_SI,24.910900115966797,-0.01449283017392955,-0.027181663190795402,-0.006704268533364477,0.03698995041939024,-0.025786101872978806,0.01025002191662061,0.009272642755253307,0.009708514258474946,37.64429250977577,0.0026472981173901733,0
2022-12-07,D05_SI,24.544565200805664,-0.014705808038077639,-0.04802486417339402,-0.023569686032685055,0.03567547789170766,-0.038999367902126436,-0.004715211097801708,0.00678789147119771,0.01020153416541103,25.407922578906792,0.01731331295424665,1
2022-12-08,D05_SI,24.434661865234375,-0.004477705539786103,-0.045779678551368,-0.02428339194883755,0.034249287930788075,-0.04216213736343599,-0.009356872614985634,0.007115845057264088,0.010212621698084061,24.942766679275877,0.01829089518219007,1
2022-12-09,D05_SI,24.463970184326172,0.00119945670840238,-0.031331482067063265,-0.040241395695135074,0.031992175431343695,-0.039081371882758065,-0.008339494556785176,0.007886002608494626,0.009209514483807576,27.36073299980383,0.013477137283269158,1
2022-12-12,D05_SI,24.639808654785156,0.007187650619834507,-0.025217556194644164,-0.035284191635163165,0.029946604165763002,-0.030458636978213938,-0.0014241655574661616,0.009637747214144699,0.009399274476927667,25.92586402834408,0.014273101004493194,1
2022-12-13,D05_SI,24.97684669494629,0.013678598112639051,0.0026472981173901733,-0.03098337598491252,0.02780031005777639,-0.015650050196539644,0.011715183613353108,0.01089557588108597,0.009722946157448885,35.19825769404176,0.003519953057110614,0
2022-12-14,D05_SI,24.969512939453125,-0.0002936221526573801,0.01731331295424665,-0.028229356357135416,0.02594009186351598,-0.014530526825915047,0.011032641836911328,0.007080289977884009,0.009719058076592442,38.324941013698805,0.00381469528881051,0
2022-12-15,D05_SI,24.881593704223633,-0.0035210632839607348,0.01829089518219007,-0.046335249125334155,0.02309830744424235,-0.01565217000239394,0.00708459880696366,0.006820359567762088,0.00888439002676064,39.632632730438104,0.009128393673005997,0
2022-12-16,D05_SI,24.79367446899414,-0.003533504978604607,0.013477137283269158,-0.047833332564217845,0.02024010087332928,-0.016707768777134757,0.0031941651707771967,0.007536387491334832,0.00888790528316744,41.597856004635595,0.0059101351132000435,0
2022-12-19,D05_SI,24.99149513244629,0.007978674709935962,0.014273101004493194,-0.032615021822519186,0.018003279043316667,-0.007203644079418647,0.010669945749407717,0.007661316574812647,0.009079650637060637,37.64716061179613,0.005570208554072753,0
2022-12-20,D05_SI,25.06476402282715,0.0029317529820669375,0.003519953057110614,-0.03850479124949446,0.015288794091889768,-0.0023038605556574554,0.012949710286580318,0.00486534368887813,0.008798426334398432,34.969523564636944,-0.00029244004807793544,0
2022-12-21,D05_SI,25.06476402282715,0.0,0.00381469528881051,-0.03252256917628671,0.012819428774550445,-0.0006279938242869099,0.012183384428162247,0.004851918161160434,0.008749403838130053,37.748515629848775,-0.008184820892836231,0
2022-12-22,D05_SI,25.108722686767575,0.0017538032235369094,0.009128393673005997,-0.020857046355429953,0.010718077951207938,0.0021933110180494264,0.012934897047720106,0.004217282229957409,0.00853891317303646,46.153946278902254,-0.010213076341429428,0
2022-12-23,D05_SI,24.940208435058594,-0.006711382885191131,0.0059101351132000435,-0.020431530415510712,0.008946497357951833,-0.003498266702944397,0.005416933421192205,0.00532178615971344,0.008523156406843781,41.785742509820295,-0.0047003438093364824,0
2022-12-27,D05_SI,25.13070297241211,0.007638049130565205,0.005570208554072753,-0.004354152003582579,0.008100672468140946,0.00433357300836712,0.012469350332065643,0.0052142604432330415,0.008532481032335355,55.85937102773899,-0.008163041641879976,0
2022-12-28,D05_SI,25.05743408203125,-0.002915512966799705,-0.00029244004807793544,-0.021459231303980197,0.006302869667197397,0.002506209818361027,0.008824875799402054,0.0053606773655446366,0.007812024497971614,66.20350450929284,0.016959024798984812,1
2022-12-29,D05_SI,24.8596134185791,-0.0078946895681552,-0.008184820892836231,-0.035805537106359586,0.004001306776498126,-0.0035681375731929643,0.00041889199025413326,0.006404414645218235,0.007720977041079604,62.71926469328924,0.01591502330477157,1
2022-12-30,D05_SI,24.852285385131836,-0.000294776645311301,-0.010213076341429428,-0.029470680636890734,0.0020651030494529543,-0.0023530057808567317,-0.00029276193081717583,0.0061962907537530644,0.00763475985620682,61.77766773381038,0.039209946771830984,1
2023-01-03,D05_SI,24.822980880737305,-0.0011791472671589531,-0.0047003438093364824,-0.017116194990010936,0.0008809716566315906,-0.002664049976080385,-0.0017854252719696762,0.005619746622835082,0.007068166468386613,56.097653893774435,0.020070704806702144,1
2023-01-04,D05_SI,24.925559997558594,0.004132425405076523,-0.008163041641879976,-0.013912866449204198,-0.0002674067903544186,0.0021653826348857486,0.0018973968065110203,0.004361493853519164,0.007146886804783656,47.976904707087925,0.01822443108339855,1
2023-01-05,D05_SI,25.482383728027344,0.022339467218521536,0.016959024798984812,0.022941106479498652,-6.900882756788462e-05,0.023377502758701985,0.023306880677077313,0.01141739581486558,0.008083304771297862,64.11296163721529,-0.00805045887353606,0
2023-01-06,D05_SI,25.2552547454834,-0.008913176450370042,0.01591502330477157,0.028955067603088303,0.000618431786078899,0.012810605311667222,0.013436959583269736,0.011675900638765243,0.007572312905344514,59.5505387918427,0.010153895162361648,1
2023-01-09,D05_SI,25.82674217224121,0.022628456236815975,0.039209946771830984,0.05697153963843005,0.002361005429130758,0.03284593459844265,0.03528448945748508,0.014183490971909081,0.008783433057502336,71.17116976258589,-0.01078005776827129,0
2023-01-10,D05_SI,25.321195602416992,-0.019574538919879148,0.020070704806702144,0.035040323039636334,0.0029646359501065422,0.010895696060383653,0.013892633782732311,0.01874704592381649,0.010111860728956036,55.999955570797255,0.008970066058789472,0
2023-01-11,D05_SI,25.37981414794922,0.0023149991198136988,0.01822443108339855,0.030032923694005564,0.0035164034413579515,0.011741416310411923,0.015299107308490267,0.018764416949241237,0.010032898578873045,55.76408086749633,0.011258549688975217,1
2023-01-12,D05_SI,25.277238845825195,-0.004041609663730017,-0.00805045887353606,0.012026824464582475,0.0029326377788470026,0.007049389725761301,0.010002700811235776,0.015691072827161454,0.009679641626531734,53.74675768469089,0.0008695683012924782,0
2023-01-13,D05_SI,25.511693954467773,0.009275344909014827,0.010153895162361648,0.02171372010056216,0.0027150502961641454,0.015293573571727226,0.01805014668934679,0.015656086786208164,0.009865651130879406,56.6586005255704,-0.007754266670903287,0
2023-01-16,D05_SI,25.548328399658203,0.001435986385530219,-0.01078005776827129,0.02679630185109061,0.0028908611681235374,0.015404376047984947,0.01833976912864488,0.010845755319866106,0.0098049810315146,60.50632561008723,0.01835377652115966,1
2023-01-17,D05_SI,25.548328399658203,0.0,0.008970066058789472,0.03043735738354547,0.003164064846443271,0.013883889417695139,0.01709188379057669,0.0048384622631047255,0.009743645824298958,57.72358813362023,0.023802506099062093,1
2023-01-18,D05_SI,25.66555404663086,0.004588388137919175,0.011258549688975217,0.026971532139725474,0.00305386402244201,0.017175510602959854,0.02028182629929942,0.005003323579027125,0.009654916343633435,61.06667425664494,0.02683399149622523,1
2023-01-19,D05_SI,25.299219131469727,-0.014273407637939606,0.0008695683012924782,0.009353972310653047,0.0024923579545190755,0.0021913363615746473,0.0046891559107054,0.00884119460542083,0.010256712553674921,57.53771145033575,0.033304315106132076,1
2023-01-20,D05_SI,25.31386947631836,0.0005790828868077469,-0.007754266670903287,0.009938471922749548,0.0018889156054913148,0.0022771673673249726,0.004170384349792888,0.007338515481573687,0.010255998265503156,57.8947402760515,0.0358900456141531,1
2023-01-25,D05_SI,26.017236709594727,0.02778584419637542,0.01835377652115966,0.0361832035090317,0.002214092559580383,0.028276841395035168,0.030553541498756775,0.015226491359920491,0.011932431258381414,66.59874830866852,0.0084484284879065,0
2023-01-26,D05_SI,26.15644264221191,0.005350527197450106,0.023802506099062093,0.04876600010462018,0.0035200168239153395,0.03129998087995811,0.03493017416315913,0.015085653185557043,0.011781015199659718,66.93539202148119,-0.017366743989448707,0
2023-01-27,D05_SI,26.354263305664062,0.007562980415880549,0.02683399149622523,0.04868786737064812,0.0049081838060949234,0.03659926441206807,0.04168708413506539,0.015133498910270363,0.011779286814833714,63.31093082984386,-0.013066155690897086,0
2023-01-30,D05_SI,26.14179229736328,-0.008062111463199795,0.033304315106132076,0.04327491042307585,0.006341854641598976,0.02605395624019602,0.03256104128510895,0.013252812005134491,0.011957432607213665,63.59556214661998,0.0044843697148395645,0
2023-01-31,D05_SI,26.22238540649414,0.0030829220970816085,0.0358900456141531,0.054818711979509605,0.008346458596011574,0.026471993347593203,0.035039399340034416,0.013011494924386727,0.011719840367289684,57.1428669814017,0.005588052209755556,0
2023-02-01,D05_SI,26.237041473388672,0.0005589143271038655,0.0084484284879065,0.05571946671291972,0.010121965793756571,0.02426961998991617,0.03463724204703822,0.006045954210795311,0.011709767975384616,70.09660594301079,0.01061155009470216,1
2023-02-02,D05_SI,25.70219039916992,-0.02038534240841272,-0.017366743989448707,0.035419175588008445,0.01138345419190756,0.0016704902477699957,0.013072960388891053,0.011046646398858625,0.012789289065189299,55.851086663020155,0.02394505523047652,1
2023-02-03,D05_SI,26.00991439819336,0.011972676034388785,-0.013066155690897086,0.04350371268452857,0.012823940537624035,0.011525829684650324,0.02449757677679698,0.012255455056803654,0.012982620093168308,62.37631992535536,0.01492928707165353,1
2023-02-06,D05_SI,26.259021759033203,0.009577400256924662,0.0044843697148395645,0.030477448236196913,0.013568334166248475,0.01967373364607794,0.03350900760473419,0.012804588264293409,0.012233242249077085,62.5616436335936,-0.014508955647770883,0
2023-02-07,D05_SI,26.36891746520996,0.004185064744041789,0.005588052209755556,0.0440962774262148,0.014939774804360484,0.021731892067522462,0.03699633644544442,0.012859610478122957,0.01199050616332544,63.4615348512089,-0.025840390825052184,0
2023-02-08,D05_SI,26.515457153320312,0.005557288739808541,0.01061155009470216,0.02666673854898116,0.015313979874760797,0.02604090263304304,0.041753672366646954,0.012992681269644027,0.011031079361536536,65.13767548280157,-0.041171548646874,0
2023-02-09,D05_SI,26.317630767822266,-0.007460794824473704,0.02394505523047652,0.03935182133777926,0.01672021079176833,0.016426253343905906,0.03342111455410324,0.007509059306655793,0.010114793993312846,59.95523759715699,-0.031180347786182172,0
2023-02-10,D05_SI,26.398223876953125,0.0030623238786904317,0.01492928707165353,0.04012676070309995,0.018148524645201114,0.017537764190419303,0.03600457338125196,0.00633713601779292,0.010117475913830094,68.38229898772053,-0.02803196353366466,0
2023-02-13,D05_SI,25.87803077697754,-0.01970560983194547,-0.014508955647770883,0.02376809962578541,0.019259051673424343,-0.0036670888569487747,0.015521338162688636,0.010729617056032746,0.011163422460803075,58.07133637685864,-0.011325044088681957,0
2023-02-14,D05_SI,25.68753433227539,-0.007361319195571259,-0.025840390825052184,0.00689254026492514,0.019608960232151418,-0.011336078637083746,0.008050592879884633,0.010052099018352493,0.011152549425783113,44.4717422715559,-0.005704403420756066,0
2023-02-15,D05_SI,25.42377471923828,-0.010268000409276556,-0.041171548646874,-0.004875218388909919,0.019809278569617117,-0.021253082760216202,-0.0018648124274593947,0.008133846829841005,0.011399794751977294,38.2076053821572,-0.0011528668250135876,0
2023-02-16,D05_SI,25.49703788757324,0.0028816794179473693,-0.031180347786182172,-0.0020075877874519144,0.020070480900863163,-0.018335730816047002,0.001366743149669336,0.009598642697946089,0.011420417282253313,35.62652431126551,-0.013218339514733501,0
2023-02-17,D05_SI,25.65822982788086,0.0063219869311244015,-0.02803196353366466,-0.0002853715426011094,0.020173521683370277,-0.01211573343391914,0.007813371238312161,0.010463387525030602,0.011463880067730943,41.75002570734243,-0.01770440479257751,0
2023-02-20,D05_SI,25.5849609375,-0.0028555707417213805,-0.011325044088681957,0.011294491128180262,0.021057922958045427,-0.015478269204125872,0.005253713553495354,0.006902780762376702,0.010987547090929028,39.09776692682,-0.01660942748291916,0
2023-02-21,D05_SI,25.54100227355957,-0.0017181446572388515,-0.005704403420756066,0.008972662099474782,0.021749245207246304,-0.017599137994816605,0.003767339244744372,0.006293890140712028,0.010999986617740763,38.21338988623748,-0.01979352902480136,0
2023-02-22,D05_SI,25.39446449279785,-0.005737354360342284,-0.0011528668250135876,-0.02393690858672959,0.02069203307812617,-0.022064240856072725,-0.0018287617795842426,0.004797131094280296,0.008995521535452036,43.9999375214306,-0.019042117504316725,0
2023-02-23,D05_SI,25.160009384155273,-0.00923252816412301,-0.013218339514733501,-0.0380951367006066,0.018934228064757752,-0.029230520328557108,-0.010849749602151904,0.005793712885374048,0.009029960420314212,32.9410809871314,-0.02300499632668751,0
2023-02-24,D05_SI,25.20396614074707,0.001747088243118089,-0.01770440479257751,-0.04364747940686209,0.016697474584442595,-0.025371660326958367,-0.00909782839599016,0.004152477653480603,0.008799856017713341,26.922900418777303,-0.026162586327052595,0
2023-02-27,D05_SI,25.160009384155273,-0.0017440412491560586,-0.01660942748291916,-0.0375560673897265,0.015064783813597549,-0.025221068818548242,-0.010536234954250046,0.0042286261615207725,0.008690763552408437,22.77230870215942,-0.015142720188951797,0
2023-02-28,D05_SI,25.03545570373535,-0.004950462399205602,-0.01979352902480136,-0.04526398664191844,0.013227184507472511,-0.027811349188783363,-0.014952030528432747,0.004165877313581559,0.008634970530616409,16.33317164052825,-0.00965755277644642,0
2023-03-01,D05_SI,24.910900115966797,-0.004975167588020857,-0.019042117504316725,-0.05054462252411096,0.011079756771391391,-0.030150917864692373,-0.019405225929676084,0.0040990635306674605,0.008627952858325431,16.896414285406507,-0.008529238498475533,0
2023-03-02,D05_SI,24.58120346069336,-0.013235035817196983,-0.02300499632668751,-0.043614451572686286,0.009319770499075952,-0.040893988672542014,-0.031955340762686024,0.005551226868702108,0.007973533726951438,11.728312729294586,-0.001788769541025026,0
2023-03-03,D05_SI,24.544565200805664,-0.0014904990289137388,-0.026162586327052595,-0.05633810150061391,0.006918611628570659,-0.039577938614932084,-0.03293315137269748,0.004752563255334478,0.007249777214650416,14.72853199011962,-0.009552298607575893,0
2023-03-06,D05_SI,24.77901840209961,0.009552143188352291,-0.015142720188951797,-0.05636170953034325,0.004089929422449012,-0.027588127773637172,-0.023611031846679675,0.008250673904235978,0.0072474966844652,26.514985672052717,-0.0331164401645343,0
2023-03-07,D05_SI,24.79367446899414,0.0005914708426582038,-0.00965755277644642,-0.059738629706514446,0.0008226643461912708,-0.02399625312618192,-0.0231933296418797,0.008298580337414025,0.0071065218962386035,31.304244482173175,-0.04462172781252993,0
2023-03-08,D05_SI,24.698429107666016,-0.0038415185876233826,-0.008529238498475533,-0.06852712495763114,-0.0029293344499958796,-0.024255969736095118,-0.02711425033832504,0.008208949940019193,0.006811968211149421,26.609536046479302,-0.021952044506602375,0
2023-03-09,D05_SI,24.537233352661133,-0.006526559009165878,-0.001788769541025026,-0.06765036833551019,-0.006483666021079859,-0.027203042225532492,-0.033510332806064747,0.006135549747631303,0.006786685916427725,17.16719160427563,-0.028068004101495125,0
2023-03-10,D05_SI,24.310108184814453,-0.00925634787680929,-0.009552298607575893,-0.07910061305153537,-0.010381879774343461,-0.03220163437254642,-0.0422492006502968,0.007359506330288234,0.006720907038207737,15.747899952034048,-0.018987410299699525,0
2023-03-13,D05_SI,23.958425521850582,-0.014466519864504424,-0.0331164401645343,-0.07417895401974473,-0.013503549679830251,-0.04254384434083924,-0.055472901105041994,0.005661719924839912,0.00615884350715804,13.51338753311262,-0.014679031280264376,0
2023-03-14,D05_SI,23.68733787536621,-0.011314919097548115,-0.04462172781252993,-0.07786642466482319,-0.016617829998675115,-0.04957881982767065,-0.06537275742691462,0.004123175345534897,0.006339026658943264,12.779457851767576,0.017939707964908846,1
2023-03-15,D05_SI,24.156248092651367,0.019795817484952627,-0.021952044506602375,-0.04985595729133685,-0.01865035794643266,-0.0282935164799053,-0.0464161902164244,0.01380836851486764,0.008100687340449123,30.14487832484437,0.01607522437527975,1
2023-03-16,D05_SI,23.848522186279297,-0.01273897772500876,-0.028068004101495125,-0.06465518498905298,-0.02129557077936517,-0.0374806863365289,-0.05797808450715536,0.014322681580973726,0.008302712258535048,25.721793923094737,0.028878567862711035,1
2023-03-17,D05_SI,23.848522186279297,0.0,-0.018987410299699525,-0.07053127412691151,-0.024135463029683613,-0.03395271711040382,-0.05726871559151203,0.014329527308097641,0.008032916081228655,26.133308341924135,0.025192078310270816,1
2023-03-20,D05_SI,23.606739044189453,-0.010138286146256448,-0.014679031280264376,-0.07731971520859571,-0.027110863199679258,-0.039899991654309463,-0.06592913163858038,0.013633755129404748,0.008160498476645087,25.063899965178777,0.03848544809493282,1
2023-03-21,D05_SI,24.112281799316406,0.021415188018159892,0.017939707964908846,-0.055938308878434095,-0.02932773376484188,-0.016481809564302785,-0.045326169206279965,0.01618893025162313,0.009943280470886925,37.697449145092214,0.021574256156965177,1
2023-03-22,D05_SI,24.544565200805664,0.017927934199139628,0.01607522437527975,-0.03346789581773735,-0.030649363682417996,0.002888978608371895,-0.02784893043008485,0.015738985066937536,0.010937184148748448,49.4528874860509,0.0026864989884929358,0
2023-03-23,D05_SI,24.537233352661133,-0.0002987157476430635,0.028878567862711035,-0.024752615230991926,-0.031625094766641104,0.003866648477601986,-0.02788072941357267,0.01337705517997991,0.01079242525599148,49.8895481011698,0.00029880500540357957,0
2023-03-24,D05_SI,24.449316024780273,-0.0035830171485622397,0.025192078310270816,-0.02994172074952761,-0.03268477034942652,0.0018162921812714394,-0.030927843260987298,0.01385172625152981,0.010781693519121402,44.80372416952595,-0.011087661465089105,0
2023-03-27,D05_SI,24.51525497436523,0.002696964999680418,0.03848544809493282,-0.02562615935255108,-0.033616420398452695,0.005846826950250517,-0.027966142840958774,0.011280624592660483,0.010821278655924794,45.68177192542345,-0.014644223855279748,0
2023-03-28,D05_SI,24.63248634338379,0.004781976330294979,0.021574256156965177,-0.016095946689376195,-0.03427036044852749,0.011492943723060423,-0.023171284049470997,0.008243370554467434,0.010864470203541792,48.98416946238227,-0.009518280861761985,0
2023-03-29,D05_SI,24.610504150390625,-0.0008924065840015816,0.0026864989884929358,-0.012058816188004085,-0.03471173255296944,0.011213960682984636,-0.02388702787407193,0.003255816323122788,0.01081926844398792,51.17929813725232,-0.008335741043627665,0
2023-03-30,D05_SI,24.544565200805664,-0.00267930104893499,0.00029880500540357957,-0.0014904990289137388,-0.03460671573163454,0.00858053087079913,-0.026323128853507738,0.0035683662251731656,0.010417975173891711,53.98011287288363,-0.0035821799737514315,0
2023-03-31,D05_SI,24.17823028564453,-0.014925296584561543,-0.011087661465089105,-0.014925296584561543,-0.03485645289893058,-0.00572447313298996,-0.04038139120378936,0.007690918307221834,0.010937724774550874,53.71290749321643,0.009333597131541582,0
2023-04-03,D05_SI,24.156248092651367,-0.0009091729515958713,-0.014644223855279748,-0.025132969326802423,-0.035246014792317926,-0.005354796720276722,-0.040412076268181885,0.00727426911799095,0.010668725134591177,58.64859768633371,0.01274734735899763,1
2023-04-04,D05_SI,24.398027420043945,0.010008976827247107,-0.009518280861761985,-0.01595758020639393,-0.035484447497772464,0.0054195464848434405,-0.030257210625632136,0.00886121125313069,0.010956733486554206,54.867179844756464,-0.0019208709970681692,0
2023-04-05,D05_SI,24.405357360839844,0.0003004316976000787,-0.008335741043627665,-0.011866007572732928,-0.03515839416682909,0.00632928881522532,-0.02905163298256508,0.008910349216978489,0.010934289804443319,62.7516995452155,0.00395375351023608,0
2023-04-06,D05_SI,24.456642150878903,0.0021013742712634453,-0.0035821799737514315,-0.003284445341654174,-0.03476537681219516,0.00861154882013948,-0.026453211731724546,0.009026798956101,0.010855590383433592,63.6065366684704,0.0033886992716765096,0
2023-04-10,D05_SI,24.403900146484375,-0.002156551339678958,0.009333597131541582,0.0038581466177312063,-0.0339532104975272,0.006241816260268429,-0.027923323938630507,0.00481396239095313,0.010654939792364438,69.48458452914429,0.014202005334720491,1
2023-04-11,D05_SI,24.464176177978516,0.002469934360177506,0.01274734735899763,0.02110951137697592,-0.0324236611552593,0.007676486914762526,-0.024996074051083617,0.004556754888069038,0.010081675018602382,60.994272066132304,0.00862339288869074,0
2023-04-12,D05_SI,24.35116195678711,-0.004619580090055808,-0.0019208709970681692,0.02802442743518463,-0.03035337483201328,0.0016520443791268047,-0.02875147557516533,0.0029946828535200322,0.00975380541397767,42.45157870758433,0.019492486188243507,1
2023-04-13,D05_SI,24.501850128173828,0.0061881306384528045,0.00395375351023608,0.014306941798117867,-0.02898867399522631,0.007134533336483617,-0.02206096131974211,0.00423164258856088,0.00883657966888742,48.75799559999303,0.004612632731710198,0
2023-04-14,D05_SI,24.53951835632324,0.0015373626053689637,0.0033886992716765096,0.028974381081000145,-0.02695670713531617,0.00725241467467308,-0.019899793679052036,0.004195531460559383,0.00824674204895018,53.28201512341898,0.0018422520213514648,0
2023-04-17,D05_SI,24.750484466552734,0.008596994739920705,0.014202005334720491,0.0378204684226664,-0.02456133816006334,0.01403467541721981,-0.010871373151732588,0.005045591332505335,0.008389384601922713,57.74179292612266,0.0006087983538092256,0
2023-04-18,D05_SI,24.675140380859375,-0.003044145895211736,0.00862339288869074,0.04525831944301917,-0.0220199330763996,0.0087400412020755,-0.013472346996678763,0.0057047628282799285,0.007994693036089701,51.44361801156031,0.004885490164552753,0
2023-04-19,D05_SI,24.82582664489746,0.006106804731898174,0.019492486188243507,0.029592589018318627,-0.020274923623699204,0.013422128264072963,-0.007124927985047935,0.004635942944863571,0.006689006943771796,56.70354205635227,-0.007587191741044386,0
2023-04-20,D05_SI,24.6148681640625,-0.008497541042739809,0.004612632731710198,0.00286429858022208,-0.0192175403083511,0.004666369682157612,-0.01464084677365396,0.00690331226766665,0.005822994109752301,52.00744616075038,0.0027547639415805847,0
2023-04-21,D05_SI,24.584726333618164,-0.0012245375536215075,0.0018422520213514648,0.0019355475115894194,-0.018092828802670935,0.003338872056095843,-0.014814366387080113,0.006953866971972412,0.005830500841395609,64.36522219750748,0.005822967060649331,0
2023-04-24,D05_SI,24.765552520751953,0.007355224730995591,0.0006087983538092256,0.012934369847040328,-0.016415542963000518,0.010066854915110612,-0.006513940937251106,0.006600569789608544,0.005976752874699637,69.35890676605166,0.0024337887917098566,0
2023-04-25,D05_SI,24.795690536499023,0.0012169329039526389,0.004885490164552753,0.01143922681722187,-0.014966524503505774,0.010718028706898641,-0.004408907435878073,0.0063574145141748325,0.005959338985798257,64.59780931335901,-0.0212700180452694,0
2023-04-26,D05_SI,24.637468338012695,-0.006381036182615096,-0.007587191741044386,0.00020225301495990777,-0.013910655964509133,0.0042584033924919495,-0.009711489756568215,0.006298065421068882,0.006067421786037101,57.670774370449784,-0.017431195430501645,0
2023-04-27,D05_SI,24.682676315307617,0.0018349278698075455,0.0027547639415805847,0.0029325756382705404,-0.012737593636023448,0.005953177433533519,-0.00686024535748142,0.004989855663488942,0.006076297680585663,57.50007278121726,-0.0262515598882328,0
2023-04-28,D05_SI,24.727882385253903,0.0018314898015434622,0.005822967060649331,0.007468748496804567,-0.011723076934379462,0.007419240330450272,-0.004390812929117804,0.0049029848450579385,0.006048859425329037,60.80413388831776,-0.026508091460609506,0
2023-05-02,D05_SI,24.82582664489746,0.003960883431812334,0.0024337887917098566,0.026784274597526192,-0.009632460052507619,0.01007705651152957,0.00034752961472772625,0.003981048621060802,0.004896622549876694,61.764724131555134,-0.025121077071759146,0
2023-05-03,D05_SI,24.268285751342773,-0.02245809984616487,-0.0212700180452694,0.004638040570774216,-0.008080604583088236,-0.01283235135973948,-0.020809262785618454,0.01092594842591241,0.0072306694772638486,47.90879172815014,-0.005240745699458094,0
2023-05-04,D05_SI,24.2080078125,-0.0024838152748155595,-0.017431195430501645,-0.00778831846823147,-0.007020997830133546,-0.014903579331100425,-0.021819939163089108,0.010874124425022457,0.006874673365625366,42.231032702098645,-0.019163773498325876,0
2023-05-05,D05_SI,24.034717559814453,-0.007158385523821087,-0.0262515598882328,-0.015186821300970155,-0.006109365903092745,-0.021217157379043172,-0.027196899904283867,0.010516648870288397,0.007036890719468579,37.54654851632939,-0.026068568223412636,0
2023-05-08,D05_SI,24.0723934173584,0.0015675598205047159,-0.026508091460609506,-0.01571142641536727,-0.005380540514763998,-0.01891525436930619,-0.02419402059158904,0.010472716823027932,0.007026546295801541,31.70743002036538,-0.018078235037260137,0
2023-05-09,D05_SI,24.20217514038086,0.005391309487692064,-0.025121077071759146,-0.008266097012881612,-0.004312135787394311,-0.01322028620555249,-0.01747541432368016,0.010803740303474375,0.007149653232665724,37.60506973991491,-0.023343691459707716,0
2023-05-10,D05_SI,24.141101837158203,-0.002523463402293813,-0.005240745699458094,-0.01320601758546558,-0.003797161553612205,-0.015061683591866326,-0.018801653499610826,0.004740279747591768,0.007131672274805305,31.171136205097,-0.033206814628238046,0
2023-05-11,D05_SI,23.744091033935547,-0.016445430117509097,-0.019163773498325876,-0.02492985443277218,-0.0037192583657642553,-0.030058240759626043,-0.03366570476198494,0.00845725129735037,0.007925085878465308,28.277679973354893,-0.02122166239769463,0
2023-05-12,D05_SI,23.408166885375977,-0.0141476946023944,-0.026068568223412636,-0.044636761594597396,-0.004583872177162052,-0.041639859267499135,-0.04603285965230386,0.0096391845211056,0.008222033885991478,24.53466405981665,0.0055445369004714085,0
2023-05-15,D05_SI,23.63720703125,0.00978462546834935,-0.018078235037260137,-0.03676972432675052,-0.0051657728934841884,-0.030471859759337527,-0.035480221945662804,0.011591041888000198,0.008619112984824132,26.07748336765212,-0.0016150631855648134,0
2023-05-16,D05_SI,23.63720703125,0.0,-0.023343691459707716,-0.04498002601957929,-0.006071020987179376,-0.028253199573147314,-0.03415269479276317,0.010768473674980255,0.00827909034970664,25.1205715011326,0.017118943533227293,1
2023-05-17,D05_SI,23.339452743530273,-0.012596847306286074,-0.033206814628238046,-0.05413090327807013,-0.007281813929355341,-0.03785250629711667,-0.04485868531885673,0.011200953711586026,0.008595858706367697,23.700185500077296,0.027150935370501283,1
2023-05-18,D05_SI,23.24020195007324,-0.00425249017394147,-0.02122166239769463,-0.06386996564120939,-0.00897109397121254,-0.03880255123105536,-0.04742554386885134,0.00978094006195211,0.008342892881156817,21.399570694044584,0.03843618796544068,1
2023-05-19,D05_SI,23.537954330444336,0.012811953227031214,0.0055445369004714085,-0.04375054241364773,-0.009922466366664273,-0.024314866397519896,-0.03399606932014487,0.010368740514978561,0.008975700290553834,28.55457494838592,0.025948759495738827,1
2023-05-22,D05_SI,23.599031448364254,0.002594835433125109,-0.0016150631855648134,-0.04009379123761203,-0.010889035972471262,-0.019780604462774076,-0.030454248721693,0.0093170188597847,0.009037869206802884,27.59236962901645,0.018117241935039496,1
2023-05-23,D05_SI,24.041851043701172,0.018764312268739758,0.017118943533227293,-0.02922210099873057,-0.011589148809304395,0.00011571087986905759,-0.011474778920041007,0.012646484375889258,0.009971585547267429,45.68322224767557,-0.005081137790251322,0
2023-05-24,D05_SI,23.973140716552734,-0.002857946629131969,0.027150935370501283,-0.03317309589484929,-0.012476991387632475,-0.001033474216356245,-0.013497570955091964,0.010034619504043659,0.009956178612069504,45.53681588649687,-0.03503205946774679,0
2023-05-25,D05_SI,24.133466720581055,0.006687734657879751,0.03843618796544068,-0.02045671294294571,-0.01290334611944377,0.006704482589652949,-0.006285373789197024,0.008471405916528141,0.010056865981578095,51.885824101453416,-0.03195199640998925,0
2023-05-26,D05_SI,24.14873504638672,0.0006326619371530562,0.025948759495738827,-0.02163222748214544,-0.013486627147457186,0.008464455042478614,-0.005136329054142852,0.008348286044699263,0.010042708103809457,51.47048990367694,-0.018020847188333966,0
2023-05-29,D05_SI,24.026580810546875,-0.005058411366276605,0.018117241935039496,-0.02836076149914224,-0.014555941984390253,0.004834643498262681,-0.009791671276403457,0.009552003202600393,0.010057010320454886,46.60774005079068,-0.009850797596351102,0
2023-05-30,D05_SI,23.91969108581543,-0.004448811321689394,-0.005081137790251322,-0.03649971346546366,-0.016000823658369412,0.0022634231209668343,-0.013773617171625396,0.004836926097195017,0.009997170857099004,45.79702714699816,-0.014043992543701589,0
2023-05-31,D05_SI,23.133312225341797,-0.032875794994692176,-0.03503205946774679,-0.0467677666906563,-0.01722920304052933,-0.028376421372392935,-0.045116721287533634,0.015210571329946366,0.01131427137344993,39.89895931118717,0.026402566249231763,1
2023-06-01,D05_SI,23.362354278564453,0.009900962343461828,-0.03195199640998925,-0.034932801595465746,-0.018007567778990374,-0.01701070537331173,-0.034711951722323664,0.015982411337914903,0.011639685072098937,49.21458641119062,0.010130707161519092,1
2023-06-05,D05_SI,23.71355438232422,0.015032735980808232,-0.018020847188333966,-0.01336246938167529,-0.018005052559266654,-0.0015590806721914596,-0.01953606190201118,0.018636749994571395,0.012140060215602998,51.25628172246305,0.006117159124800597,0
2023-06-06,D05_SI,23.789899826049805,0.003219485467876204,-0.009850797596351102,-0.01173516843177258,-0.01808337700621432,0.002251433045148632,-0.015872657473625318,0.018829259900209904,0.012161198434096809,52.45095187739453,-0.008344104139268671,0
2023-06-07,D05_SI,23.583763122558594,-0.00866488320667469,-0.014043992543701589,-0.025551918959154096,-0.018871149618237992,-0.005136987568891027,-0.02391119632612948,0.019068497510817153,0.012207711559086643,54.04038970239863,0.008740619655140502,0
2023-06-08,D05_SI,23.744091033935547,0.006798232773275847,0.026402566249231763,-0.016445430117509097,-0.01954776872536179,0.00246576740775728,-0.017130201568621994,0.00890894347964517,0.012332720990373856,58.16827228996578,-0.0032152646428048604,0
2023-06-09,D05_SI,23.599031448364254,-0.00610929200717647,0.010130707161519092,-0.00610929200717647,-0.01978828318641801,-0.0033533977576208907,-0.023075322959574374,0.009667567873435867,0.011847679452780247,51.04165446816477,0.00873504538908243,0
2023-06-12,D05_SI,23.858613967895508,0.010999710733859303,0.006117159124800597,0.01924315922409736,-0.018654408499967245,0.006651923618020916,-0.012126572582427553,0.008399147249201894,0.011626266862414551,54.146365836597354,-0.004479891532231162,0
2023-06-13,D05_SI,23.591394424438477,-0.011200128549655353,-0.008344104139268671,-0.0019381565153173685,-0.018575107822274672,-0.004526497637845073,-0.023017525278439477,0.009895523748176446,0.011739829438667512,42.37713537621937,0.008090754999419802,0
2023-06-14,D05_SI,23.789899826049805,0.008414314051978788,0.008740619655140502,0.006459849279059737,-0.01821921243811986,0.0035264381565807135,-0.014757023207463749,0.009809746595267687,0.011890802086110045,47.02958878459595,0.006097848920194826,0
2023-06-15,D05_SI,23.667747497558594,-0.005134629796021861,-0.0032152646428048604,0.014066086194729932,-0.017580777005006265,-0.002317115050255225,-0.019857155372267954,0.009735102178540612,0.011574739121150495,42.35589207817328,0.02645148780905293,1
2023-06-16,D05_SI,23.8051700592041,0.005806321943382375,0.00873504538908243,0.024309948353485877,-0.01620240010590579,0.002282260799782554,-0.013957117408747277,0.0095068956314714,0.011563881108247657,44.578286417407575,0.00801801812629277,0
2023-06-19,D05_SI,23.75172996520996,-0.0022448944435697893,-0.004479891532231162,0.009082167114629947,-0.015220648153204452,-0.0004176048393839116,-0.01563189677626098,0.008024348941307121,0.011258717083368048,45.56649685534206,0.014786295746633149,1
2023-06-20,D05_SI,23.78226661682129,0.00128566010375053,0.008090754999419802,0.007764520711706302,-0.014326937491367042,0.0004817635435907519,-0.013852076143951009,0.005575887091116898,0.011249777327749353,47.7272813300814,0.004494433567034717,0
2023-06-21,D05_SI,23.934967041015625,0.00642076832518268,0.006097848920194826,-0.004445747646105169,-0.01419812145456556,0.007132050519299549,-0.0071673326547589955,0.005011817134138812,0.010506001277588682,66.77332792710527,0.0054224239163280785,0
2023-06-22,D05_SI,24.293794631958008,0.014991772929015879,0.02645148780905293,0.013375548877660126,-0.013382022731363685,0.021541591677668226,0.007871298876804156,0.006489833344676794,0.01101162566310756,68.48494345990406,-0.009742210553629671,0
2023-06-23,D05_SI,23.99604034423828,-0.012256392722116649,0.00801801812629277,-0.005694431634456265,-0.01323284672883085,0.00931280297528847,-0.004043278647930082,0.010117475926703258,0.011282945651053982,55.72758914069146,0.0025453793372713918,0
2023-06-26,D05_SI,24.102930068969727,0.004454473454705177,0.014786295746633149,-0.0018967857872889127,-0.012981346805402971,0.013906431315541035,0.0007445603024056613,0.009916074016924131,0.011330490713563963,56.26924305187352,-0.004751332152714616,0
2023-06-27,D05_SI,23.8891544342041,-0.008869279965295185,0.004494433567034717,-0.005719764182277931,-0.012818915133864017,0.005204362402423168,-0.00768126701140337,0.011293904108280088,0.011450846833692298,56.09759627212339,-0.002556767985940178,0
2023-06-28,D05_SI,24.06475257873535,0.007350538296149622,0.0054224239163280785,0.006064522004046502,-0.012440049387108632,0.012284212678915774,-0.00030865292060033855,0.011413555427345453,0.011525438563213473,56.36368453924331,-0.025697913292379138,0
2023-06-30,D05_SI,24.057119369506836,-0.0003171945858799763,-0.009742210553629671,0.03993406284263257,-0.01045330671616207,0.010000692146085344,-0.000557154872453669,0.008430287617489892,0.008480090256143522,59.615461607816385,-0.02665819066081687,0
2023-07-03,D05_SI,24.057119369506836,0.0,0.0025453793372713918,0.029738659154734615,-0.008776144208986758,0.008529820468410554,-0.0003211826750837421,0.00614951500316717,0.008280857800015843,54.67631459284782,-0.01904167802082002,0
2023-07-04,D05_SI,23.9884090423584,-0.002856132776874798,-0.004751332152714616,0.011590614194852744,-0.007918592823470405,0.005070277266582046,-0.002888465018064612,0.00584272078809127,0.007686896938842194,60.31771524196442,-0.013049069976667327,0
2023-07-05,D05_SI,23.828075408935547,-0.006683796042486034,-0.002556767985940178,0.001604697084261808,-0.007407023027716675,-0.0017272436799833368,-0.00912147297398791,0.005140648204344979,0.00782726386424002,51.01219898269325,-0.006408104396989689,0
2023-07-06,D05_SI,23.446338653564453,-0.016020461108157358,-0.025697913292379138,-0.005827079770093557,-0.0070337655581760306,-0.017437184546721052,-0.024348301036800857,0.006626773997398202,0.008412184762067789,44.839818418792554,0.0377727019286509,1
2023-07-07,D05_SI,23.415800094604492,-0.0013024873269634751,-0.02665819066081687,-0.013826216335755093,-0.006994809633340093,-0.018041488193305977,-0.024910101051231703,0.006458704135771044,0.008247944605582437,40.449479203703774,0.043038790064661825,1
2023-07-10,D05_SI,23.599031448364254,0.007825116076301875,-0.01904167802082002,0.0,-0.006476181712505524,-0.010357548856305798,-0.01676665320032178,0.008659206701593538,0.00835160354556655,46.478787750836474,0.050469303802916476,1
2023-07-11,D05_SI,23.675382614135746,0.0032353516685017514,-0.013049069976667327,-0.0076798825785237,-0.006287598040359055,-0.006774113127644754,-0.013019118267577179,0.009235847317253108,0.007987526287869,47.58626690190357,0.04901641614540675,1
2023-07-12,D05_SI,23.675382614135746,0.0,-0.006408104396989689,0.0035601197702102017,-0.005515441825691969,-0.006949061849829241,-0.01242617652914535,0.008975074602782407,0.007568804486323713,43.703626254560554,0.05578826041256546,1
2023-07-13,D05_SI,24.33197021484375,0.027732924591300057,0.0377727019286509,0.022785736499839393,-0.004095102416636465,0.01943221131722095,0.01525753200505875,0.011846918691892385,0.009625034310554156,50.80909942766776,0.02133674480440484,1
2023-07-14,D05_SI,24.423587799072266,0.0037653171288456466,0.043038790064661825,0.03193545569098366,-0.0023436962419770557,0.021653046893545635,0.019258602486937004,0.011098917866503877,0.009523366193348834,59.929092465055625,0.023444681036164594,1
2023-07-17,D05_SI,24.790058135986328,0.015004770794894595,0.050469303802916476,0.04137286456399103,-0.00026372973252952736,0.034851003946117176,0.034578082967638535,0.011446859745829657,0.009948995147015872,64.24049857339261,-0.0009241270957511816,0
2023-07-18,D05_SI,24.835865020751953,0.0018477925511246607,0.04901641614540675,0.045644467040083514,0.0018445125140209573,0.034422462341935356,0.036330467518509435,0.011665013215568718,0.009897404350287393,71.08847959552185,0.006762845605141177,0
2023-07-19,D05_SI,24.996191024780273,0.006455422587228421,0.05578826041256546,0.05104325956468636,0.004089869630932608,0.038474812617432796,0.042722039216045005,0.0106392923430956,0.00993748418136447,70.8904209209646,0.012828416316786662,1
2023-07-20,D05_SI,24.85113525390625,-0.005803114991808966,0.02133674480440484,0.03827739605075098,0.005940923120636432,0.03048727757327252,0.03660932326612931,0.007543201264696838,0.01006130683004045,66.77427959644345,0.037173409290182535,1
2023-07-21,D05_SI,24.996191024780273,0.005836987702653174,0.023444681036164594,0.028912584611144876,0.00726546436299369,0.03499496351057596,0.04251468253383983,0.0075665061414754336,0.00963488890429641,68.69303935400686,0.04642652235146616,1
2023-07-24,D05_SI,24.767148971557617,-0.009163078206419262,-0.0009241270957511816,0.0321348279239948,0.008782558761978088,0.02387667594548537,0.03286893301699534,0.007011756865145928,0.00942549933327254,64.57139227025692,0.05610368299281654,1
2023-07-25,D05_SI,25.003826141357425,0.009556092631881397,0.006762845605141177,0.037377035481155785,0.01043552488586097,0.03173967488126306,0.042506419934216444,0.0082949792195144,0.009573975677046357,71.38897601949756,0.0503817698798843,1
2023-07-26,D05_SI,25.31685256958008,0.012519141128761069,0.012828416316786662,0.059763443670983296,0.012997244720067025,0.041588093824949546,0.05512586917790041,0.009568652500339173,0.009504407452941328,84.9004256288346,0.020506697569756538,1
2023-07-27,D05_SI,25.77493667602539,0.018094038553422953,0.037173409290182535,0.07106593311918075,0.015891255010584304,0.05671706981832236,0.07350963024884272,0.010271203077539376,0.010053974196719726,87.96080378752677,0.0,0
2023-07-28,D05_SI,26.15667724609375,0.014810533770328815,0.04642652235146616,0.08727386867640408,0.01892786748153541,0.06777206335347152,0.08798271146911163,0.010711225819832852,0.01031833777054623,88.68373362073791,-0.0002918993305347506,0
2023-07-31,D05_SI,26.15667724609375,0.0,0.05610368299281654,0.08727386867640408,0.02191389234000818,0.06321573273404013,0.08651492783537695,0.006896341916375365,0.01031833777054623,88.41619600480277,0.0026270210546701644,0
2023-08-01,D05_SI,26.26356315612793,0.004086371867058958,0.0503817698798843,0.09484389355509548,0.025057520204172512,0.06264672852992725,0.08927402039996357,0.007581618588769143,0.010182840558724905,88.78730086861472,-0.002906968510721808,0
2023-08-02,D05_SI,25.836017608642575,-0.016279038184717876,0.020506697569756538,0.08426791359549113,0.027968269451122296,0.041118676576776814,0.07023696425387205,0.013625849064454253,0.010939851069197724,74.20157162867716,0.011524701092922918,1
2023-08-03,D05_SI,25.77493667602539,-0.0023641775424688705,0.0,0.0993160619603577,0.03167105754789756,0.0338068753995453,0.06654863244373654,0.0112542646756202,0.010003365216266515,71.96031561041653,0.010016361428468956,1
2023-08-04,D05_SI,26.1490421295166,0.014514311254901546,-0.0002918993305347506,0.11672639943411145,0.035891550662975336,0.043094274155266676,0.08053254514236996,0.011157505591611506,0.010120647439445943,72.02972424621134,-0.006210233697790057,0
2023-08-07,D05_SI,26.225391387939453,0.002919772664891296,0.0026270210546701644,0.11129100553646842,0.03954143631348561,0.04068841335948825,0.08183872797852487,0.011234205092643713,0.01012290889351874,72.30397319526018,-0.01707555198827493,0
2023-08-08,D05_SI,26.18721580505371,-0.0014556725701831974,-0.002906968510721808,0.10609472429046352,0.042729978229231635,0.03402017467992047,0.07820383423257993,0.011073453271767326,0.010228004372306724,69.8980053559297,-0.021260713042575152,0
2023-08-10,D05_SI,26.133769989013672,-0.0020409124985988347,0.011524701092922918,0.10383728174302487,0.045998942393431275,0.02692558956613622,0.07416308060292942,0.007146250630706515,0.010291590231483965,72.10513374777788,-0.02903692716088646,0
2023-08-11,D05_SI,26.03310775756836,-0.0038518067422966817,0.010016361428468956,0.06991367849393582,0.04777528733921588,0.019562380124528822,0.06827226579523304,0.007415638681107912,0.008956699960911035,68.1480868235148,-0.026769735697801833,0
2023-08-14,D05_SI,25.986650466918945,-0.0017845464737458183,-0.006210233697790057,0.06399807762502663,0.049082980138766885,0.014637327259102939,0.06443875104101293,0.002505479732804878,0.009031186600850142,72.80093005342101,-0.030989272331608197,0
2023-08-15,D05_SI,25.777578353881836,-0.00804536595831229,-0.01707555198827493,0.03983533287733532,0.04928786859776091,0.0045375861861640665,0.05404910273561958,0.0027392706065984666,0.008907996529695992,64.6176807819561,-0.018924629343593624,0
2023-08-16,D05_SI,25.630456924438477,-0.005707340985395715,-0.021260713042575152,0.0319937277410145,0.04941590262429929,-0.002739650472063704,0.04654086985128347,0.0026286524125074874,0.009073124944562886,56.32081745943259,-0.009063576980684496,0
2023-08-17,D05_SI,25.37492561340332,-0.009969830494574894,-0.02903692716088646,0.015151692041702747,0.04892144863472203,-0.013409099945503322,0.03485635609499682,0.0032531255671944645,0.009351035901734047,41.22079437785233,0.001220706703491281,0
2023-08-18,D05_SI,25.33620834350586,-0.0015258082126952122,-0.026769735697801833,0.019519152129010342,0.048987689420504354,-0.015842504305703553,0.03236909743422989,0.003743541775872084,0.009240482039986396,28.80089810916087,0.005501348668683681,0
2023-08-21,D05_SI,25.18134307861328,-0.006112408881113196,-0.030989272331608197,0.007407210708601841,0.04850460258699174,-0.022209692205644727,0.025217638087332794,0.003149977090580422,0.009297914347544088,26.666818766711984,0.021525227922821744,1
2023-08-22,D05_SI,25.28974723815918,0.004304939542242536,-0.018924629343593624,0.021100461227964162,0.048745592357497314,-0.01899571379664844,0.028823921239577777,0.005429409825943494,0.009052565775064664,26.720051506247685,0.021433035744251594,1
2023-08-23,D05_SI,25.39815330505371,0.004286561896947649,-0.009063576980684496,0.015770672914896533,0.04865932554017682,-0.015543499611958334,0.03235948972056657,0.006319308696151348,0.008867787588111409,37.64766019725699,0.010670964671157135,1
2023-08-24,D05_SI,25.405900955200195,0.00030504777467199595,0.001220706703491281,0.003517356092167301,0.0478611595676357,-0.015413113344641793,0.03171035674577194,0.004369585924047244,0.008429428507598083,39.26635696002255,0.01493444936861521,1
2023-08-25,D05_SI,25.4755916595459,0.002743091239653106,0.005501348668683681,-0.011613802208015889,0.04615169104429184,-0.012139298289877698,0.03345214361024529,0.004352476467815214,0.0073442481487270336,26.197211203723427,0.01580543234714793,1
2023-08-28,D05_SI,25.723377227783203,0.009726391109917909,0.021525227922821744,-0.016565560458381867,0.04344558191245951,-0.0016923020739640915,0.04167975679012015,0.003457815210569621,0.0068560495352184975,34.17439908413543,0.003311247475059842,0
2023-08-29,D05_SI,25.831783294677734,0.004214301486721084,0.021433035744251594,-0.012421071237728953,0.04105264669123776,0.0031472979908946375,0.04432914959458456,0.0034578448436500433,0.00694650092510668,39.27036970928794,0.0011990436004711835,0
2023-08-30,D05_SI,25.66917610168457,-0.0062948496872327064,0.010670964671157135,-0.02263162278895403,0.038482741691112876,-0.0020155731295016244,0.03638960378150902,0.0058466551857835536,0.006965580317061719,36.8422360436336,0.007843043426602803,0
2023-08-31,D05_SI,25.785324096679688,0.004524804167263197,0.01493444936861521,-0.0019621256159049194,0.036987989012438716,0.0025989119885116985,0.039683029529026026,0.005820280015096309,0.006079864666831945,43.04353693120967,-0.0021020885075569984,0
2023-09-04,D05_SI,25.878244400024418,0.003603612000234513,0.01580543234714793,0.004008068974040047,0.0355994504211159,0.006009839084210711,0.04182323647384378,0.0058241431975910125,0.006108273912271225,47.033908919356826,0.002094614300645725,0
2023-09-05,D05_SI,25.80855369567871,-0.0026930228831767433,0.003311247475059842,-0.013021067163816014,0.03348248188273395,0.003965075578688415,0.037580318032649496,0.004895066826617172,0.005120568896147404,50.91749338997989,-0.0021001964730917866,0
2023-09-06,D05_SI,25.862756729125977,0.0021001964730917866,0.0011990436004711835,-0.013827616657810737,0.031189416442803708,0.00678371734835892,0.03818471397657075,0.004594570575029868,0.005093768397670447,57.28156268533927,0.004191663532955081,0
2023-09-07,D05_SI,25.870500564575195,0.0002994203413937413,0.007843043426602803,-0.01209426931202795,0.02916845302634874,0.00770637301095034,0.03709960901647236,0.0028694618644607385,0.005094885864312606,68.39092175449316,0.020353309038394274,1
2023-09-08,D05_SI,25.731121063232425,-0.005387584248509825,-0.0021020885075569984,-0.015407226969186394,0.026893307003339473,0.00306387069544356,0.030039575314014355,0.0036366823261183433,0.005198743279479992,63.63650733434506,0.030394088648041384,1
2023-09-11,D05_SI,25.932449340820312,0.007824310378593102,0.002094614300645725,-0.003866553992916355,0.02522630523678071,0.01111052951327407,0.03661711235889875,0.005026927062679025,0.0054815537136038974,75.12966990330914,0.02209608775240368,1
2023-09-12,D05_SI,25.754350662231445,-0.006867792403570716,-0.0021001964730917866,-0.008939197646238295,0.02333940946064539,0.0046213956013179125,0.02806866570618216,0.005939014855584771,0.005674352632148433,64.85157328416668,0.017137687382009714,1
2023-09-13,D05_SI,25.97116470336914,0.00841854038493195,0.004191663532955081,0.007509873380256993,0.02225267843619627,0.012696478398322997,0.03523168748558936,0.007153643326611801,0.005706111997430144,67.12973469189936,0.0041741668300729895,0
2023-09-14,D05_SI,26.397050857543945,0.01639842336834274,0.020353309038394274,0.029909491483724793,0.021984484861475195,0.0277670095144249,0.050361937776218335,0.00992566896237673,0.006542612482676211,73.70375776595841,-0.025520791447360303,0
2023-09-15,D05_SI,26.513195037841797,0.0043998922805672525,0.030394088648041384,0.04485803985321746,0.02239745718374886,0.030006659915153833,0.053076189979579524,0.008447471054168765,0.005982359060680461,74.27533612676653,-0.028913532198366232,0
2023-09-18,D05_SI,26.505455017089844,-0.0002919308948207133,0.02209608775240368,0.04614923660760328,0.022978800450551118,0.027372607285136574,0.050980397416304335,0.008790442800348186,0.0059480321942845605,70.61234707912072,-0.022787045824226637,0
2023-09-19,D05_SI,26.195720672607425,-0.011685682976682044,0.017137687382009714,0.04028290273586177,0.023703183367850933,0.01337485871728794,0.03739506881383403,0.010444391790253367,0.006469372002653818,58.67162461620136,-0.00945900940593003,0
2023-09-20,D05_SI,26.079572677612305,-0.004433853775077656,0.0041741668300729895,0.031231053122641406,0.023859103689591876,0.007342775230650966,0.0313770709558403,0.010496641409833599,0.006599058052236654,60.00001859033228,-0.00742283796332488,0
2023-09-21,D05_SI,25.723377227783203,-0.013658024777947086,-0.025520791447360303,0.01280502242912207,0.023409115474059217,-0.007039216738844778,0.016205116897727967,0.007589705003870189,0.007382195288012825,48.64864415044912,0.0084286771218951,0
2023-09-22,D05_SI,25.746604919433594,0.0009029798632078645,-0.028913532198366232,0.013410426374336426,0.02283119085309271,-0.006795708492735253,0.01588032824277774,0.006586337981915481,0.007381883236158525,47.038260539693326,0.011729407326784624,1
2023-09-25,D05_SI,25.90147399902344,0.006015126269054205,-0.022787045824226637,0.016717269815319957,0.022436435511839603,-0.0016415553743602818,0.020758049486183427,0.008295210413512357,0.007465514172745477,52.01343030795982,0.004185250598092605,0
2023-09-26,D05_SI,25.947935104370117,0.0017937629861692894,-0.00945900940593003,0.008729719841933381,0.02161015267251698,-0.00028338746190503805,0.021320641164294774,0.007563373702451682,0.007174478173111792,51.85188871251064,0.0005968748895102127,0
2023-09-27,D05_SI,25.885988235473633,-0.0023873525445210486,-0.00742283796332488,0.0020983816787851772,0.020492493546441892,-0.0027741936104881404,0.01766144979129436,0.007444792253778622,0.0071444188043028115,50.3289686912556,-0.006281815714788586,0
2023-09-28,D05_SI,25.9401912689209,0.002093914010707465,0.0084286771218951,0.01055800023198028,0.019721149825075557,-0.001207484456000607,0.018489852387206795,0.0030051886659176056,0.006992053151089053,54.60751254935878,-0.006865669161569055,0
2023-09-29,D05_SI,26.04859733581543,0.004179077392710395,0.011729407326784624,0.010210197015504852,0.01875766577919591,0.0024584514301964067,0.02126223201965427,0.0031462496734667427,0.006982125487164727,52.66899547241592,0.004458969550120484,0
2023-10-02,D05_SI,26.009878158569336,-0.0014864208136403656,0.004185250598092605,0.005086657213299706,0.01731160525518538,0.0007149044971079821,0.01803888589674263,0.002713827113603889,0.006956962102896078,56.27370728006668,-0.00029758004650259906,0
2023-10-03,D05_SI,25.963422775268555,-0.0017860669326309475,0.0005968748895102127,0.006000688043816149,0.015926300267208537,-0.0013699560380627807,0.014534525897930584,0.0028667449736595697,0.006939519698374483,49.792568017146486,0.013122532977684509,1
2023-10-04,D05_SI,25.723377227783203,-0.009245527816694743,-0.006281815714788586,-0.0053891974008248855,0.01425076896145927,-0.010337541442726028,0.00376590960400347,0.0051217273677971525,0.007243589297132366,29.953720888259284,0.01505109792356163,1
2023-10-05,D05_SI,25.762094497680664,0.0015051394517373584,-0.006865669161569055,-0.004190335112532528,0.012664960572149386,-0.008641226647665978,0.003914293129695601,0.00503163090286669,0.007253371689291322,26.570121316332788,0.021941610410256107,1
2023-10-06,D05_SI,26.16474723815918,0.015629658547940073,0.004458969550120484,0.016852206861144747,0.011873867888033462,0.006014029973056667,0.017959307658464763,0.009126445113146801,0.007949064760804585,41.472847864214025,-0.0005918560347191182,0
2023-10-09,D05_SI,26.002138137817383,-0.006214816403983581,-0.00029758004650259906,0.0026873202789747808,0.010914626474317402,-0.0003720866551280011,0.010538478632332593,0.009667509273689593,0.007922079199714414,44.76989560713066,-0.004169121259180786,0
2023-10-10,D05_SI,26.304128646850582,0.011614064483181252,0.013122532977684509,0.021346994604114933,0.010751770837375219,0.010170123700057543,0.021031241376843646,0.01084233541421663,0.008133776630640372,55.51328448120834,-0.01530765961621583,0
2023-10-11,D05_SI,26.11054229736328,-0.007359542377788686,0.01505109792356163,0.005366628550781183,0.010159324984584162,0.002467444261498253,0.012651836814216555,0.010346157008096034,0.008150512743692568,60.33051794580535,-0.010972688153003118,0
2023-10-12,D05_SI,26.327356338500977,0.008303697359805184,0.021941610410256107,-0.002640238844069609,0.009051368226284051,0.010926882240474445,0.02007715370148233,0.010539779760954182,0.0074825977105703375,64.04493552764745,-0.024411804956807948,0
2023-10-13,D05_SI,26.149261474609375,-0.006764631495914997,-0.0005918560347191182,-0.013726507224534279,0.007596052844821788,0.004790403880442273,0.012422844886288198,0.009251343729495515,0.007544977820350073,55.925939441489554,-0.02043240194711149,0
2023-10-16,D05_SI,25.89373207092285,-0.009771954895729684,-0.004169121259180786,-0.0230791339281885,0.005735216675513799,-0.0038576178057763144,0.001855474595769957,0.009950962374974174,0.007813393911938287,48.82155552348678,-0.012858936283038913,0
2023-10-17,D05_SI,25.90147399902344,0.0002989884995867609,-0.01530765961621583,-0.01123262372741951,0.004579535389967804,-0.002995488656622358,0.0015703287870321159,0.0073769422955542625,0.007411082799858997,50.34480766960307,-0.008968520376393618,0
2023-10-18,D05_SI,25.824039459228516,-0.0029895804307448204,-0.010972688153003118,-0.009798213396462141,0.0034020252887114744,-0.005487010668437375,-0.002103652328779404,0.006988655621933299,0.007378092723664544,47.4402334420342,-0.005996868065061833,0
2023-10-19,D05_SI,25.68465805053711,-0.005397351135226658,-0.024411804956807948,-0.0015052136001906247,0.002887469462217851,-0.010780994300796154,-0.007924654630394046,0.0038123560991052156,0.006810099952210057,42.0874929400378,-0.000904341089715377,0
2023-10-20,D05_SI,25.61496925354004,-0.002713246049838469,-0.02043240194711149,-0.0051127387982015104,0.0024408645908438054,-0.013214847879377767,-0.010806238942796087,0.0037536762065853166,0.006831345905884465,41.52825741828835,0.001511658445163988,0
2023-10-23,D05_SI,25.560766220092773,-0.0021160686515278027,-0.012858936283038913,-0.013153991890326955,0.0019211066952840028,-0.014656304075531867,-0.012763353704135505,0.0020387941024627844,0.006680138463284962,41.390670140174635,-0.0018176726372997054,0
2023-10-24,D05_SI,25.66917610168457,0.004241261027088328,-0.008968520376393618,-0.010743012943584818,0.001697125718593151,-0.009945252817080807,-0.008265005442821494,0.0035981475852557452,0.006749145099259277,48.771981984862926,-0.009049905554604831,0
2023-10-25,D05_SI,25.66917610168457,0.0,-0.005996868065061833,-0.008375656042829638,0.001592708286986877,-0.00953111803747042,-0.007953590041166025,0.003598406970280233,0.006735447149849663,47.85718307281953,-0.003620066248869458,0
2023-10-26,D05_SI,25.66143035888672,-0.00030175268451027026,-0.000904341089715377,-0.01074629354673129,0.0014424463780842167,-0.009297182454744757,-0.00786814676381875,0.0027276569329839815,0.006710034653362047,35.807904414730615,-0.014484115481069537,0
2023-10-27,D05_SI,25.65369033813477,-0.00030162078433282336,0.001511658445163988,-0.015160393958629226,0.0007966245979946773,-0.008840435553557957,-0.008050853463982266,0.0023550416589234306,0.0066191128095998124,39.23454336955083,0.004829247336898934,0
2023-10-30,D05_SI,25.514305114746097,-0.0054333400595185655,-0.0018176726372997054,-0.01905326279508024,6.475221993262892e-06,-0.013281105738186971,-0.013274716514301566,0.0034295327358676935,0.00670078475074478,22.872378756215568,0.024279269459971164,1
2023-10-31,D05_SI,25.436872482299805,-0.0030348713044722198,-0.009049905554604831,-0.02028046523474225,-0.0005529195996848424,-0.015273052854361868,-0.015817527683776533,0.0023693315271067768,0.006714885875811736,24.855589268399783,0.02922373888246077,1
2023-11-01,D05_SI,25.576251983642575,0.005479427608081844,-0.003620066248869458,-0.005719515086911819,-0.00041911803415151105,-0.009595265487146953,-0.01001036197249039,0.004072992328251146,0.006569198531042622,20.245444200810223,0.009082711266088062,0
2023-11-02,D05_SI,25.28974723815918,-0.011201983217346667,-0.014484115481069537,-0.018334971155548274,-0.0007547436203068081,-0.019793315181660276,-0.020533119923608956,0.0061710067546812365,0.006989879727702461,18.64407015532086,0.021433035744251594,1
2023-11-03,D05_SI,25.777578353881836,0.01928967937594006,0.004829247336898934,-0.014797348537450739,-0.0012748649120425393,-0.0001352289844855914,-0.0014099214978406938,0.01184411385287563,0.007476440286749421,46.37671501838476,-0.003604694826996213,0
2023-11-06,D05_SI,26.133773803710938,0.013818033833091325,0.024279269459971164,0.005062493907072474,-0.001084819166765727,0.01342221437484259,0.012322834532662696,0.012340598644870304,0.008023284829130797,55.95233906124755,-0.019890926798166397,0
2023-11-07,D05_SI,26.180233001708984,0.0017777454701719542,0.02922373888246077,-0.0047101216240603705,-0.0014495777646971186,0.01546775969788805,0.013995760212663022,0.01174312288337669,0.007581458319290024,59.27415029498822,-0.027032382819677125,0
2023-11-08,D05_SI,25.80855369567871,-0.01419694416035222,0.009082711266088062,-0.01156577286849636,-0.0020543532744669024,0.0016378501387961375,-0.0004198678584665938,0.01479213443576291,0.00805993500412526,52.87774086908599,-0.006322612733688282,0
2023-11-09,D05_SI,25.831783294677734,0.0009000736450766045,0.021433035744251594,-0.018823501966983236,-0.003143594295646923,0.0035044351276827257,0.0003498243097588283,0.012993653226403704,0.007797610375054284,55.14705416240664,-0.005695512480198728,0
2023-11-10,D05_SI,25.68465805053711,-0.005695512480198728,-0.003604694826996213,-0.01776736312508831,-0.004242256491799656,-0.0013097810194920845,-0.005546481084259036,0.010327067264131733,0.007759009750657463,52.81685315589031,-0.008259371381206027,0
2023-11-14,D05_SI,25.613948822021484,-0.0027529752732738944,-0.019890926798166397,-0.010805056920147438,-0.004962221783658127,-0.0035171264434726845,-0.008461895465677105,0.006438174393957126,0.007489094245647651,48.72242886326834,-0.024540017094238586,0
2023-11-15,D05_SI,25.47251892089844,-0.005521596927743122,-0.027032382819677125,-0.016561029620985046,-0.005979220761081816,-0.008191736831836494,-0.014121977389984108,0.005571619038059005,0.007568411191842503,45.73012908382379,-0.011104283839323825,0
2023-11-16,D05_SI,25.645376205444336,0.006786030273750354,-0.006322612733688282,-0.006918485935024088,-0.006552865004194053,-0.001113858137280599,-0.0076594241794673,0.005231357961806442,0.007733926688454219,49.67474830379906,-0.020833266706645204,0
2023-11-17,D05_SI,25.68465805053711,0.0015317320665559908,-0.005695512480198728,0.0,-0.006736390653356961,0.00041616779704889417,-0.006323026325166237,0.005303593789372513,0.007649184033117319,50.61947807560404,-0.026613530006108665,0
2023-11-20,D05_SI,25.47251892089844,-0.008259371381206027,-0.008259371381206027,-0.005561214274028892,-0.007054595261920871,-0.007571319644202101,-0.014572502310434499,0.00594094698386487,0.007851634567891147,49.18775146410875,-0.020974567006536105,0
2023-11-21,D05_SI,24.985382080078125,-0.019124015270458927,-0.024540017094238586,-0.022510441786457558,-0.007853970496185303,-0.025458206074094547,-0.033112228570888136,0.009898526767375017,0.008913654178094855,42.42963275670728,-0.005345914542316588,0
2023-11-22,D05_SI,25.18966484069824,0.008176091122616747,-0.011104283839323825,-0.018680430532200143,-0.0084404576628202,-0.016570605308030117,-0.024871199478300632,0.011461606182261214,0.009079630290943417,43.65597805979966,-0.00935741485778463,0
2023-11-23,D05_SI,25.111099243164062,-0.00311896160711278,-0.020833266706645204,-0.021741128593678716,-0.009059890017600436,-0.018568718888792524,-0.027460378355492865,0.010324549769590888,0.009090078762914056,46.85359507072296,-0.006883624469140703,0
2023-11-24,D05_SI,25.0010986328125,-0.004380557349814462,-0.026613530006108665,-0.025732459837163435,-0.009911641128662496,-0.021605408748492927,-0.03130290481920228,0.009836920985841545,0.009117902888210155,34.22489442549558,0.00251415648238118,0
2023-11-27,D05_SI,24.938243865966797,-0.002514080191788448,-0.020974567006536105,-0.027888637569794206,-0.010756547356592039,-0.022697028755208626,-0.033209434447141306,0.009745988119991363,0.009119044449147854,22.42465196572697,-0.0012603613265251834,0
2023-11-28,D05_SI,24.8518123626709,-0.0034658215614713495,-0.005345914542316588,-0.025965541647940404,-0.01138505212749008,-0.024818284608047136,-0.03592077927155979,0.005207521666081011,0.009083488418235091,19.91424496083293,-0.006006750677519879,0
2023-11-29,D05_SI,24.953954696655273,0.00411005573733525,-0.00935741485778463,-0.018984951313514187,-0.011775710350595991,-0.019881589449427417,-0.03142317996135757,0.00341267053322841,0.009150899531564774,27.95364546019934,-0.008816133902629253,0
2023-11-30,D05_SI,24.938243865966797,-0.0006295928192329159,-0.006883624469140703,-0.024945332806535547,-0.012423264657508537,-0.019269854506083317,-0.03145372466115115,0.0033668931072541788,0.009027235318261833,26.85931797839595,-0.017643528913816153,0
2023-12-01,D05_SI,25.063955307006836,0.005040909925962955,0.00251415648238118,-0.008928200389905494,-0.012346099292195767,-0.013888269632914785,-0.026062902969225754,0.0038645964022562184,0.008810319603691587,33.7448888560327,-0.009404423543865392,0
2023-12-04,D05_SI,24.90681266784668,-0.0062696664287550385,-0.0012603613265251834,-0.03377996466855959,-0.013511275637858589,-0.01838939919969418,-0.031652210596150976,0.00484059756822167,0.007568400003809873,32.28339458002597,-0.009779112097147435,0
2023-12-05,D05_SI,24.702533721923828,-0.00820172972941513,-0.006006750677519879,-0.05476591679935172,-0.015508921413460275,-0.023686755352914646,-0.038828320739066724,0.005962303463390967,0.006751289921658223,31.297752361326857,0.004134970221388867,0
2023-12-06,D05_SI,24.733957290649418,0.0012720787705149394,-0.008816133902629253,-0.05524304199145813,-0.017672611321408738,-0.019642905148744005,-0.03696837504223571,0.005444185942195999,0.006734207189105362,26.229263546224654,0.010800590420040557,1
2023-12-07,D05_SI,24.498245239257812,-0.009529896434353202,-0.017643528913816153,-0.05077031715420344,-0.0192861111513859,-0.02645753648711413,-0.045233384649017716,0.006361009197997262,0.006391194447875296,21.93294828986555,0.007055982590031817,0
2023-12-08,D05_SI,24.82824325561523,0.01347027156984315,-0.009404423543865392,-0.03884904219017926,-0.02024326523702069,-0.011372333930152578,-0.031385385995061243,0.009530435613990333,0.007304499730687699,35.56336824253846,-0.017088610026004147,0
2023-12-11,D05_SI,24.663246154785156,-0.0066455406905504555,-0.009779112097147435,-0.03976739319410927,-0.02105813679561297,-0.01594115341120106,-0.036663599217601206,0.009575371668841546,0.007333145526626586,41.56381930833025,0.003504311154185258,0
2023-12-12,D05_SI,24.804677963256836,0.005734517167126363,0.004134970221388867,-0.03159492760713578,-0.021555297915203497,-0.008697605545831655,-0.030065423982345907,0.009317091340056302,0.0075302965555726865,39.5746689723423,0.0028505639650606707,0
2023-12-13,D05_SI,25.0010986328125,0.007918694604567067,0.010800590420040557,-0.018507014934403432,-0.021715346338077368,9.430406499344457e-05,-0.021623090118516375,0.00984947741599453,0.007756074381940737,47.199942515118906,-0.009113826784955759,0
2023-12-14,D05_SI,24.671104431152344,-0.013199188023963804,0.007055982590031817,-0.037990153331623255,-0.022723912720278072,-0.011179271419695547,-0.03364914735195612,0.011009363620612037,0.00799672322817895,42.446051960572,0.008598688000801546,0
2023-12-15,D05_SI,24.403963088989254,-0.010828106334216936,-0.017088610026004147,-0.04986225469803651,-0.024391778167471956,-0.019369519542220437,-0.04328884068580807,0.009660312604010674,0.008192410393448693,38.81572905761561,0.030264003742173085,1
2023-12-18,D05_SI,24.74967384338379,0.014166172647200659,0.003504311154185258,-0.028377447858979,-0.02517368450493418,-0.004031280414022453,-0.029103482737663167,0.012091953116867733,0.008872302744179108,48.0712683454616,0.012698408294663732,1
2023-12-19,D05_SI,24.875385284423828,0.005079317078501511,0.0028505639650606707,-0.004402446010301486,-0.024735161802373895,0.0012491598320429897,-0.023516900140893582,0.012027926558974262,0.007928073305889663,48.52942541456188,0.021478368202832332,1
2023-12-20,D05_SI,24.773242950439453,-0.004106160882192733,-0.009113826784955759,-0.016531458155250367,-0.02480301368159976,-0.0020257664908777118,-0.026778535058488484,0.011390870595829852,0.007718795470669025,47.0084861227341,0.04789081939349482,1
2023-12-21,D05_SI,24.883243560791016,0.004440299179708784,0.008598688000801546,-0.00907390314404799,-0.02461018896305267,0.0028658039582354355,-0.021814912981760415,0.009552313644616717,0.007784315668626299,46.70487245531433,0.05494157359972629,1
2023-12-22,D05_SI,25.14252471923828,0.010419910001436383,0.030264003742173085,0.005656794867413106,-0.023822040994369464,0.013026869036511624,-0.011105498566074012,0.006921647050188282,0.008086327194382683,54.143667897663825,0.04000007889591828,1
2023-12-26,D05_SI,25.063955307006836,-0.0031249611210018013,0.012698408294663732,0.005040909925962955,-0.022944170892113647,0.00960551248364827,-0.013559048928396433,0.006091294498636034,0.008098712526513098,56.64736072181547,0.03197485741090045,1
2023-12-27,D05_SI,25.40966796875,0.013793220483700575,0.021478368202832332,0.022447280622359678,-0.02146113799350058,0.02238252204819058,0.00044102966037118385,0.007959060852944094,0.008583297664047388,61.13996024081906,0.012368503069813075,1
2023-12-28,D05_SI,25.959653854370117,0.02164474901035751,0.04789081939349482,0.04030219538106494,-0.019478870690927352,0.042402679495619156,0.02209785249384777,0.009377389874070443,0.009722040241085217,71.83098431027733,-0.004237074252764428,0
2023-12-29,D05_SI,26.250368118286133,0.011198695697056671,0.05494157359972629,0.052614941908960544,-0.017235642509732196,0.051306668431530866,0.033186722526347356,0.008955096084380179,0.009910181831978082,71.49644773783669,-0.016761472068851258,0
2024-01-02,D05_SI,26.14822769165039,-0.0038910093060596784,0.04000007889591828,0.043260226542952696,-0.015351259948302443,0.04494722145318142,0.02890596502439724,0.01112546988961574,0.009995927964729992,72.88137486098795,-0.012319827222620261,0
2024-01-03,D05_SI,25.86537170410156,-0.010817405710412786,0.03197485741090045,0.038485817074953355,-0.0132716145027435,0.03166763147659912,0.01797573637668326,0.013345715269602739,0.010246532287521846,65.66116887147336,-0.012454405694487525,0
2024-01-04,D05_SI,25.723947525024418,-0.00546770333305191,0.012368503069813075,0.04134854402380883,-0.011081184866555849,0.02394100256464382,0.012594523022778636,0.01345237630575888,0.010121588070532617,60.84907577843879,-0.0006109697090265209,0
2024-01-05,D05_SI,25.84966087341309,0.004887016204117911,-0.004237074252764428,0.04510817131496614,-0.008589664274026854,0.02666528037313287,0.01784657029292802,0.00877495622743823,0.010138731403539025,68.84421681448589,-0.008814648806762637,0
2024-01-08,D05_SI,25.810373306274418,-0.0015198484549203695,-0.016761472068851258,0.053560083761181154,-0.005810526673508565,0.022440756360066594,0.016499837073154167,0.005738830501726175,0.009801200012197087,74.25472454050623,-0.005175040121359276,0
2024-01-09,D05_SI,25.826086044311523,0.0006087760859037061,-0.012319827222620261,0.040189826498119974,-0.003517734161847863,0.021045194779184095,0.017453429216718552,0.005982733728083354,0.009470788969133075,70.94796841639527,-0.01612393278822999,0
2024-01-10,D05_SI,25.54323387145996,-0.010952188897932702,-0.012454405694487525,0.0356801254446415,-0.001386949795627257,0.008108875006635374,0.0067106786084749626,0.0060299114024666475,0.009723636442208073,62.24784264891585,-0.02091672415740986,0
2024-01-11,D05_SI,25.70823097229004,0.006459522770702719,-0.0006109697090265209,0.036426717991325575,0.0005155054747589816,0.012814912217552044,0.013337023849717689,0.006859044225032272,0.009740416491938412,66.76057821247582,-0.024755468275923787,0
2024-01-12,D05_SI,25.62180519104004,-0.003361794179582267,-0.008814648806762637,0.02482717129130063,0.0019229007150576294,0.008177354610761967,0.010115979566847955,0.006330307481030998,0.009696126384530698,63.352296434022165,-0.017172670260001244,0
2024-01-15,D05_SI,25.676803588867188,0.002146546561300866,-0.005175040121359276,0.040764253603699396,0.004002469868277014,0.008346306708927775,0.012382182418318788,0.006571825577329633,0.009078238412797953,60.42947160858619,-0.023867779326164573,0
2024-01-16,D05_SI,25.40966796875,-0.010403772385165988,-0.01612393278822999,0.04121071959064326,0.00616692996391488,-0.0041109180011105195,0.0020306602194040124,0.007646999283617456,0.00904702686641702,56.28578503213762,-0.016388549933703533,0
2024-01-17,D05_SI,25.008953094482425,-0.01577017357174415,-0.02091672415740986,0.010476067391407273,0.007079288025129138,-0.02031404075345722,-0.013378561673775935,0.009041036818299089,0.009407918802755953,42.857026287122494,0.0003141422589290066,0
2024-01-18,D05_SI,25.07181167602539,0.0025134431379629785,-0.024755468275923787,0.007896416049666621,0.007790744475160816,-0.01822937690344406,-0.010580652845679328,0.007990666133303655,0.009360466951956138,30.84756474390032,0.0003133546598097503,0
2024-01-19,D05_SI,25.18181037902832,0.004387345614442095,-0.017172670260001244,0.016492286835689374,0.008920329176474118,-0.014710183777023822,-0.005921074282087213,0.009061547273902336,0.009336241810510739,24.99999999999983,0.001560080836076727,0
2024-01-22,D05_SI,25.063955307006836,-0.004680166765120064,-0.023867779326164573,0.007262387066795828,0.009679068470024976,-0.0196680868826854,-0.010179387172272292,0.008509622015462683,0.009374798414522042,24.817511781221285,-0.0003133767824637923,0
2024-01-23,D05_SI,24.993240356445312,-0.0028213803326466724,-0.016388549933703533,-0.0059375247498013595,0.009828416019327824,-0.022148492724042512,-0.012537761305407513,0.007914026124469653,0.009093534787123433,27.530369147304995,0.00031441606830950874,0
2024-01-24,D05_SI,25.016809463500977,0.0009430192611894483,0.0003141422589290066,-0.0018810216874540764,0.010158919046229231,-0.021136081055464606,-0.011191881745632237,0.003751539773852579,0.009071514677452841,30.60333371700007,0.0012563269036101055,0
2024-01-25,D05_SI,25.079668045043945,0.002512653807220211,0.0003133546598097503,-0.012987179687349859,0.009795871718220939,-0.018042567533116727,-0.008423438491917512,0.003751411180628333,0.008497704837124606,28.124945813320153,-0.0028196127011933525,0
2024-01-26,D05_SI,25.22109603881836,0.0056391493507970125,0.001560080836076727,-0.02845021816141924,0.008479242924838815,-0.01107531911625892,-0.002689986512677045,0.004133980000051564,0.0068927262692773696,34.17724501094435,0.0037382257346563197,0
2024-01-29,D05_SI,25.05610084533691,-0.006541951754495567,-0.0003133767824637923,-0.0454952581071536,0.0064630343011475855,-0.015239123131750021,-0.008874579806122274,0.004736708248714118,0.00629941200659702,30.859491311018573,-0.0012544329348819216,0
2024-01-30,D05_SI,25.0010986328125,-0.002195162482140467,0.00031441606830950874,-0.043870241316744774,0.0043853601743391035,-0.015180817371966415,-0.010862030549544266,0.004652767991606623,0.00628836502549167,34.80181158064147,-0.005342477625495112,0
2024-01-31,D05_SI,25.04823875427246,0.00188552199854497,0.0012563269036101055,-0.031591772937851204,0.003251404293203697,-0.011733417049397232,-0.00852016283876178,0.004715569667506137,0.0060098259534063295,30.18868572684876,0.01787962390379705,1
2024-02-01,D05_SI,25.008953094482425,-0.0015684000849495172,-0.0028196127011933525,-0.027794895392569186,0.0025803038947185275,-0.011889696125968019,-0.009340071260470317,0.004579419477072147,0.005940135383935403,31.067925697834863,0.019792640178451615,1
2024-02-02,D05_SI,25.31537818908691,0.012252615831091607,0.0037382257346563197,-0.02066884695093618,0.00209427395017614,0.0012740670393152076,0.0033710092349026333,0.0070855440374758,0.006547196449852122,40.336125025371885,0.009931852577828248,0
2024-02-05,D05_SI,25.024669647216797,-0.011483476158196781,-0.0012544329348819216,-0.03044139074372154,0.0010555772075906411,-0.008683724766219814,-0.00763731390056932,0.008552553675619055,0.006953433960992679,39.83397933857648,0.020094230744899466,1
2024-02-06,D05_SI,24.867530822753903,-0.006279356598034913,-0.005342477625495112,-0.0371157758830728,-0.00020785207248597004,-0.013034711440722657,-0.013239854221421377,0.008972855782012162,0.007012700980494855,45.71442112953468,0.029067826744312075,1
2024-02-07,D05_SI,25.496091842651367,0.025276374416808967,0.01787962390379705,-0.0018455779344864753,-0.00017669825235067105,0.012006866777251712,0.01182804693252515,0.014971226120661412,0.00895279585278365,59.57448640086776,0.027118650407580658,1
2024-02-08,D05_SI,25.50394630432129,0.0003080653191240845,0.019792640178451615,-0.007946274801597264,-0.0005093348064416636,0.012729221558534398,0.01221340331649401,0.014830899014166045,0.00882193975890731,57.620778592584465,0.043438191610714494,1
2024-02-09,D05_SI,25.56680679321289,0.002464735776241511,0.009931852577828248,-0.002146546561300866,-0.0006808016165775754,0.01533620196776253,0.014644959440093253,0.014099678230804224,0.008813866384884933,62.21377617628232,0.04886287083988283,1
2024-02-13,D05_SI,25.52752113342285,-0.0015365884409338504,0.020094230744899466,-0.005813903390570863,-0.0008991397537740919,0.014076643915524878,0.013164847291606607,0.012298166840956122,0.008803572267963779,63.17836714838575,0.05170806468400202,1
2024-02-14,D05_SI,25.590375900268555,0.002462235424943282,0.029067826744312075,0.007111778545898284,-0.0004781963794915356,0.016208791869452233,0.01572284450437289,0.011017946382309981,0.008487330115096265,63.87840736652063,0.042370318781920435,1
2024-02-15,D05_SI,26.187511444091797,0.02333437953980888,0.027118650407580658,0.047125457237527923,0.0013871040281723257,0.03749359411011444,0.03893270565370743,0.010160364765872561,0.009054277502469135,71.29914638985032,0.018601876007207085,1
2024-02-16,D05_SI,26.611791610717773,0.016201622194295995,0.043438191610714494,0.06142276252676915,0.003362851260603872,0.05109626557244473,0.054630945974140976,0.010641305874450327,0.009570417837888383,74.11448215007425,-0.0011809570690535232,0
2024-02-19,D05_SI,26.81607437133789,0.007676400131505723,0.04886287083988283,0.06489859020106836,0.0055209825372355414,0.055757488162810454,0.06158630681851296,0.01013511602213455,0.009623117880357244,80.10750477846163,-0.01845882447163616,0
2024-02-20,D05_SI,26.84749984741211,0.0011718895032528653,0.05170806468400202,0.07115973989574864,0.007896587643051234,0.053296661942735524,0.061614111347899625,0.009437624437730026,0.00945870538526081,81.8428642479521,-0.019607735875034504,0
2024-02-21,D05_SI,26.67464828491211,-0.006438274084454854,0.042370318781920435,0.06727450720623307,0.010106848543621094,0.04307487706005775,0.053617076862159774,0.011798770849151551,0.009618848634870355,76.88324626642166,-0.014727571250689464,0
2024-02-22,D05_SI,26.67464828491211,0.0,0.018601876007207085,0.0662689950063331,0.012223910397628934,0.039704805332714255,0.05241406371308566,0.00858728372351877,0.00963333294255135,77.89488343805975,-0.018262165469519975,0
2024-02-23,D05_SI,26.58036422729492,-0.0035345942188306223,-0.0011809570690535232,0.05983716289847507,0.014031733765438537,0.03300868029472315,0.047503583074005595,0.005338357379120205,0.00975210012500935,72.80467635175788,-0.00827668891684874,0
2024-02-26,D05_SI,26.321081161499023,-0.009754684457244589,-0.01845882447163616,0.043613692322794106,0.01528751816721341,0.020750184529722215,0.036354921519906824,0.004516895935349418,0.010129272806827471,73.63904541372749,-0.0023880009510264255,0
2024-02-27,D05_SI,26.321081161499023,0.0,-0.019607735875034504,0.05048592053370249,0.016855108449885803,0.018252572194505046,0.0354153297282187,0.004220880558451757,0.009936416227208884,78.11553919792692,-0.0029851098857978098,0
2024-02-28,D05_SI,26.281795501708984,-0.0014925549428989049,-0.014727571250689464,0.05122562362982097,0.018560828941297958,0.014220306826957518,0.03304507645076327,0.0040673831999814645,0.009920126134708454,69.68507511614594,0.004185284663947186,0
2024-02-29,D05_SI,26.187511444091797,-0.0035874283250950656,-0.018262165469519975,0.04548314558144373,0.01994414011063439,0.008365236113919705,0.02847621366566866,0.0037168074514124763,0.010014380138612588,66.41517661252423,0.01350150963619412,1
2024-03-01,D05_SI,26.360366821289062,0.0066006797769349035,-0.00827668891684874,0.05403719706702925,0.021489411265283254,0.01238705463908718,0.03414265641587533,0.005921581146888715,0.010016022842896473,68.10038493129707,0.0059612498140431125,0
2024-03-04,D05_SI,26.25822639465332,-0.003874772582953989,-0.0023880009510264255,0.03724408928533629,0.02231996604516362,0.006641724993429188,0.029109934114927682,0.004259456053889631,0.009852829665051157,66.20215690420808,0.005385972544382556,0
2024-03-05,D05_SI,26.242509841918945,-0.0005985382446689336,-0.0029851098857978098,0.04866558527527243,0.02354026842724788,0.003696212263213816,0.02732349051930183,0.004251319209959139,0.009364592495030966,64.76869833853979,0.002994047446428727,0
2024-03-06,D05_SI,26.39179229736328,0.0056885738575918054,0.004185284663947186,0.06129524822845189,0.025477668332834824,0.0064720285148816,0.03211458904365938,0.005014841266031742,0.009159579258595684,55.80352691789165,0.010122064913383744,1
2024-03-07,D05_SI,26.54108238220215,0.005656686107437414,0.01350150963619412,0.04098630276357329,0.026264909706124717,0.010152517834825625,0.03668408250517197,0.004663601301468242,0.007561521467585269,47.619188294256816,0.024866600633222546,1
2024-03-08,D05_SI,26.517507553100582,-0.0008882391743516571,0.0059612498140431125,0.03974134969879395,0.02709911730939174,0.007312351697132957,0.03460962728297279,0.004282466949602684,0.007580628775650951,38.554287343799025,0.02725923556034826,1
2024-03-11,D05_SI,26.3996524810791,-0.004444424943991443,0.005385972544382556,0.032575272094100605,0.027789129081001507,0.001251595147768958,0.02907550496788902,0.004455213133277647,0.007713524253753544,33.89852824397329,0.038690426089231345,1
2024-03-12,D05_SI,26.321081161499023,-0.0029762255255590953,0.002994047446428727,0.031086450734034488,0.02823358549250865,-0.0032283527015232183,0.024914084818987048,0.0047935858602554645,0.007751275530587772,36.36374336287092,0.04417917702881358,1
2024-03-13,D05_SI,26.658931732177734,0.012835740621965686,0.010122064913383744,0.04175616005304428,0.02880841250506938,0.007527424577754793,0.03655269023516117,0.0071661225535626545,0.008151551870252434,49.5191578259398,0.029767206855740636,1
2024-03-14,D05_SI,27.201068878173828,0.0203360416479752,0.024866600633222546,0.03870384691748563,0.029143986131989763,0.026051367550986804,0.05595459437760186,0.011000885663986246,0.007758139834085863,64.90554526517141,0.030040472067065283,1
2024-03-15,D05_SI,27.240354537963867,0.0014442689721492208,0.02725923556034826,0.023619714765575672,0.028789836275355807,0.026316562461828896,0.05586404826179092,0.010736498578591967,0.006993309145225388,74.68339390264389,0.03345826864431789,1
2024-03-18,D05_SI,27.421066284179688,0.006633971887699541,0.038690426089231345,0.02256079336834027,0.028203559218352714,0.03194901187621291,0.0610536469429841,0.009223441939730688,0.006946155071260735,76.92292609872489,0.017192041253887513,1
2024-03-19,D05_SI,27.483924865722656,0.002292346362155584,0.04417917702881358,0.023705187519421633,0.02771118407101003,0.03307744168816962,0.061705240834398545,0.007913178671411615,0.006950951851695323,79.08733279428759,0.031446424343064994,1
2024-03-20,D05_SI,27.45249366760254,-0.0011436211630500015,0.029767206855740636,0.02916047380952347,0.027685183016414205,0.030389666703642515,0.05891619320455499,0.00853549240014236,0.0067426383449030345,81.56834783039156,0.04836867721859206,1
2024-03-21,D05_SI,28.01820182800293,0.02060680414865179,0.030040472067065283,0.05036818213085015,0.02832339357098257,0.04897779431336646,0.07868840522892517,0.008649968574223383,0.007970507198938511,84.58991524270323,0.010375703039570805,1
2024-03-22,D05_SI,28.151769638061523,0.004767179952465783,0.03345826864431789,0.0591190322799624,0.02953684930247058,0.05088716579003694,0.08192706163987773,0.00833764931884322,0.007855586449113869,88.99643959248576,0.0022329142963224413,0
2024-03-25,D05_SI,27.89249038696289,-0.009210051603579683,0.017192041253887513,0.05970154553386786,0.03127969451777313,0.03816352377951704,0.07063696166283506,0.010940846977783756,0.007810204074539937,80.88227419256953,0.019718063105515382,1
2024-03-26,D05_SI,28.34819602966309,0.016337933127448467,0.031446424343064994,0.07701487851985411,0.03378277189120271,0.05115949283787047,0.08667057420568458,0.012285758641159763,0.008324826426700216,82.84951887571347,0.00027707095229967393,0
2024-03-27,D05_SI,28.78033447265625,0.015243948593447687,0.04836867721859206,0.0950672860529942,0.0368280547522033,0.06226256527367746,0.10138362918879262,0.011995466904013114,0.008606604163436471,84.33724297805307,-0.008463015627617643,0
2024-03-28,D05_SI,28.308910369873047,-0.016380077279195437,0.010375703039570805,0.08100803813719626,0.03926749194492052,0.04078796915125049,0.08165710234626711,0.014594631611918032,0.00965725541061897,74.15249944068287,0.00016035550951221111,0
2024-04-01,D05_SI,28.214630126953125,-0.003330408754278924,0.0022329142963224413,0.07034284910506372,0.04115858252230664,0.033797879993372026,0.07634753534846483,0.014680881119790861,0.00976827491311398,74.62689734598015,0.004915568549446858,0
2024-04-02,D05_SI,28.442476272583008,0.008075461014540153,0.019718063105515382,0.08318345059186649,0.04360446218931191,0.03799264381513279,0.08325375480515351,0.013823370011318548,0.009661563334805435,77.6639382998431,0.003595481747679319,0
2024-04-03,D05_SI,28.356050491333008,-0.003038616624717383,0.00027707095229967393,0.0805388151569999,0.045939119311690924,0.030862929738965317,0.07821986486224297,0.01210534731480925,0.009738419173191184,73.68425255494115,0.012560994386326962,1
2024-04-04,D05_SI,28.536766052246097,0.006373086441227915,-0.008463015627617643,0.0812742738619201,0.048216486385706414,0.0334035242423627,0.08323061119993569,0.009755526679606106,0.009746141907031583,70.73176508203422,0.00950260014314086,0
2024-04-05,D05_SI,28.31344985961914,-0.007825560619521554,0.00016035550951221111,0.06677826668461351,0.04974060478411668,0.02203670122256085,0.07287342485293435,0.006844351952025133,0.010083022352839036,65.75574866347597,0.003943708880963959,0
2024-04-08,D05_SI,28.353321075439453,0.0014082076192762916,0.004915568549446858,0.06923024415709911,0.05146234098845959,0.020095967541399862,0.07259249406396795,0.006582168590331664,0.010045999470583905,64.27837768042747,-0.0002810571137924489,0
2024-04-09,D05_SI,28.544740676879883,0.006751223284606533,0.003595481747679319,0.08125441035021908,0.05357809792027113,0.023035175216007175,0.07784745400961213,0.00624418812792439,0.009896681655477798,65.63182098475693,0.005029512554236559,0
2024-04-11,D05_SI,28.712230682373047,0.005867631007375973,0.012560994386326962,0.09084541422149717,0.05607516809955615,0.02464745109495592,0.08210472915788736,0.006168928931400572,0.009767177927040446,67.84740511189736,0.012500034875661425,1
2024-04-12,D05_SI,28.807939529418945,0.0033333824914083543,0.00950260014314086,0.08061117447730748,0.05786666741936308,0.024135882592278612,0.08339921310248188,0.005834363595726136,0.00956435813735911,62.90763241506927,0.008028717813175934,0
2024-04-15,D05_SI,28.42510986328125,-0.013289033245392212,0.003943708880963959,0.04499973845107208,0.05790312180661883,0.008332216070471965,0.06671779919913834,0.00816066363485796,0.009483158058358056,54.130939979164985,0.051543104503378734,1
2024-04-16,D05_SI,28.34535217285156,-0.00280588855463737,-0.0002810571137924489,0.0405647302918799,0.05781068379145693,0.0035361226404710955,0.061551232099744,0.008300404985402092,0.009549456429607996,57.23668970898398,0.07152492058476323,1
2024-04-17,D05_SI,28.68830680847168,0.012099148866761888,0.005029512554236559,0.04621412279007964,0.057868301675988,0.013404722179850781,0.07204873236282539,0.009630452287951206,0.009763818599595518,55.63810829508524,0.05137606139511952,1
2024-04-18,D05_SI,29.071134567260746,0.01334438317830644,0.012500034875661425,0.05775047447890613,0.05819294986073831,0.024057159434940578,0.08365006636846806,0.0110439828839994,0.010070892887389857,54.900793510481925,0.03964348472314039,1
2024-04-19,D05_SI,29.039230346679688,-0.0010974535757193316,0.008028717813175934,0.057799364177604895,0.05848964760757269,0.02008246738401498,0.07974673143196931,0.01114138083859275,0.010069932331067458,64.44834867605783,0.03987902727896109,1
2024-04-22,D05_SI,29.890228271484375,0.029305112933269983,0.051543104503378734,0.0668146533804479,0.05877238099188209,0.04653508909739412,0.10804244807519936,0.012993075659101589,0.011019723686540391,75.51103615062395,0.02083945926409192,1
2024-04-23,D05_SI,30.37275123596191,0.01614316759627643,0.07152492058476323,0.07889314336025244,0.05942440178101238,0.05931075436834732,0.12225966224687945,0.01084904793657296,0.011387101780292593,77.27346225987951,0.008088008159221172,0
2024-04-24,D05_SI,30.162199020385746,-0.0069322734032361,0.05137606139511952,0.08137346654724409,0.06039101735729169,0.047820016859616565,0.11109893368510337,0.014416568040819486,0.011260127844348496,74.65483717437738,0.03403129657557846,1
2024-04-25,D05_SI,30.223615646362305,0.002036211813835287,0.03964348472314039,0.06615657711470613,0.060480783324121656,0.046544421274133274,0.10984024765628231,0.014675343092409015,0.010881728200958491,73.80155889788786,0.034542545730659624,1
2024-04-26,D05_SI,30.19728660583496,-0.000871141323242508,0.03987902727896109,0.04923334489128117,0.05971233104958662,0.043073843941738854,0.10535821462035266,0.01464099877227061,0.010539215607827567,78.14567988906703,0.04038377786866221,1
2024-04-29,D05_SI,30.513124465942383,0.010459147016420811,0.02083945926409192,0.07786290843659982,0.06021180382185798,0.0499863188144527,0.11320788905854329,0.009167015609440561,0.009688671172460767,79.81054716602634,0.03306501292532382,1
2024-04-30,D05_SI,30.618406295776367,0.0034503785396180486,0.008088008159221172,0.08519609004290807,0.060977837511711375,0.04926958533169645,0.11325177561203348,0.006344305420316107,0.009543565649631628,79.31878465971054,0.02320913098180677,1
2024-05-02,D05_SI,31.188657760620117,0.01862446592860101,0.03403129657557846,0.09655212372223287,0.062189805174715174,0.06380595551136858,0.12996384062832234,0.007841385235676327,0.010050596337600075,81.43333941811713,0.007642443152724221,0
2024-05-03,D05_SI,31.267616271972656,0.002531641853861233,0.034542545730659624,0.1026788191652277,0.06345519892156415,0.06122960339738004,0.12857013898241343,0.007769894470781887,0.009901912490339155,81.35405224171996,0.008516622343508029,0
2024-05-06,D05_SI,31.416767120361328,0.0047701381228208994,0.04038377786866221,0.10092247533733945,0.06445897613271523,0.06110577456733446,0.1295035663644566,0.006707370761085483,0.00989623308921205,90.55116848090243,0.0028781343506583124,0
2024-05-07,D05_SI,31.52204132080078,0.0033508922173988154,0.03306501292532382,0.11332393180944567,0.06637633643401109,0.05892361454895889,0.1292110846461798,0.006799810303524793,0.009447267683339462,92.76341803340152,0.002071989518975137,0
2024-05-08,D05_SI,31.32903289794922,-0.0061229671291687104,0.02320913098180677,0.10495108543342457,0.06799194341875836,0.047205745905251284,0.11840729972863984,0.00890968907356994,0.009760651141568728,87.04396094239561,0.003980533606535719,0
2024-05-09,D05_SI,31.42701530456543,0.0031275273301725193,0.007642443152724221,0.10097392932422311,0.06940791677282143,0.04544484330797083,0.11800699198286568,0.004357103938254902,0.009760991922323142,85.91863607124876,0.007653181833106482,0
2024-05-10,D05_SI,31.533910751342773,0.003401387174104764,0.008516622343508029,0.09827449842488223,0.070614204335675,0.044100557648062866,0.11782888777281553,0.004423867508919486,0.009763253108062189,87.18453314743893,0.008474521424042258,0
2024-05-13,D05_SI,31.50718879699707,-0.0008474037538958035,0.0028781343506583124,0.09369810238672671,0.07165224305714091,0.038574743603360995,0.11299095356503686,0.004156176029987269,0.009839480133928359,81.95342035136406,0.01215720885018512,1
2024-05-14,D05_SI,31.58735466003418,0.0025443673681464496,0.002071989518975137,0.11124828758666738,0.07382370208823152,0.03581870662188047,0.1122866782369516,0.004035747758296887,0.00892441760696467,78.5409387286058,0.006204263048724901,0
2024-05-15,D05_SI,31.45373916625977,-0.004230031137854917,0.003980533606535719,0.10966125855318687,0.07623818496924373,0.0262070542099595,0.10444321742556095,0.0032879539665260633,0.008998089765649165,81.48730954553201,0.015293237727806996,1
2024-05-16,D05_SI,31.66753196716309,0.006797055185497669,0.007653181833106482,0.10384806529647261,0.07840691433884839,0.02818526238500696,0.10880209617729464,0.0042161256350179655,0.008862902185394253,82.76763283602259,0.009001255021183763,0
2024-05-17,D05_SI,31.801145553588867,0.00421926112095905,0.008474521424042258,0.09390796152148106,0.0800641068642094,0.027967578157025663,0.11027088418753217,0.004321286945824474,0.008642278415590555,84.70728763721806,0.004201833639727592,0
2024-05-20,D05_SI,31.890228271484375,0.0028012424189372,0.01215720885018512,0.09817746168781172,0.08175796459345452,0.02611890565447661,0.11001229881164942,0.0040859355225989795,0.008552093417427397,83.04316028517854,-0.0005587432857502295,0
2024-05-21,D05_SI,31.7833309173584,-0.003352041045800891,0.006204263048724901,0.0633351685600898,0.08184643187088492,0.019574017081926298,0.10302251240834659,0.004827063465729139,0.0064789127110709095,77.9303355906037,0.00028025124674302404,0
2024-05-23,D05_SI,31.934768676757812,0.004764691271445853,0.015293237727806996,0.05142824990271033,0.08120834777893982,0.021871785778624142,0.10485630514362065,0.003853430025239093,0.005729015534489281,72.38425822606922,-0.006415630254429705,0
2024-05-24,D05_SI,31.952579498291016,0.0005577250837005554,0.009001255021183763,0.05935842001092828,0.08079585666469646,0.019521296301238333,0.10189439282379875,0.0033064884074368475,0.005307487351679472,71.33244150653792,0.0033456790609844855,0
2024-05-27,D05_SI,31.934768676757812,-0.0005574141998193616,0.004201833639727592,0.056616423740204036,0.0802608815962027,0.016178917892114786,0.09773833370161134,0.0031167004491074635,0.005361134553905273,67.56998051388491,0.006136528806996333,0
2024-05-28,D05_SI,31.87240982055664,-0.0019526947833055086,-0.0005587432857502295,0.055472640194036416,0.07968183627757464,0.011498825149502068,0.09209690893002365,0.003094954942042872,0.005405080479962406,62.240423904323066,0.0013975792926073094,0
2024-05-29,D05_SI,31.792238235473633,-0.0025153913850373133,0.00028025124674302404,0.041920117717179295,0.07842151589931423,0.006910793195206155,0.08587426397295483,0.0028916530604199955,0.005201719035719362,67.56751673541204,-0.009246119982680878,0
2024-05-30,D05_SI,31.729887008666992,-0.0019612090959065798,-0.006415630254429705,0.036301063554831314,0.07702759192335229,0.0031703322553575664,0.08044212723793698,0.0012591615941849336,0.005266380763897016,61.80578066311986,-0.0033689198687705257,0
2024-05-31,D05_SI,32.05948257446289,0.010387543003411048,0.0033456790609844855,0.02792120201281345,0.07497106245276841,0.012197418856541908,0.0880829347601666,0.005474604514025352,0.004066624719692989,67.45591218292192,-0.013059242633535306,0
2024-06-03,D05_SI,32.1307373046875,0.00222257892213662,0.006136528806996333,0.02760431192474755,0.07286234765234667,0.013066759834534869,0.08688118228463515,0.005458638450290803,0.00406262627714285,70.11499769266275,-0.012198262352069555,0
2024-06-04,D05_SI,31.916954040527344,-0.006653543681021223,0.0013975792926073094,0.015921018170002688,0.07037414171968592,0.005533379942456618,0.07629692852640169,0.0064584444398350475,0.004352198517683262,59.78866609492243,-0.007814720447557266,0
2024-06-05,D05_SI,31.49828338623047,-0.013117500302981866,-0.009246119982680878,-0.0007536927678168936,0.06736031633144068,-0.00761956532585184,0.05922749467493138,0.008893579849886346,0.00529890768075203,51.13134973307617,0.008201258894481755,0
2024-06-06,D05_SI,31.62299156188965,0.003959205463041071,-0.0033689198687705257,0.009382947277624787,0.0648076729133995,-0.0041516757588916375,0.06038693670988304,0.009257489866237112,0.005166098592806017,48.81512932504171,0.009577398187104569,0
2024-06-07,D05_SI,31.640810012817383,0.000563465062843882,-0.013059242633535306,0.00680289573095072,0.062055233968009826,-0.003925861841851952,0.05788575185103584,0.007129811548982418,0.005128612064272354,45.45470275133717,-0.001126295497524743,0
2024-06-10,D05_SI,31.738798141479492,0.0030968906492094828,-0.012198262352069555,0.006497366969556495,0.05920007205593869,-0.0011632537018904099,0.0579679536510771,0.007286807999592965,0.005119525748530311,45.72872540169123,-0.0036487386533549104,0
2024-06-11,D05_SI,31.66753196716309,-0.0022453961236568176,-0.007814720447557266,0.005089097957901689,0.056527443977186564,-0.003657419291913211,0.052663280121148626,0.006904750217351869,0.005146013921755528,46.66674719062887,-0.0022503288129002152,0
2024-06-12,D05_SI,31.756608963012695,0.0028128809009169142,0.008201258894481755,0.005358293051132446,0.05414823974595451,-0.001120786795017814,0.05296676431885605,0.0025065958438919298,0.005152615735642932,44.680737169521414,-0.005049007457172072,0
2024-06-13,D05_SI,31.925857543945312,0.005329554585936425,0.009577398187104569,0.015009928555393515,0.052206452899153266,0.0034577214655608923,0.055844689737544195,0.0028721820644188665,0.00515563274324223,49.26833395306475,-0.010881661889611038,0
2024-06-14,D05_SI,31.60517311096191,-0.01004466152685124,-0.001126295497524743,-0.0019691732297243414,0.04968249227006849,-0.006524311404591088,0.042834036814551224,0.006156772781628983,0.005482365760591945,42.25929652202962,0.001691348204154064,0
2024-06-18,D05_SI,31.62299156188965,0.0005637827347180213,-0.0036487386533549104,-0.005602124973737466,0.04700539521017477,-0.005685794754845763,0.04105233742579362,0.005916133660378296,0.005391523721674761,44.01712960209362,0.004225324503582817,0
2024-06-19,D05_SI,31.596269607543945,-0.000845016648516772,-0.0022503288129002152,-0.009217828779334303,0.04414755138696891,-0.006066666864466885,0.03781305603535534,0.005858542499429686,0.005343747737423722,45.17553168510793,0.0062022710390754465,0
2024-06-20,D05_SI,31.596269607543945,0.0,-0.005049007457172072,-0.005885516225497045,0.04179970721108117,-0.005774143558195388,0.03578420614275846,0.0055977360824359815,0.005300305345880299,46.606344924873945,0.016351831467060096,1
2024-06-21,D05_SI,31.57845115661621,-0.0005639416028871969,-0.010881661889611038,-0.011157667172987273,0.03926993196300588,-0.005777463452936282,0.0332655879133541,0.004430785744700113,0.005165498425417107,35.483629590489386,0.009591027604578084,0
2024-06-24,D05_SI,31.658628463745117,0.0025389879551489525,0.001691348204154064,-0.009199602634949122,0.036659888187025924,-0.002791695457978305,0.033765849485706045,0.0013437442056393688,0.00520665730186797,35.829204590604675,0.01631950232792767,1
2024-06-25,D05_SI,31.756608963012695,0.0030949066343723963,0.004225324503582817,-0.005578863449691496,0.0344501628776841,0.0005753232883709547,0.035045306147046595,0.0018362307022391769,0.005266365768806492,44.82750558368763,0.040673207400846456,1
2024-06-26,D05_SI,31.792238235473633,0.0011219482691755545,0.0062022710390754465,-0.0025153913850373133,0.03263000466724164,0.0018244482813325469,0.03451398470450906,0.001575894724411184,0.005259424065636596,62.5951478479465,0.0636035888266635,1
2024-06-27,D05_SI,32.1129264831543,0.010086998131601854,0.016351831467060096,0.010086998131601854,0.031024722769358526,0.011418809969561794,0.04279779815258178,0.004072736279698613,0.0056934419714476155,67.9737629117738,0.05353655307523186,1
2024-06-28,D05_SI,31.88132095336914,-0.007212221218973913,0.009591027604578084,0.004772596406056762,0.029228130903917515,0.0038848314920447713,0.033226508759351514,0.006174495396649245,0.0059299194825924596,57.627016126593325,0.045543300823200905,1
2024-07-01,D05_SI,32.1752815246582,0.009220463973842907,0.01631950232792767,0.003612003092263061,0.02734439649159759,0.012956438342650367,0.0406551208214081,0.007007156043876345,0.005829857614054176,62.31142261669713,0.02934653236678586,1
2024-07-02,D05_SI,33.04825210571289,0.027131715394181244,0.040673207400846456,0.028555672169139346,0.026232463007847207,0.038939164733793774,0.06619309794007666,0.01275306385331217,0.008385879967280033,76.81654746883966,0.008086200788812725,0
2024-07-03,D05_SI,33.81433868408203,0.02318085010725013,0.0636035888266635,0.059447547568149295,0.026380520693707554,0.0598617180560701,0.08782142204171661,0.013539899874140176,0.009455369727701245,81.64384204521116,0.005005061919675757,0
2024-07-04,D05_SI,33.8321418762207,0.0005264983090458308,0.05353655307523186,0.07409478355923627,0.02709542895557271,0.05655530681810328,0.08518312607162648,0.014596442382966942,0.008698225635272814,80.74706632276349,0.010532092336664745,1
2024-07-05,D05_SI,33.33330154418945,-0.014744568459671314,0.045543300823200905,0.054084382843809786,0.027103967588789857,0.038204234628115286,0.06634368855402006,0.017069630485390074,0.00961637529798861,76.3586822128054,0.013629239682426242,1
2024-07-08,D05_SI,33.11951446533203,-0.00641361848222588,0.02934653236678586,0.04673408967455761,0.026964267977707124,0.02917560520165363,0.05692657201643003,0.018412664820409624,0.009821587827647344,71.53847040731564,0.01936540106393836,1
2024-07-09,D05_SI,33.315486907958984,0.005917129094150431,0.008086200788812725,0.04967701547649073,0.02696569344408628,0.03273542805581586,0.060583855017616095,0.014290229308694903,0.009853344824350607,73.59410182137624,-0.0010693362477965929,0
2024-07-10,D05_SI,33.98358154296875,0.020053575589500383,0.005005061919675757,0.07313640918424702,0.02782972055590438,0.04967741634643574,0.07888964551720079,0.013136507276759498,0.010529755127422253,77.68594639144973,-0.022804838295434338,0
2024-07-11,D05_SI,34.1884651184082,0.006028898842824981,0.010532092336664745,0.07657795447328519,0.028553375586590768,0.05205458026577281,0.08209428983369449,0.013309164796138345,0.010541848135154434,79.0099550604007,-0.03856163724025785,0
2024-07-12,D05_SI,33.7876091003418,-0.011724890739554517,0.013629239682426242,0.058314848828534105,0.028546854678304534,0.03674957535813128,0.06634551482367357,0.0123863585218071,0.011083098198642631,72.08871748778114,-0.03269186411671654,0
2024-07-15,D05_SI,33.760887145996094,-0.0007908802977548701,0.01936540106393836,0.06820763257539308,0.02920248203974518,0.03251476326973313,0.06266675709988911,0.011572386753651484,0.010701008112189835,71.10699655762119,-0.0448550735609331,0
2024-07-16,D05_SI,33.27986145019531,-0.014248017053598905,-0.0010693362477965929,0.05239447017727561,0.02953695401764289,0.015231268912125895,0.04521810821925665,0.013959810367444663,0.01139466717372557,64.32253323162368,-0.016327614167441107,0
2024-07-17,D05_SI,33.20859146118164,-0.0021415350277322887,-0.022804838295434338,0.05102886744746393,0.029821327267260722,0.010571852221845424,0.040708446154035016,0.008327247151101468,0.011419067267886574,61.081027277609394,-0.014484862499085316,0
2024-07-18,D05_SI,32.87010192871094,-0.010192830155605126,-0.03856163724025785,0.04031590871293389,0.030213889226617496,-0.0016637122978503394,0.02849990970969496,0.005996903063754029,0.011761339164457773,59.788433317447456,-0.009756171156011018,0
2024-07-19,D05_SI,32.68302917480469,-0.005691273921570872,-0.03269186411671654,0.03497885354510322,0.030700201045176456,-0.009007829157505198,0.021415829721555202,0.005609129279529415,0.011876482969630054,55.13511886895672,-0.012264842442393786,0
2024-07-22,D05_SI,32.24654006958008,-0.013355221845871568,-0.0448550735609331,0.018570343516562282,0.03050009396216158,-0.023113460555148624,0.0066816706882901755,0.005143918657763886,0.012346019185017479,41.10669896224227,0.0035915235784824695,0
2024-07-23,D05_SI,32.736480712890625,0.015193587971093159,-0.016327614167441107,0.0308556795537962,0.030682018730010086,-0.00974081810991334,0.020642332656402695,0.0111542823882846,0.01274443943535011,37.26311670795784,-0.005170088066754341,0
2024-07-24,D05_SI,32.727569580078125,-0.00027220802659433385,-0.014484862499085316,0.029420116245884698,0.0307848093456633,-0.01140889588948013,0.01902469277138108,0.011231260316856399,0.012750987569887576,36.91994958734806,-0.004082833450047896,0
2024-07-25,D05_SI,32.549415588378906,-0.0054435448151232135,-0.009756171156011018,0.013592317892720862,0.03037553077577204,-0.017438084169658974,0.012407755543747179,0.010641805402759967,0.012674965740335917,39.954477859286136,-0.015325865377560977,0
2024-07-26,D05_SI,32.28217697143555,-0.008210243167584563,-0.012264842442393786,0.01257338171943112,0.030110475516410107,-0.026094396137898657,0.003230364702485833,0.010921301169958594,0.012709883739865329,39.41451238461011,-0.025662389680497943,0
2024-07-29,D05_SI,32.36235427856445,0.002483640034556922,0.0035915235784824695,0.005814176132783233,0.029775142567010526,-0.02395099200466977,0.005111006360780435,0.009101011004187705,0.012560614439770558,37.58723679922421,-0.08422818764257656,0
2024-07-30,D05_SI,32.567230224609375,0.006330687325199369,-0.005170088066754341,-0.014555138334240825,0.02833637619753171,-0.01705892384910146,0.010794064264717296,0.005876534029277187,0.010990625170803592,29.02389308336704,-0.10421234853532213,0
2024-07-31,D05_SI,32.59394836425781,0.0008203995078539528,-0.004082833450047896,-0.036090911942001425,0.02581784351328431,-0.014437423378054648,0.011007676997720095,0.005931459090285624,0.009467915107888553,25.06963323118471,-0.0803497486279755,0
2024-08-01,D05_SI,32.050567626953125,-0.016671215503935466,-0.015325865377560977,-0.05265922139324486,0.022775320774880425,-0.028250517046869206,-0.006118610859787266,0.009297366270786558,0.010011454698486846,24.00000913572606,-0.06698162455378953,0
2024-08-02,D05_SI,31.45373916625977,-0.01862146304677137,-0.025662389680497943,-0.05638692511265275,0.01979535122213516,-0.043620858103619486,-0.024688997088256448,0.01161831894735301,0.010291500951244752,20.501144729513157,-0.037666294055273775,0
2024-08-05,D05_SI,29.636531829833984,-0.057773968519936436,-0.08422818764257656,-0.10516406087848518,0.015334876415400878,-0.09407767241561804,-0.08018546548015915,0.02513450670939095,0.016034002232455144,15.280153845594567,0.025548591016211875,1
2024-08-06,D05_SI,29.173322677612305,-0.015629667967942962,-0.10421234853532213,-0.1243314930917947,0.010140416019264631,-0.10255536490375095,-0.09345490294961789,0.021679694974476863,0.015956163955764338,14.21804763320624,0.05679394148094463,1
2024-08-07,D05_SI,29.975032806396484,0.02748093309917743,-0.0803497486279755,-0.11795545244411243,0.004709494949127535,-0.07217208576300205,-0.06780248488724328,0.030177890511930813,0.016676694302199046,26.277366558721667,0.04935907429265929,1
2024-08-08,D05_SI,29.90376853942871,-0.002377454177550309,-0.06698162455378953,-0.12532579523941456,-0.0010813315142816915,-0.06819891339786033,-0.06920649927784517,0.030797849586481456,0.016458854392299067,26.785734200047617,0.07606829794797054,1
2024-08-12,D05_SI,30.268993377685547,0.012213338187636147,-0.037666294055273775,-0.1041392337707806,-0.005946447268085686,-0.0516194884164205,-0.05725898311863242,0.03252570466112596,0.016925876659540144,33.283178763527545,0.06487834970733486,1
2024-08-13,D05_SI,30.39370346069336,0.004120060467545983,0.025548591016211875,-0.09973623236681062,-0.010535801777952658,-0.042662157972164105,-0.052748479710302276,0.016109613647901172,0.017030716376429895,28.89241591782221,0.06735678460832317,1
2024-08-14,D05_SI,30.830190658569336,0.014361106024491699,0.05679394148094463,-0.07360820282536362,-0.013855770302311221,-0.025152792227210674,-0.0386600512179599,0.01129770852609177,0.017418902283859086,34.12815949622292,0.05019067491079965,1
2024-08-15,D05_SI,31.454572677612305,0.02025229185111832,0.04935907429265929,-0.05281822282705528,-0.016367738160607104,-0.002644140549634244,-0.01896860011006507,0.008893723973292095,0.0182234072409061,41.47771830131908,0.022727378844120683,1
2024-08-16,D05_SI,32.178497314453125,0.023014925183074242,0.07606829794797054,-0.021040537560783168,-0.01764804302490741,0.021429890687724384,0.0034036520299409734,0.007385065077878376,0.01898713879919282,49.24652509984326,0.009280057851435597,0
2024-08-19,D05_SI,32.23279571533203,0.0016874125708323806,0.06487834970733486,-0.01377575674104714,-0.018502032684105996,0.023885111673018766,0.004941155872075109,0.009501127390984828,0.018960579185085955,49.05489947923884,0.005334195540303899,0
2024-08-20,D05_SI,32.44092559814453,0.006457084413360459,0.06735678460832317,0.006028104973278214,-0.018448085287499527,0.030178371182570718,0.011173552729657255,0.009019589814384549,0.018771298617808217,49.079073410449,0.0013947235916771383,0
2024-08-21,D05_SI,32.37757873535156,-0.001952683581771586,0.05019067491079965,-0.010963364714941304,-0.019233041640363324,0.028752999753556274,0.008966950471647639,0.011168675408652845,0.018452333938572228,48.43076323780688,-0.0027949047479683964,0
2024-08-22,D05_SI,32.16945266723633,-0.006428092409763497,0.022727378844120683,-0.01705341765376711,-0.020253810154905127,0.023047185484101007,0.0023265820097959633,0.011353282370829077,0.018501602501606575,50.90629494760559,0.007313742191566108,0
2024-08-23,D05_SI,32.477115631103516,0.009563823390148496,0.009280057851435597,-0.0022212367247909093,-0.02071473151235892,0.03295017967048386,0.011552894032966998,0.006398061161394007,0.018602900175278197,58.16130837937158,0.013095745541793269,1
2024-08-26,D05_SI,32.40473175048828,-0.0022287656772669306,0.005334195540303899,0.0037963604239321658,-0.020866882049320634,0.030447146081801213,0.008944927026452998,0.00665967007278865,0.0185108644224021,80.5887882377241,0.02764568897381503,1
2024-08-27,D05_SI,32.48617172241211,0.0025132123466073963,0.0013947235916771383,0.003825971459983313,-0.020890920330014717,0.032833549506166015,0.011256706109266323,0.006071511097172166,0.018511044573678442,89.98040211345966,0.03760438371992669,1
2024-08-28,D05_SI,32.287086486816406,-0.006128307062366334,-0.0027949047479683964,-0.008602013000825526,-0.02140632748623783,0.02696136588800635,0.0049778945740937,0.006711186129836544,0.01850905835224418,82.65182434878548,0.025784789125914864,1
2024-08-29,D05_SI,32.40473175048828,0.0036437249833587426,0.007313742191566108,-0.005805268255779206,-0.02194829967411127,0.031013585758145057,0.0083845906098452,0.005973659884264424,0.01852853942736941,84.86297294236073,0.02345708020972115,1
2024-08-30,D05_SI,32.902427673339844,0.015358742256647906,0.013095745541793269,0.026578625885874896,-0.021335580724726078,0.04543191830159832,0.023127021216469368,0.008114457603927788,0.01840696904415475,85.40210892956594,0.004675268000390531,0
2024-09-02,D05_SI,33.30058288574219,0.012101089207011917,0.02764568897381503,0.05871618982151139,-0.019316766565279697,0.054987394211719165,0.03460844898841864,0.008490484873317897,0.01791689177783269,86.4018481310889,0.01059779956533835,1
2024-09-03,D05_SI,33.707794189453125,0.0122283536329717,0.03760438371992669,0.13737310367472744,-0.014047585001437324,0.06104543720836331,0.0461403112387917,0.008744587182675151,0.010868143996146832,86.30140677927767,-0.0018792942201121265,0
2024-09-04,D05_SI,33.11960220336914,-0.01744973233128455,0.025784789125914864,0.13527014284133032,-0.008631903624322423,0.03609529096119024,0.027151816263998985,0.013375840361075694,0.01106907040701972,71.19815836059125,0.018852455712065286,1
2024-09-05,D05_SI,33.164852142333984,0.001366258528317621,0.02345708020972115,0.10641587472280634,-0.004456046140109193,0.03235998016172781,0.027759736456924866,0.013479459355102509,0.009936434234599507,65.18112227823397,0.03137773584831871,1
2024-09-06,D05_SI,33.05625534057617,-0.0032744545729239682,0.004675268000390531,0.10542105410529934,-0.0002424504714757525,0.023955473866246857,0.023707215378837798,0.012329919656120611,0.009973990117990017,62.46562590591113,0.038598585032437294,1
2024-09-09,D05_SI,33.65349578857422,0.018067395772592088,0.01059779956533835,0.11181417130917026,0.00410285245870079,0.03701968514483989,0.04127442390975733,0.013866489375026412,0.010275953703972164,66.42144808460867,0.02178016885394829,1
2024-09-10,D05_SI,33.644447326660156,-0.00026887138176989733,-0.0018792942201121265,0.10695451675281431,0.008071813692380747,0.03157419831601049,0.03990087305468437,0.012679694468080703,0.010350502421961633,67.4128836736192,0.022054970186026868,1
2024-09-11,D05_SI,33.743988037109375,0.0029586073886951336,0.018852455712065286,0.09451116961322259,0.011469728177817107,0.03002509425852007,0.041839202105995676,0.00831848362011428,0.010127737582102319,72.30758421652821,0.021721760332379825,1
2024-09-12,D05_SI,34.20549011230469,0.01367657179962789,0.03137773584831871,0.08745683697208007,0.014354504543778734,0.03974688089177869,0.05467193221791944,0.009203903366480378,0.009689217012739311,73.46430195355023,0.01851849786611992,1
2024-09-13,D05_SI,34.33218002319336,0.003703788791586282,0.038598585032437294,0.06692925053939347,0.0162459750890529,0.040193037710922086,0.05709198788938008,0.007828305088609414,0.008623976900865525,75.78668767970898,0.027938855385709394,1
2024-09-16,D05_SI,34.386474609375,0.0015814488373577795,0.02178016885394829,0.06681638518307431,0.018094513090068043,0.038450005243682917,0.05724025245694597,0.005439104098551866,0.008625039138756523,75.60953039966358,0.038421012694626056,1
2024-09-17,D05_SI,34.386474609375,0.0,0.022054970186026868,0.05997205614077017,0.019660075343036487,0.035408267629240875,0.055764472181634606,0.005383309182559893,0.008620486591087112,79.8967627259334,0.021842074201083417,1
2024-09-18,D05_SI,34.476966857910156,0.002631623321760479,0.021721760332379825,0.06484080047240748,0.02146101778406795,0.034862157451374554,0.05707135261649743,0.005406889626838293,0.00854382675269218,79.74008142027799,0.007086467808447239,0
2024-09-19,D05_SI,34.838924407958984,0.010498532296665308,0.01851849786611992,0.08298157162746622,0.02395917816283566,0.04155386287998075,0.06650863744691193,0.004047786797700834,0.00837865298779615,78.91872307602914,-0.005194564874028473,0
2024-09-20,D05_SI,35.2913818359375,0.012987123904294462,0.027938855385709394,0.08665382224210649,0.026601955368816155,0.0506607292386958,0.07861035906567126,0.005806614307609856,0.008531289495017,79.2551724447215,-0.035897608843784456,0
2024-09-23,D05_SI,35.707637786865234,0.011794832881943274,0.038421012694626056,0.10192665879195828,0.029642453818379932,0.05785211892015907,0.08920945150192527,0.005862218827232949,0.00855152095311953,79.31017131662546,-0.0357323287762259,0
2024-09-24,D05_SI,35.13754653930664,-0.015965526786213102,0.021842074201083417,0.08161548980132238,0.0321318867087339,0.036890669709441326,0.07020792323788827,0.012077826927989976,0.009738754313207209,79.73321762121668,-0.02420808292432486,0
2024-09-25,D05_SI,34.72128677368164,-0.011846580271600682,0.007086467808447239,0.07539237979429259,0.03495992080570476,0.020940253128765907,0.056632243525503556,0.014160568615709114,0.01012719225769567,70.6729278431166,-0.015637152236266938,0
2024-09-26,D05_SI,34.65795135498047,-0.0018241092017701188,-0.005194564874028473,0.06953366014079831,0.037944286973561114,0.015713224924990055,0.05425373901438513,0.013244221259518268,0.010202025003141265,71.53300094260568,-0.012010622787790526,0
2024-09-27,D05_SI,34.024505615234375,-0.018277068175729494,-0.035897608843784456,0.034103196063059116,0.039549519262954025,-0.004487880853294435,0.03488414487940239,0.012357464134717883,0.010879613553885975,54.939722565336105,0.011702349506464538,1
2024-09-30,D05_SI,34.43172073364258,0.011968289062394888,-0.0357323287762259,0.033967508970682125,0.04069026528004516,0.005762380470035744,0.04668711854005125,0.012424265670274322,0.010872992146249287,59.47714279154134,0.008147068230920818,0
2024-10-01,D05_SI,34.28693389892578,-0.004205042084211907,-0.02420808292432486,0.01718118089298959,0.0409548312485879,0.0006866830226244236,0.041669637258525016,0.011419985445967272,0.010656483483486502,56.46551332532621,0.012140477969015517,1
2024-10-02,D05_SI,34.1783447265625,-0.0031670715346957534,-0.015637152236266938,0.031967247574177016,0.042107806898582956,-0.004021355065729759,0.0379171213902747,0.010726721803542965,0.009806295068955513,49.64708402931245,0.027270267760519218,1
2024-10-03,D05_SI,34.2416877746582,0.0018533094157271446,-0.012010622787790526,0.03246918236519636,0.0436065256970366,-0.003738616305859588,0.03970488132316419,0.010959702272253803,0.009806235782572639,48.80381134488274,0.023784311783547007,1
2024-10-04,D05_SI,34.422672271728516,0.0052855016452855175,0.011702349506464538,0.04133610770712681,0.04555707757462657,-0.00045975521341312664,0.04507637725729041,0.006610256536199924,0.009766962799699744,50.46297877489444,0.017087231541573322,1
2024-10-07,D05_SI,34.71223831176758,0.008412073233398765,0.008147068230920818,0.031460105358588564,0.046674553403622365,0.006401461181396728,0.053374799926791505,0.005396029155781614,0.009154155169050994,53.8792660933873,0.02007306910574691,1
2024-10-08,D05_SI,34.70319366455078,-0.00026056076060443356,0.012140477969015517,0.031468679738176686,0.04778162695635135,0.004597380740658741,0.05259867802853635,0.0045507649281703085,0.0091540665433365,52.74724969286616,0.027379311118082672,1
2024-10-09,D05_SI,35.11039733886719,0.011733896259016774,0.027270267760519218,0.04049341471598211,0.04888327050786101,0.014379024747501967,0.06396518901173431,0.004843159654656471,0.00942927125439292,53.26087454579612,0.005154726542213162,0
2024-10-10,D05_SI,35.05610275268555,-0.0015463962329340664,0.023784311783547007,0.024867722625464328,0.049193093621059836,0.011567421300227032,0.061329552160263257,0.005639581647901747,0.009046209252540552,46.87495883236946,0.02013428661311356,1
2024-10-11,D05_SI,35.010860443115234,-0.0012905687175065461,0.017087231541573322,0.019768054911263544,0.04908723084879285,0.009273654372741857,0.05881610323454134,0.0062137390366414766,0.009044361997415826,39.73335131975359,0.026105028314251433,1
2024-10-14,D05_SI,35.409019470214844,0.011372443352157147,0.02007306910574691,0.029736833230384674,0.0491918436026717,0.01924932308909444,0.06938807638262201,0.006911422851179051,0.009336711381802852,54.21349478797238,0.0007666234803542782,0
2024-10-15,D05_SI,35.653343200683594,0.006900042252631966,0.027379311118082672,0.03684206088876585,0.049305514388725324,0.02441432894817197,0.07492360438414258,0.0065392820352253855,0.009405296916121568,65.28194922049443,-0.010659821897625932,0
2024-10-16,D05_SI,35.2913818359375,-0.010152241900814318,0.005154726542213162,0.023622001940709847,0.04918626270920523,0.012829202301362974,0.0626464855253126,0.008343940444195275,0.009776648038398273,59.45938247692834,0.004615289494892982,0
2024-10-17,D05_SI,35.761932373046875,0.013333298744063526,0.02013428661311356,0.026493583851200375,0.04897852054590035,0.02497600391842103,0.07517781218539432,0.009722967494291676,0.009937567591826664,77.27287969552023,-0.005566853010674611,0
2024-10-18,D05_SI,35.92481994628906,0.004554775495435814,0.026105028314251433,0.017948804421892284,0.04815792875382696,0.028710725932287184,0.07825130378003187,0.009263468319982551,0.009590926455014583,75.38475307705178,-0.01385392434236099,0
2024-10-21,D05_SI,35.43616485595703,-0.01360215837024692,0.0007666234803542782,-0.007602657239008437,0.04610005884160473,0.01511259641947893,0.06190934684527116,0.011554289597343963,0.009757065892174642,67.49313662187083,-0.0020426556008378283,0
2024-10-22,D05_SI,35.273284912109375,-0.004596432613679813,-0.010659821897625932,0.00386305778779672,0.044784475265335244,0.010250287272212333,0.05549381627435257,0.011020922060251825,0.009108171361442333,66.39575745666747,0.007952800356452183,0
2024-10-23,D05_SI,35.454261779785156,0.0051307063724492785,0.004615289494892982,0.02111024890526525,0.044377405638484024,0.014368858136669216,0.059383916421245964,0.010324074323927557,0.008705417454379787,67.53932248242862,-0.01327204441689056,0
2024-10-24,D05_SI,35.56285095214844,0.0030627960338802662,-0.005566853010674611,0.0261094369918069,0.04418548140189449,0.01616025630649709,0.06105978641287213,0.008010236728741696,0.008688146853500299,66.84494630758255,-0.013994826329341126,0
2024-10-25,D05_SI,35.427120208740234,-0.0038166440477687136,-0.01385392434236099,0.04122365830579011,0.044524098843851334,0.010257488897850164,0.05523829319127915,0.007385957719902861,0.007490064938867584,61.06457296163693,-0.0022988030481725374,0
2024-10-28,D05_SI,35.3637809753418,-0.0017878741773318385,-0.0020426556008378283,0.027069813004974907,0.04388595146265151,0.007112868126187832,0.05131097457418532,0.004295036560295304,0.007155323211199559,60.055232385967074,0.00025576018647743837,0
2024-10-29,D05_SI,35.55380630493164,0.005373444930063975,0.007952800356452183,0.03694913081876794,0.04271197643267577,0.010701288148923904,0.05387033774881589,0.00417318787717318,0.007083382192970931,57.227257861338025,-0.0035632217576050396,0
2024-10-30,D05_SI,34.98371124267578,-0.016034712496500902,-0.01327204441689056,0.02356364892906515,0.040917655876907766,-0.006642135712096819,0.034003739541455635,0.008340655144534574,0.008076794822245882,48.98990920520221,0.07863429134085798,1
2024-11-01,D05_SI,35.065155029296875,0.002328048789796311,-0.013994826329341126,0.024048675989859047,0.039528035385282045,-0.005492241293536093,0.03381869658355052,0.00822065827268326,0.008079524687299533,50.75000447905436,0.09419350487156386,1
2024-11-04,D05_SI,35.345680236816406,0.008000113140385512,-0.0022988030481725374,0.026813954413584584,0.038112716947677594,0.0011535192363743008,0.03931019993620155,0.009456536359689996,0.008173670797103634,49.09566634423501,0.09446992323696812,1
2024-11-05,D05_SI,35.372825622558594,0.0007679972647383071,0.00025576018647743837,0.019030386483808837,0.03649141230084885,0.0009859352650947173,0.03751332573620414,0.009433444894913191,0.008003290197717882,45.7300729771035,0.08314135554258084,1
2024-11-06,D05_SI,35.427120208740234,0.0015349236377377729,-0.0035632217576050396,0.02086051650424725,0.0350063748605991,0.0014965498216443773,0.03655531346629726,0.009043816916361939,0.007998787845366971,52.279678488645494,0.09272018423158279,1
2024-11-07,D05_SI,37.7346305847168,0.06513400926692525,0.07863429134085798,0.07474233972694422,0.035359490800092486,0.0627858973453379,0.10036546550498837,0.027862720098419808,0.01632603665878305,70.48876097772798,0.044843527137891526,1
2024-11-08,D05_SI,38.368064880371094,0.016786550864257066,0.09419350487156386,0.0944760503199924,0.036705075793015185,0.07560973413549776,0.11509007095064594,0.02687999632281293,0.016527422335453904,73.11645244698406,0.025682847353309723,1
2024-11-11,D05_SI,38.684783935546875,0.008254757078921982,0.09446992323696812,0.10493668095935371,0.03877011362558447,0.0789324144274568,0.12076274672913523,0.026855490002163043,0.016484614456015182,81.77003669420846,0.004492266233730335,0
2024-11-12,D05_SI,38.31377029418945,-0.009590686663148218,0.08314135554258084,0.08203420674831197,0.039924392556711874,0.0642736299957567,0.10676410818746396,0.028887633569055153,0.016731231300802337,78.57146441816799,0.018285745577462542,1
2024-11-13,D05_SI,38.71192932128906,0.010392060714525808,0.09272018423158279,0.08578679714240156,0.04119849457589764,0.07078488359977109,0.11489960881870953,0.028004432655929168,0.01678036824972969,79.41181738028324,-0.0007100836609809091,0
2024-11-14,D05_SI,39.42678451538086,0.01846601826942984,0.044843527137891526,0.11717882565970394,0.04362224600989473,0.08435622475251625,0.1316582787510312,0.011160725198497853,0.0167073047839476,81.44328296772375,-0.010692666388982808,0
2024-11-15,D05_SI,39.35346603393555,-0.0018596109813802109,0.025682847353309723,0.10042895958260756,0.04518462469350548,0.07702044369595584,0.12568520823159046,0.010964214736033645,0.01668661045363937,82.2790542473067,-0.014205902808911208,0
2024-11-18,D05_SI,38.85856628417969,-0.01257576014598294,0.004492266233730335,0.08166349454991972,0.04619769032843313,0.0592238187239007,0.10815751268980778,0.013208976472276158,0.017140103623663167,76.82749629712924,-0.0035378057711450417,0
2024-11-19,D05_SI,39.014366149902344,0.004009408493953703,0.018285745577462542,0.10097597492533938,0.04800745197354206,0.05830950647842936,0.10911624928383556,0.011818665604796972,0.016629281677237564,76.70509106045557,-0.020201944153450002,0
2024-11-20,D05_SI,38.68444061279297,-0.008456514091289447,-0.0007100836609809091,0.0967064935739097,0.049773183228928985,0.04452731235719409,0.09651676166276957,0.012146553281660312,0.016767723292132743,79.6578230394099,-0.008528932459011984,0
2024-11-21,D05_SI,39.00520706176758,0.008291872491715147,-0.010692666388982808,0.10015566828152256,0.05146866923276816,0.04816351032610844,0.10211109134093999,0.008595330899881804,0.01678633057673982,80.40930007978731,-0.00728402331505551,0
2024-11-22,D05_SI,38.79441452026367,-0.005404215421035974,-0.014205902808911208,0.0908690805600334,0.05286600236887318,0.03799205429632235,0.09286654469762334,0.008714034645169696,0.01694152677138361,76.9069366690774,0.0023624045610681765,0
2024-11-25,D05_SI,38.721092224121094,-0.0018900219799496965,-0.0035378057711450417,0.09297882514786515,0.0546245171219748,0.031484769470617735,0.08782912692162159,0.006832662265048933,0.01689722410781166,75.93620906689361,0.00710063403760719,0
2024-11-26,D05_SI,38.226200103759766,-0.012780944233102942,-0.020201944153450002,0.08094211222532621,0.05620937946197402,0.014433814667679234,0.0714545098953927,0.007976025858477372,0.017289746497645746,70.29669338732788,0.04315507123255702,1
2024-11-27,D05_SI,38.3545036315918,0.0033564290325422963,-0.008528932459011984,0.07877348778467286,0.05783817526069157,0.01407020476412657,0.07272217499391931,0.008092412595814755,0.017287425272497058,56.57174009402066,0.04707290925179741,1
2024-11-28,D05_SI,38.721092224121094,0.009557902144960773,-0.00728402331505551,0.10683203264284247,0.060296105649574994,0.01872934612718513,0.0801547584095923,0.008492552859743735,0.01666741040822674,53.96717342323033,0.04757400175873072,1
2024-11-29,D05_SI,38.88606262207031,0.004260478939859258,0.0023624045610681765,0.10896594039242302,0.06279846289717494,0.017953091084633055,0.08187898050617592,0.0084622937460105,0.016655383856689004,52.341752826222795,0.029460410439810847,1
2024-12-02,D05_SI,38.996036529541016,0.002828106011645515,0.00710063403760719,0.10327588175605018,0.06494330722207287,0.015977708111291067,0.08195866053994028,0.00839181347430143,0.016651613402138818,58.451068928954165,0.025851994071553586,1
2024-12-03,D05_SI,39.8758544921875,0.022561727830467726,0.04315507123255702,0.12730192712558286,0.06811685746330398,0.03284132383393201,0.10319522907173817,0.008298354555120352,0.01706434373057176,62.88033190760757,0.011261797326296508,1
2024-12-04,D05_SI,40.15996170043945,0.007124792982370121,0.04707290925179741,0.13359374015762016,0.07144482082984616,0.033863178457756105,0.10772734800524586,0.007873183459944179,0.017030626763944387,58.968575129630395,-0.0031947170191988228,0
2024-12-05,D05_SI,40.563209533691406,0.010041041280363983,0.04757400175873072,0.07495976256145553,0.07198527598748417,0.04045605066435076,0.11535356662427199,0.007880613670893247,0.010066054501808903,63.6929111215314,-0.010393099028890296,0
2024-12-06,D05_SI,40.03166198730469,-0.013104178700288016,0.029460410439810847,0.04335890048457158,0.0714117695896308,0.024635583344799095,0.0978066235359547,0.012911781297757873,0.010233485949339509,63.16884834241747,0.0013735389353595195,0
2024-12-09,D05_SI,40.0041618347168,-0.0006869600516863361,0.025851994071553586,0.03410586191635834,0.07044581688051044,0.022205689597583067,0.09421580442119049,0.013212385762101478,0.010148825730781352,61.440724674616895,0.01512026822923307,1
2024-12-10,D05_SI,40.324928283691406,0.00801832695057847,0.011261797326296508,0.05249177969329111,0.07029882154548583,0.02776123234962724,0.10001163581394246,0.009514593704971864,0.009875434274939287,69.0020944351653,0.004772707965934542,0
2024-12-11,D05_SI,40.03166198730469,-0.007272580730300349,-0.0031947170191988228,0.03409111065125492,0.06935429319901965,0.01857371754825965,0.08921617779991697,0.00985384056843449,0.009932335286510207,61.965863277008005,-0.007097348404716541,0
2024-12-12,D05_SI,40.141632080078125,0.002747077870719261,-0.010393099028890296,0.018131013560550358,0.06758437208675883,0.020443790229434544,0.08940984304192301,0.00830227063735128,0.009127114083411809,66.0832055930655,-0.009132283836908672,0
2024-12-13,D05_SI,40.086647033691406,-0.0013697760538742276,0.0013735389353595195,0.01863065883761328,0.0660488453750725,0.018097232939348507,0.08534137965454858,0.005627303199644159,0.009119865281027774,66.37380571646034,-0.02103340599215453,0
2024-12-16,D05_SI,40.60903549194336,0.013031482972694297,0.01512026822923307,0.045047189722908776,0.06586091337840427,0.02907704551733392,0.09685299967185501,0.007913505975116048,0.008914330038097445,78.38443306202129,-0.02143974659513037,0
2024-12-17,D05_SI,40.51738739013672,-0.0022568401513702874,0.004772707965934542,0.03852481505042049,0.0655835530865001,0.02480293867300154,0.09201315660466358,0.007623391490204261,0.008958992996758376,75.9913378557159,-0.013797911572779098,0
2024-12-18,D05_SI,39.74754333496094,-0.019000337997192474,-0.007097348404716541,0.027481403513339053,0.06481117619768084,0.003981535013976245,0.06905075917898507,0.011575495074613376,0.009866598018177415,61.24499972418035,0.0039198317014697,0
2024-12-19,D05_SI,39.775047302246094,0.0006919664708173734,-0.009132283836908672,0.019736858190738893,0.06343731095673077,0.0037003906794987884,0.06737244447042623,0.011428323855448752,0.009732748353600763,60.04146853062483,0.003456001319677382,0
2024-12-20,D05_SI,39.24348831176758,-0.013364132201761025,-0.02103340599215453,0.011575733183686543,0.06186208914821156,-0.010273978648635884,0.05095254071650701,0.012526576237651719,0.010162647522903552,52.552021615939395,0.024054174773230796,1
