date,asset,ticker,close
2020-01-02,D05_SI,D05.SI,16.878067016601562
2020-01-03,D05_SI,D05.SI,16.806961059570312
2020-01-06,D05_SI,D05.SI,16.716459274291992
2020-01-07,D05_SI,D05.SI,16.839277267456055
2020-01-08,D05_SI,D05.SI,16.63242530822754
2020-01-09,D05_SI,D05.SI,16.716459274291992
2020-01-10,D05_SI,D05.SI,16.806961059570312
2020-01-13,D05_SI,D05.SI,16.87160301208496
2020-01-14,D05_SI,D05.SI,16.968563079833984
2020-01-15,D05_SI,D05.SI,16.85866928100586
2020-01-16,D05_SI,D05.SI,17.02027702331543
2020-01-17,D05_SI,D05.SI,17.033205032348633
2020-01-20,D05_SI,D05.SI,17.052597045898438
2020-01-21,D05_SI,D05.SI,17.000886917114258
2020-01-22,D05_SI,D05.SI,17.065528869628906
2020-01-23,D05_SI,D05.SI,16.968563079833984
2020-01-24,D05_SI,D05.SI,16.93624496459961
2020-01-28,D05_SI,D05.SI,16.709997177124023
2020-01-29,D05_SI,D05.SI,16.697067260742188
2020-01-30,D05_SI,D05.SI,16.606569290161133
2020-01-31,D05_SI,D05.SI,16.39971351623535
2020-02-03,D05_SI,D05.SI,16.09589385986328
2020-02-04,D05_SI,D05.SI,16.25749969482422
2020-02-05,D05_SI,D05.SI,16.451425552368164
2020-02-06,D05_SI,D05.SI,16.6130313873291
2020-02-07,D05_SI,D05.SI,16.360929489135742
2020-02-10,D05_SI,D05.SI,16.231645584106445
2020-02-11,D05_SI,D05.SI,16.21871566772461
2020-02-12,D05_SI,D05.SI,16.432037353515625
2020-02-13,D05_SI,D05.SI,16.432037353515625
2020-02-14,D05_SI,D05.SI,16.516069412231445
2020-02-17,D05_SI,D05.SI,16.4708194732666
2020-02-18,D05_SI,D05.SI,16.335071563720703
2020-02-19,D05_SI,D05.SI,16.360929489135742
2020-02-20,D05_SI,D05.SI,16.22517967224121
2020-02-21,D05_SI,D05.SI,16.212249755859375
2020-02-24,D05_SI,D05.SI,16.063573837280273
2020-02-25,D05_SI,D05.SI,16.11528778076172
2020-02-26,D05_SI,D05.SI,15.940749168395996
2020-02-27,D05_SI,D05.SI,16.044178009033203
2020-02-28,D05_SI,D05.SI,15.585222244262695
2020-03-02,D05_SI,D05.SI,15.546436309814453
2020-03-03,D05_SI,D05.SI,15.617545127868652
2020-03-04,D05_SI,D05.SI,15.455938339233398
2020-03-05,D05_SI,D05.SI,15.255546569824219
2020-03-06,D05_SI,D05.SI,14.867692947387695
2020-03-09,D05_SI,D05.SI,13.671812057495117
2020-03-10,D05_SI,D05.SI,13.8916015625
2020-03-11,D05_SI,D05.SI,13.581315040588379
2020-03-12,D05_SI,D05.SI,13.057714462280273
2020-03-13,D05_SI,D05.SI,12.508255004882812
2020-03-16,D05_SI,D05.SI,12.01051139831543
2020-03-17,D05_SI,D05.SI,11.635586738586426
2020-03-18,D05_SI,D05.SI,11.635586738586426
2020-03-19,D05_SI,D05.SI,11.247733116149902
2020-03-20,D05_SI,D05.SI,11.739013671875
2020-03-23,D05_SI,D05.SI,10.911595344543457
2020-03-24,D05_SI,D05.SI,11.771334648132324
2020-03-25,D05_SI,D05.SI,12.553502082824707
2020-03-26,D05_SI,D05.SI,12.320795059204102
2020-03-27,D05_SI,D05.SI,12.372506141662598
2020-03-30,D05_SI,D05.SI,11.829510688781738
2020-03-31,D05_SI,D05.SI,12.004047393798828
2020-04-01,D05_SI,D05.SI,11.732549667358398
2020-04-02,D05_SI,D05.SI,11.900618553161621
2020-04-03,D05_SI,D05.SI,11.583873748779297
2020-04-06,D05_SI,D05.SI,11.894156455993652
2020-04-07,D05_SI,D05.SI,12.353111267089844
2020-04-08,D05_SI,D05.SI,12.17211627960205
2020-04-09,D05_SI,D05.SI,12.372506141662598
2020-04-13,D05_SI,D05.SI,12.463004112243652
2020-04-14,D05_SI,D05.SI,12.837930679321289
2020-04-15,D05_SI,D05.SI,12.605216026306152
2020-04-16,D05_SI,D05.SI,12.52764892578125
2020-04-17,D05_SI,D05.SI,12.463004112243652
2020-04-20,D05_SI,D05.SI,12.346649169921875
2020-04-21,D05_SI,D05.SI,12.178583145141602
2020-04-22,D05_SI,D05.SI,12.113936424255371
2020-04-23,D05_SI,D05.SI,12.113936424255371
2020-04-24,D05_SI,D05.SI,12.06868839263916
2020-04-27,D05_SI,D05.SI,12.28200626373291
2020-04-28,D05_SI,D05.SI,12.327258110046387
2020-04-29,D05_SI,D05.SI,12.41128921508789
2020-04-30,D05_SI,D05.SI,12.902573585510254
2020-05-04,D05_SI,D05.SI,12.65046501159668
2020-05-05,D05_SI,D05.SI,12.734501838684082
2020-05-06,D05_SI,D05.SI,12.760359764099121
2020-05-08,D05_SI,D05.SI,12.734501838684082
2020-05-11,D05_SI,D05.SI,12.928428649902344
2020-05-12,D05_SI,D05.SI,12.935113906860352
2020-05-13,D05_SI,D05.SI,12.888318061828613
2020-05-14,D05_SI,D05.SI,12.674406051635742
2020-05-15,D05_SI,D05.SI,12.701144218444824
2020-05-18,D05_SI,D05.SI,12.754621505737305
2020-05-19,D05_SI,D05.SI,13.108920097351074
2020-05-20,D05_SI,D05.SI,13.035384178161621
2020-05-21,D05_SI,D05.SI,13.00196361541748
2020-05-22,D05_SI,D05.SI,12.821468353271484
2020-05-26,D05_SI,D05.SI,12.995278358459473
2020-05-27,D05_SI,D05.SI,12.995278358459473
2020-05-28,D05_SI,D05.SI,13.128973007202148
2020-05-29,D05_SI,D05.SI,13.015331268310547
2020-06-01,D05_SI,D05.SI,13.142341613769531
2020-06-02,D05_SI,D05.SI,13.510007858276367
2020-06-03,D05_SI,D05.SI,14.572897911071777
2020-06-04,D05_SI,D05.SI,14.699907302856445
2020-06-05,D05_SI,D05.SI,14.893766403198242
2020-06-08,D05_SI,D05.SI,15.435235977172852
2020-06-09,D05_SI,D05.SI,15.341646194458008
2020-06-10,D05_SI,D05.SI,15.415181159973145
2020-06-11,D05_SI,D05.SI,14.806863784790039
2020-06-12,D05_SI,D05.SI,14.659796714782715
2020-06-15,D05_SI,D05.SI,14.238649368286133
2020-06-16,D05_SI,D05.SI,14.479305267333984
2020-06-17,D05_SI,D05.SI,14.419145584106445
2020-06-18,D05_SI,D05.SI,14.385722160339355
2020-06-19,D05_SI,D05.SI,14.145065307617188
2020-06-22,D05_SI,D05.SI,14.071531295776367
2020-06-23,D05_SI,D05.SI,14.125011444091797
2020-06-24,D05_SI,D05.SI,14.104958534240723
2020-06-25,D05_SI,D05.SI,13.830878257751465
2020-06-26,D05_SI,D05.SI,13.917781829833984
2020-06-29,D05_SI,D05.SI,13.717239379882812
2020-06-30,D05_SI,D05.SI,13.904412269592285
2020-07-01,D05_SI,D05.SI,14.071531295776367
2020-07-02,D05_SI,D05.SI,14.225282669067383
2020-07-03,D05_SI,D05.SI,14.419145584106445
2020-07-06,D05_SI,D05.SI,14.68653678894043
2020-07-07,D05_SI,D05.SI,14.485991477966309
2020-07-08,D05_SI,D05.SI,14.56620979309082
2020-07-09,D05_SI,D05.SI,14.472622871398926
2020-07-13,D05_SI,D05.SI,14.399088859558105
2020-07-14,D05_SI,D05.SI,14.358979225158691
2020-07-15,D05_SI,D05.SI,14.626371383666992
2020-07-16,D05_SI,D05.SI,14.439194679260254
2020-07-17,D05_SI,D05.SI,14.292131423950195
2020-07-20,D05_SI,D05.SI,14.231968879699707
2020-07-21,D05_SI,D05.SI,14.305500984191895
2020-07-22,D05_SI,D05.SI,14.091586112976074
2020-07-23,D05_SI,D05.SI,14.104958534240723
2020-07-24,D05_SI,D05.SI,13.797453880310059
2020-07-27,D05_SI,D05.SI,13.757345199584961
2020-07-28,D05_SI,D05.SI,13.703866004943848
2020-07-29,D05_SI,D05.SI,13.637016296386719
2020-07-30,D05_SI,D05.SI,13.215874671936035
2020-08-03,D05_SI,D05.SI,13.00196361541748
2020-08-04,D05_SI,D05.SI,13.162397384643555
2020-08-05,D05_SI,D05.SI,13.255987167358398
2020-08-06,D05_SI,D05.SI,13.637016296386719
2020-08-07,D05_SI,D05.SI,13.770712852478027
2020-08-11,D05_SI,D05.SI,13.937836647033691
2020-08-12,D05_SI,D05.SI,14.044794082641602
2020-08-13,D05_SI,D05.SI,14.318868637084961
2020-08-14,D05_SI,D05.SI,14.204264640808105
2020-08-17,D05_SI,D05.SI,14.157073974609375
2020-08-18,D05_SI,D05.SI,13.981799125671387
2020-08-19,D05_SI,D05.SI,14.076175689697266
2020-08-20,D05_SI,D05.SI,13.968313217163086
2020-08-21,D05_SI,D05.SI,13.975052833557129
2020-08-24,D05_SI,D05.SI,14.01550579071045
2020-08-25,D05_SI,D05.SI,14.150335311889648
2020-08-26,D05_SI,D05.SI,13.94134521484375
2020-08-27,D05_SI,D05.SI,13.793034553527832
2020-08-28,D05_SI,D05.SI,13.995280265808105
2020-08-31,D05_SI,D05.SI,14.069437026977539
2020-09-01,D05_SI,D05.SI,14.069437026977539
2020-09-02,D05_SI,D05.SI,14.069437026977539
2020-09-03,D05_SI,D05.SI,13.995280265808105
2020-09-04,D05_SI,D05.SI,13.94134521484375
2020-09-07,D05_SI,D05.SI,13.968313217163086
2020-09-08,D05_SI,D05.SI,13.921122550964355
2020-09-09,D05_SI,D05.SI,13.833486557006836
2020-09-10,D05_SI,D05.SI,13.846967697143555
2020-09-11,D05_SI,D05.SI,13.826743125915527
2020-09-14,D05_SI,D05.SI,13.793034553527832
2020-09-15,D05_SI,D05.SI,13.718881607055664
2020-09-16,D05_SI,D05.SI,13.678431510925293
2020-09-17,D05_SI,D05.SI,13.49641227722168
2020-09-18,D05_SI,D05.SI,13.516637802124023
2020-09-21,D05_SI,D05.SI,13.476187705993652
2020-09-22,D05_SI,D05.SI,13.307650566101074
2020-09-23,D05_SI,D05.SI,13.408773422241211
2020-09-24,D05_SI,D05.SI,13.348098754882812
2020-09-25,D05_SI,D05.SI,13.489670753479004
2020-09-28,D05_SI,D05.SI,13.631244659423828
2020-09-29,D05_SI,D05.SI,13.46944522857666
2020-09-30,D05_SI,D05.SI,13.422257423400879
2020-10-01,D05_SI,D05.SI,13.752584457397461
2020-10-02,D05_SI,D05.SI,13.732365608215332
2020-10-05,D05_SI,D05.SI,13.873933792114258
2020-10-06,D05_SI,D05.SI,13.961569786071777
2020-10-07,D05_SI,D05.SI,14.069437026977539
2020-10-08,D05_SI,D05.SI,14.170557975769043
2020-10-09,D05_SI,D05.SI,14.190780639648438
2020-10-12,D05_SI,D05.SI,14.426734924316406
2020-10-13,D05_SI,D05.SI,14.554821014404297
2020-10-14,D05_SI,D05.SI,14.372802734375
2020-10-15,D05_SI,D05.SI,14.204264640808105
2020-10-16,D05_SI,D05.SI,14.419991493225098
2020-10-19,D05_SI,D05.SI,14.541341781616211
2020-10-20,D05_SI,D05.SI,14.359315872192383
2020-10-21,D05_SI,D05.SI,14.325606346130371
2020-10-22,D05_SI,D05.SI,14.453700065612793
2020-10-23,D05_SI,D05.SI,14.527854919433594
2020-10-26,D05_SI,D05.SI,14.359315872192383
2020-10-27,D05_SI,D05.SI,14.372802734375
2020-10-28,D05_SI,D05.SI,14.089659690856934
2020-10-29,D05_SI,D05.SI,13.860450744628906
2020-10-30,D05_SI,D05.SI,13.718881607055664
2020-11-02,D05_SI,D05.SI,13.907641410827637
2020-11-03,D05_SI,D05.SI,14.446956634521484
2020-11-04,D05_SI,D05.SI,14.527854919433594
2020-11-05,D05_SI,D05.SI,15.121100425720215
2020-11-06,D05_SI,D05.SI,15.161554336547852
2020-11-09,D05_SI,D05.SI,15.471660614013672
2020-11-10,D05_SI,D05.SI,16.449172973632812
2020-11-11,D05_SI,D05.SI,16.449172973632812
2020-11-12,D05_SI,D05.SI,16.27938461303711
2020-11-13,D05_SI,D05.SI,16.218259811401367
2020-11-16,D05_SI,D05.SI,16.44917106628418
2020-11-17,D05_SI,D05.SI,16.7412109375
2020-11-18,D05_SI,D05.SI,16.727628707885742
2020-11-19,D05_SI,D05.SI,16.58500862121582
2020-11-20,D05_SI,D05.SI,16.707250595092773
2020-11-23,D05_SI,D05.SI,17.02645492553711
2020-11-24,D05_SI,D05.SI,17.386411666870117
2020-11-25,D05_SI,D05.SI,17.440744400024414
2020-11-26,D05_SI,D05.SI,17.318492889404297
2020-11-27,D05_SI,D05.SI,17.440744400024414
2020-11-30,D05_SI,D05.SI,17.11474609375
2020-12-01,D05_SI,D05.SI,17.107955932617188
2020-12-02,D05_SI,D05.SI,17.196245193481445
2020-12-03,D05_SI,D05.SI,17.37282943725586
2020-12-04,D05_SI,D05.SI,17.42715835571289
2020-12-07,D05_SI,D05.SI,17.15549659729004
2020-12-08,D05_SI,D05.SI,16.985706329345703
2020-12-09,D05_SI,D05.SI,17.28453254699707
2020-12-10,D05_SI,D05.SI,17.01287078857422
2020-12-11,D05_SI,D05.SI,17.019664764404297
2020-12-14,D05_SI,D05.SI,17.28453254699707
2020-12-15,D05_SI,D05.SI,17.291330337524414
2020-12-16,D05_SI,D05.SI,17.35923957824707
2020-12-17,D05_SI,D05.SI,17.23020362854004
2020-12-18,D05_SI,D05.SI,17.040040969848633
2020-12-21,D05_SI,D05.SI,17.11474609375
2020-12-22,D05_SI,D05.SI,17.01287078857422
2020-12-23,D05_SI,D05.SI,17.02645492553711
2020-12-24,D05_SI,D05.SI,17.094371795654297
2020-12-28,D05_SI,D05.SI,17.06720733642578
2020-12-29,D05_SI,D05.SI,17.11474609375
2020-12-30,D05_SI,D05.SI,17.135120391845703
2020-12-31,D05_SI,D05.SI,17.135120391845703
2021-01-04,D05_SI,D05.SI,17.209827423095703
2021-01-05,D05_SI,D05.SI,17.216625213623047
2021-01-06,D05_SI,D05.SI,17.101165771484375
2021-01-07,D05_SI,D05.SI,17.692028045654297
2021-01-08,D05_SI,D05.SI,18.622474670410156
2021-01-11,D05_SI,D05.SI,18.28289794921875
2021-01-12,D05_SI,D05.SI,18.15385627746582
2021-01-13,D05_SI,D05.SI,18.174232482910156
2021-01-14,D05_SI,D05.SI,18.3304386138916
2021-01-15,D05_SI,D05.SI,18.235355377197266
2021-01-18,D05_SI,D05.SI,17.936525344848633
2021-01-19,D05_SI,D05.SI,18.05877685546875
2021-01-20,D05_SI,D05.SI,17.916149139404297
2021-01-21,D05_SI,D05.SI,17.96369743347168
2021-01-22,D05_SI,D05.SI,17.773529052734375
2021-01-25,D05_SI,D05.SI,17.610532760620117
2021-01-26,D05_SI,D05.SI,17.454322814941406
2021-01-27,D05_SI,D05.SI,17.529033660888672
2021-01-28,D05_SI,D05.SI,17.27774429321289
2021-01-29,D05_SI,D05.SI,17.101165771484375
2021-02-01,D05_SI,D05.SI,17.14191436767578
2021-02-02,D05_SI,D05.SI,17.162290573120117
2021-02-03,D05_SI,D05.SI,17.11474609375
2021-02-04,D05_SI,D05.SI,17.14191436767578
2021-02-05,D05_SI,D05.SI,17.169076919555664
2021-02-08,D05_SI,D05.SI,17.759944915771484
2021-02-09,D05_SI,D05.SI,17.610532760620117
2021-02-10,D05_SI,D05.SI,17.6580753326416
2021-02-11,D05_SI,D05.SI,17.70561408996582
2021-02-15,D05_SI,D05.SI,17.57657241821289
2021-02-16,D05_SI,D05.SI,17.651281356811523
2021-02-17,D05_SI,D05.SI,17.6580753326416
2021-02-18,D05_SI,D05.SI,17.495075225830078
2021-02-19,D05_SI,D05.SI,17.406782150268555
2021-02-22,D05_SI,D05.SI,17.386411666870117
2021-02-23,D05_SI,D05.SI,17.42715835571289
2021-02-24,D05_SI,D05.SI,17.929731369018555
2021-02-25,D05_SI,D05.SI,18.269311904907227
2021-02-26,D05_SI,D05.SI,18.09273338317871
2021-03-01,D05_SI,D05.SI,18.405141830444336
2021-03-02,D05_SI,D05.SI,18.296480178833008
2021-03-03,D05_SI,D05.SI,18.663223266601562
2021-03-04,D05_SI,D05.SI,19.043554306030273
2021-03-05,D05_SI,D05.SI,18.805849075317383
2021-03-08,D05_SI,D05.SI,19.28804588317871
2021-03-09,D05_SI,D05.SI,19.59366798400879
2021-03-10,D05_SI,D05.SI,18.9077205657959
2021-03-11,D05_SI,D05.SI,19.226924896240234
2021-03-12,D05_SI,D05.SI,19.084299087524414
2021-03-15,D05_SI,D05.SI,18.98921775817871
2021-03-16,D05_SI,D05.SI,18.94847297668457
2021-03-17,D05_SI,D05.SI,19.029964447021484
2021-03-18,D05_SI,D05.SI,19.27446746826172
2021-03-19,D05_SI,D05.SI,19.362754821777344
2021-03-22,D05_SI,D05.SI,19.27446746826172
2021-03-23,D05_SI,D05.SI,19.1522159576416
2021-03-24,D05_SI,D05.SI,19.220129013061523
2021-03-25,D05_SI,D05.SI,19.35596466064453
2021-03-26,D05_SI,D05.SI,19.41708755493164
2021-03-29,D05_SI,D05.SI,19.57329559326172
2021-03-30,D05_SI,D05.SI,19.695541381835938
2021-03-31,D05_SI,D05.SI,19.552921295166016
2021-04-01,D05_SI,D05.SI,19.695541381835938
2021-04-05,D05_SI,D05.SI,19.90608024597168
2021-04-06,D05_SI,D05.SI,19.899282455444336
2021-04-07,D05_SI,D05.SI,19.70111846923828
2021-04-08,D05_SI,D05.SI,19.612281799316406
2021-04-09,D05_SI,D05.SI,19.578109741210938
2021-04-12,D05_SI,D05.SI,19.605443954467773
2021-04-13,D05_SI,D05.SI,19.70794677734375
2021-04-14,D05_SI,D05.SI,19.605443954467773
2021-04-15,D05_SI,D05.SI,19.78311538696289
2021-04-16,D05_SI,D05.SI,19.817285537719727
2021-04-19,D05_SI,D05.SI,19.830955505371094
2021-04-20,D05_SI,D05.SI,19.830955505371094
2021-04-21,D05_SI,D05.SI,19.407270431518555
2021-04-22,D05_SI,D05.SI,19.796785354614258
2021-04-23,D05_SI,D05.SI,19.78311538696289
2021-04-26,D05_SI,D05.SI,19.817285537719727
2021-04-27,D05_SI,D05.SI,20.022287368774414
2021-04-28,D05_SI,D05.SI,20.09062957763672
2021-04-29,D05_SI,D05.SI,20.08379554748535
2021-04-30,D05_SI,D05.SI,20.439136505126953
2021-05-03,D05_SI,D05.SI,20.2204647064209
2021-05-04,D05_SI,D05.SI,20.09062957763672
2021-05-05,D05_SI,D05.SI,20.056461334228516
2021-05-06,D05_SI,D05.SI,20.20680046081543
2021-05-07,D05_SI,D05.SI,20.40497398376465
2021-05-10,D05_SI,D05.SI,20.370595932006836
2021-05-11,D05_SI,D05.SI,20.239973068237305
2021-05-12,D05_SI,D05.SI,20.28122329711914
2021-05-14,D05_SI,D05.SI,20.1368465423584
2021-05-17,D05_SI,D05.SI,20.074970245361328
2021-05-18,D05_SI,D05.SI,20.4599666595459
2021-05-19,D05_SI,D05.SI,20.17809295654297
2021-05-20,D05_SI,D05.SI,20.36372184753418
2021-05-21,D05_SI,D05.SI,20.50809669494629
2021-05-24,D05_SI,D05.SI,20.466846466064453
2021-05-25,D05_SI,D05.SI,20.60434341430664
2021-05-27,D05_SI,D05.SI,20.66621971130371
2021-05-28,D05_SI,D05.SI,20.906843185424805
2021-05-31,D05_SI,D05.SI,20.64559555053711
2021-06-01,D05_SI,D05.SI,20.865596771240234
2021-06-02,D05_SI,D05.SI,20.56997299194336
2021-06-03,D05_SI,D05.SI,20.501220703125
2021-06-04,D05_SI,D05.SI,20.425596237182617
2021-06-07,D05_SI,D05.SI,20.858720779418945
2021-06-08,D05_SI,D05.SI,20.64559555053711
2021-06-09,D05_SI,D05.SI,20.43246841430664
2021-06-10,D05_SI,D05.SI,20.54934310913086
2021-06-11,D05_SI,D05.SI,20.439348220825195
2021-06-14,D05_SI,D05.SI,20.391223907470703
2021-06-15,D05_SI,D05.SI,20.673095703125
2021-06-16,D05_SI,D05.SI,20.56997299194336
2021-06-17,D05_SI,D05.SI,20.55622100830078
2021-06-18,D05_SI,D05.SI,20.466846466064453
2021-06-21,D05_SI,D05.SI,20.370595932006836
2021-06-22,D05_SI,D05.SI,20.21247100830078
2021-06-23,D05_SI,D05.SI,20.16434669494629
2021-06-24,D05_SI,D05.SI,20.28122329711914
2021-06-25,D05_SI,D05.SI,20.29496955871582
2021-06-28,D05_SI,D05.SI,20.3499698638916
2021-06-29,D05_SI,D05.SI,20.061222076416016
2021-06-30,D05_SI,D05.SI,20.49434471130371
2021-07-01,D05_SI,D05.SI,20.631847381591797
2021-07-02,D05_SI,D05.SI,20.679967880249023
2021-07-05,D05_SI,D05.SI,20.624971389770508
2021-07-06,D05_SI,D05.SI,21.22309684753418
2021-07-07,D05_SI,D05.SI,20.686843872070312
2021-07-08,D05_SI,D05.SI,20.3087215423584
2021-07-09,D05_SI,D05.SI,20.391223907470703
2021-07-12,D05_SI,D05.SI,20.583723068237305
2021-07-13,D05_SI,D05.SI,20.851844787597656
2021-07-14,D05_SI,D05.SI,20.63871955871582
2021-07-15,D05_SI,D05.SI,20.54246711730957
2021-07-16,D05_SI,D05.SI,20.707469940185547
2021-07-19,D05_SI,D05.SI,20.336217880249023
2021-07-21,D05_SI,D05.SI,20.40497589111328
2021-07-22,D05_SI,D05.SI,20.762470245361328
2021-07-23,D05_SI,D05.SI,20.76934814453125
2021-07-26,D05_SI,D05.SI,20.624971389770508
2021-07-27,D05_SI,D05.SI,20.55622100830078
2021-07-28,D05_SI,D05.SI,20.673095703125
2021-07-29,D05_SI,D05.SI,20.968719482421875
2021-07-30,D05_SI,D05.SI,20.906843185424805
2021-08-02,D05_SI,D05.SI,20.872474670410156
2021-08-03,D05_SI,D05.SI,20.76934814453125
2021-08-04,D05_SI,D05.SI,21.02372169494629
2021-08-05,D05_SI,D05.SI,21.174968719482422
2021-08-06,D05_SI,D05.SI,21.312471389770508
2021-08-10,D05_SI,D05.SI,21.779972076416016
2021-08-11,D05_SI,D05.SI,21.504968643188477
2021-08-12,D05_SI,D05.SI,21.477468490600586
2021-08-13,D05_SI,D05.SI,21.526107788085938
2021-08-16,D05_SI,D05.SI,21.310707092285156
2021-08-17,D05_SI,D05.SI,21.171741485595703
2021-08-18,D05_SI,D05.SI,21.136995315551758
2021-08-19,D05_SI,D05.SI,20.789579391479492
2021-08-20,D05_SI,D05.SI,20.956340789794922
2021-08-23,D05_SI,D05.SI,20.886857986450195
2021-08-24,D05_SI,D05.SI,20.928544998168945
2021-08-25,D05_SI,D05.SI,20.956340789794922
2021-08-26,D05_SI,D05.SI,21.192584991455078
2021-08-27,D05_SI,D05.SI,20.914649963378906
2021-08-30,D05_SI,D05.SI,21.12310028076172
2021-08-31,D05_SI,D05.SI,20.82431983947754
2021-09-01,D05_SI,D05.SI,21.004974365234375
2021-09-02,D05_SI,D05.SI,20.914649963378906
2021-09-03,D05_SI,D05.SI,20.928544998168945
2021-09-06,D05_SI,D05.SI,21.116153717041016
2021-09-07,D05_SI,D05.SI,21.130046844482422
2021-09-08,D05_SI,D05.SI,20.886857986450195
2021-09-09,D05_SI,D05.SI,21.01192855834961
2021-09-10,D05_SI,D05.SI,21.150896072387695
2021-09-13,D05_SI,D05.SI,21.046667098999023
2021-09-14,D05_SI,D05.SI,21.081411361694336
2021-09-15,D05_SI,D05.SI,20.893802642822266
2021-09-16,D05_SI,D05.SI,20.9007511138916
2021-09-17,D05_SI,D05.SI,21.018875122070312
2021-09-20,D05_SI,D05.SI,20.685352325439453
2021-09-21,D05_SI,D05.SI,20.601970672607422
2021-09-22,D05_SI,D05.SI,20.35877799987793
2021-09-23,D05_SI,D05.SI,20.532489776611328
2021-09-24,D05_SI,D05.SI,20.39352035522461
2021-09-27,D05_SI,D05.SI,20.845165252685547
2021-09-28,D05_SI,D05.SI,20.817371368408203
2021-09-29,D05_SI,D05.SI,20.92159652709961
2021-09-30,D05_SI,D05.SI,21.06751823425293
2021-10-01,D05_SI,D05.SI,20.82431983947754
2021-10-04,D05_SI,D05.SI,21.081411361694336
2021-10-05,D05_SI,D05.SI,21.004974365234375
2021-10-06,D05_SI,D05.SI,21.046667098999023
2021-10-07,D05_SI,D05.SI,21.164794921875
2021-10-08,D05_SI,D05.SI,21.143945693969727
2021-10-11,D05_SI,D05.SI,21.018875122070312
2021-10-12,D05_SI,D05.SI,20.93549346923828
2021-10-13,D05_SI,D05.SI,21.192584991455078
2021-10-14,D05_SI,D05.SI,21.136995315551758
2021-10-15,D05_SI,D05.SI,21.130046844482422
2021-10-18,D05_SI,D05.SI,21.17868423461914
2021-10-19,D05_SI,D05.SI,21.692873001098633
2021-10-20,D05_SI,D05.SI,21.762353897094727
2021-10-21,D05_SI,D05.SI,21.692873001098633
2021-10-22,D05_SI,D05.SI,21.797096252441406
2021-10-25,D05_SI,D05.SI,21.880474090576172
2021-10-26,D05_SI,D05.SI,21.915218353271484
2021-10-27,D05_SI,D05.SI,22.068082809448242
2021-10-28,D05_SI,D05.SI,21.970806121826172
2021-10-29,D05_SI,D05.SI,21.908267974853516
2021-11-01,D05_SI,D05.SI,22.144515991210938
2021-11-02,D05_SI,D05.SI,22.304325103759766
2021-11-03,D05_SI,D05.SI,22.38075828552246
2021-11-05,D05_SI,D05.SI,22.43634605407715
2021-11-08,D05_SI,D05.SI,22.651744842529297
2021-11-09,D05_SI,D05.SI,22.44329261779785
2021-11-10,D05_SI,D05.SI,22.304325103759766
2021-11-11,D05_SI,D05.SI,22.3946590423584
2021-11-12,D05_SI,D05.SI,22.49294090270996
2021-11-15,D05_SI,D05.SI,22.598243713378906
2021-11-16,D05_SI,D05.SI,22.49294090270996
2021-11-17,D05_SI,D05.SI,22.612281799316406
2021-11-18,D05_SI,D05.SI,22.79480743408203
2021-11-19,D05_SI,D05.SI,22.801830291748047
2021-11-22,D05_SI,D05.SI,22.836933135986328
2021-11-23,D05_SI,D05.SI,22.7386474609375
2021-11-24,D05_SI,D05.SI,22.731626510620117
2021-11-25,D05_SI,D05.SI,22.542081832885742
2021-11-26,D05_SI,D05.SI,22.162988662719727
2021-11-29,D05_SI,D05.SI,21.615406036376953
2021-11-30,D05_SI,D05.SI,20.96954345703125
2021-12-01,D05_SI,D05.SI,22.029600143432617
2021-12-02,D05_SI,D05.SI,22.14894676208496
2021-12-03,D05_SI,D05.SI,22.092782974243164
2021-12-06,D05_SI,D05.SI,22.331472396850586
2021-12-07,D05_SI,D05.SI,22.506977081298828
2021-12-08,D05_SI,D05.SI,22.45783805847168
2021-12-09,D05_SI,D05.SI,22.42975425720215
2021-12-10,D05_SI,D05.SI,22.394657135009766
2021-12-13,D05_SI,D05.SI,22.35253143310547
2021-12-14,D05_SI,D05.SI,22.35253143310547
2021-12-15,D05_SI,D05.SI,22.394657135009766
2021-12-16,D05_SI,D05.SI,22.6965274810791
2021-12-17,D05_SI,D05.SI,22.77375030517578
2021-12-20,D05_SI,D05.SI,22.570159912109375
2021-12-21,D05_SI,D05.SI,22.563140869140625
2021-12-22,D05_SI,D05.SI,22.731626510620117
2021-12-23,D05_SI,D05.SI,22.815872192382812
2021-12-24,D05_SI,D05.SI,22.893095016479492
2021-12-27,D05_SI,D05.SI,22.815872192382812
2021-12-28,D05_SI,D05.SI,22.991378784179688
2021-12-29,D05_SI,D05.SI,23.012439727783203
2021-12-30,D05_SI,D05.SI,22.928199768066406
2021-12-31,D05_SI,D05.SI,22.928199768066406
2022-01-03,D05_SI,D05.SI,23.019458770751953
2022-01-04,D05_SI,D05.SI,23.665321350097656
2022-01-05,D05_SI,D05.SI,23.335371017456055
2022-01-06,D05_SI,D05.SI,23.742544174194336
2022-01-07,D05_SI,D05.SI,24.128662109375
2022-01-10,D05_SI,D05.SI,24.62008285522461
2022-01-11,D05_SI,D05.SI,24.86578941345215
2022-01-12,D05_SI,D05.SI,24.928972244262695
2022-01-13,D05_SI,D05.SI,24.92195701599121
2022-01-14,D05_SI,D05.SI,25.188720703125
2022-01-17,D05_SI,D05.SI,25.272960662841797
2022-01-18,D05_SI,D05.SI,25.21680450439453
2022-01-19,D05_SI,D05.SI,25.22382164001465
2022-01-20,D05_SI,D05.SI,25.26594352722168
2022-01-21,D05_SI,D05.SI,24.95705223083496
2022-01-24,D05_SI,D05.SI,25.034276962280273
2022-01-25,D05_SI,D05.SI,24.71134376525879
2022-01-26,D05_SI,D05.SI,24.7885684967041
2022-01-27,D05_SI,D05.SI,24.753467559814453
2022-01-28,D05_SI,D05.SI,24.444576263427734
2022-01-31,D05_SI,D05.SI,24.71134376525879
2022-02-03,D05_SI,D05.SI,25.062360763549805
2022-02-04,D05_SI,D05.SI,25.237865447998047
2022-02-07,D05_SI,D05.SI,25.609941482543945
2022-02-08,D05_SI,D05.SI,25.680139541625977
2022-02-09,D05_SI,D05.SI,25.960952758789062
2022-02-10,D05_SI,D05.SI,25.869686126708984
2022-02-11,D05_SI,D05.SI,26.150501251220703
2022-02-14,D05_SI,D05.SI,26.115394592285156
2022-02-15,D05_SI,D05.SI,25.645042419433594
2022-02-16,D05_SI,D05.SI,25.8345890045166
2022-02-17,D05_SI,D05.SI,25.645042419433594
2022-02-18,D05_SI,D05.SI,25.588878631591797
2022-02-21,D05_SI,D05.SI,25.63100242614746
2022-02-22,D05_SI,D05.SI,25.448469161987305
2022-02-23,D05_SI,D05.SI,25.623979568481445
2022-02-24,D05_SI,D05.SI,24.395429611206055
2022-02-25,D05_SI,D05.SI,24.535837173461914
2022-02-28,D05_SI,D05.SI,23.742544174194336
2022-03-01,D05_SI,D05.SI,24.163759231567383
2022-03-02,D05_SI,D05.SI,23.3985538482666
2022-03-03,D05_SI,D05.SI,23.328351974487305
2022-03-04,D05_SI,D05.SI,22.886072158813477
2022-03-07,D05_SI,D05.SI,22.401676177978516
2022-03-08,D05_SI,D05.SI,21.924299240112305
2022-03-09,D05_SI,D05.SI,22.64738655090332
2022-03-10,D05_SI,D05.SI,23.089662551879883
2022-03-11,D05_SI,D05.SI,23.349414825439453
2022-03-14,D05_SI,D05.SI,23.279211044311523
2022-03-15,D05_SI,D05.SI,23.79168701171875
2022-03-16,D05_SI,D05.SI,24.269067764282227
2022-03-17,D05_SI,D05.SI,24.374374389648438
2022-03-18,D05_SI,D05.SI,24.402456283569336
2022-03-21,D05_SI,D05.SI,24.71134376525879
2022-03-22,D05_SI,D05.SI,24.59902000427246
2022-03-23,D05_SI,D05.SI,24.69730567932129
2022-03-24,D05_SI,D05.SI,25.020238876342773
2022-03-25,D05_SI,D05.SI,24.992155075073242
2022-03-28,D05_SI,D05.SI,25.385290145874023
2022-03-29,D05_SI,D05.SI,25.251907348632812
2022-03-30,D05_SI,D05.SI,25.364229202270508
2022-03-31,D05_SI,D05.SI,25.153621673583984
2022-04-01,D05_SI,D05.SI,24.95705223083496
2022-04-04,D05_SI,D05.SI,24.943017959594727
2022-04-05,D05_SI,D05.SI,25.209781646728516
2022-04-06,D05_SI,D05.SI,25.097457885742188
2022-04-07,D05_SI,D05.SI,24.8026065826416
2022-04-08,D05_SI,D05.SI,24.377056121826172
2022-04-11,D05_SI,D05.SI,24.150094985961914
2022-04-12,D05_SI,D05.SI,23.57559585571289
2022-04-13,D05_SI,D05.SI,23.816741943359375
2022-04-14,D05_SI,D05.SI,23.74582290649414
2022-04-18,D05_SI,D05.SI,23.405380249023438
2022-04-19,D05_SI,D05.SI,23.405380249023438
2022-04-20,D05_SI,D05.SI,23.57559585571289
2022-04-21,D05_SI,D05.SI,23.681989669799805
2022-04-22,D05_SI,D05.SI,23.859298706054688
2022-04-25,D05_SI,D05.SI,23.689083099365234
2022-04-26,D05_SI,D05.SI,23.433753967285156
2022-04-27,D05_SI,D05.SI,23.334453582763672
2022-04-28,D05_SI,D05.SI,23.412471771240234
2022-04-29,D05_SI,D05.SI,24.057891845703125
2022-05-04,D05_SI,D05.SI,24.150094985961914
2022-05-05,D05_SI,D05.SI,23.830934524536133
2022-05-06,D05_SI,D05.SI,23.45502471923828
2022-05-09,D05_SI,D05.SI,23.334453582763672
2022-05-10,D05_SI,D05.SI,23.015289306640625
2022-05-11,D05_SI,D05.SI,22.893362045288086
2022-05-12,D05_SI,D05.SI,22.276561737060547
2022-05-13,D05_SI,D05.SI,22.398488998413086
2022-05-17,D05_SI,D05.SI,22.2622127532959
2022-05-18,D05_SI,D05.SI,22.376970291137695
2022-05-19,D05_SI,D05.SI,22.15463638305664
2022-05-20,D05_SI,D05.SI,22.376970291137695
2022-05-23,D05_SI,D05.SI,22.018367767333984
2022-05-24,D05_SI,D05.SI,21.874921798706055
2022-05-25,D05_SI,D05.SI,21.874921798706055
2022-05-26,D05_SI,D05.SI,22.255043029785156
2022-05-27,D05_SI,D05.SI,22.30525016784668
2022-05-30,D05_SI,D05.SI,22.355451583862305
2022-05-31,D05_SI,D05.SI,22.19049644470215
2022-06-01,D05_SI,D05.SI,22.384140014648438
2022-06-02,D05_SI,D05.SI,22.26938819885254
2022-06-03,D05_SI,D05.SI,22.23352813720703
2022-06-06,D05_SI,D05.SI,22.025537490844727
2022-06-07,D05_SI,D05.SI,22.097261428833008
2022-06-08,D05_SI,D05.SI,21.882095336914062
2022-06-09,D05_SI,D05.SI,21.77451515197754
2022-06-10,D05_SI,D05.SI,21.609554290771484
2022-06-13,D05_SI,D05.SI,21.444599151611328
2022-06-14,D05_SI,D05.SI,21.387218475341797
2022-06-15,D05_SI,D05.SI,21.466108322143555
2022-06-16,D05_SI,D05.SI,21.444599151611328
2022-06-17,D05_SI,D05.SI,21.43742561340332
2022-06-20,D05_SI,D05.SI,21.451770782470703
2022-06-21,D05_SI,D05.SI,21.695621490478516
2022-06-22,D05_SI,D05.SI,21.487628936767578
2022-06-23,D05_SI,D05.SI,21.408729553222656
2022-06-24,D05_SI,D05.SI,21.380046844482422
2022-06-27,D05_SI,D05.SI,21.66693687438965
2022-06-28,D05_SI,D05.SI,21.623903274536133
2022-06-29,D05_SI,D05.SI,21.516313552856445
2022-06-30,D05_SI,D05.SI,21.28680992126465
2022-07-01,D05_SI,D05.SI,21.150537490844727
2022-07-04,D05_SI,D05.SI,21.516313552856445
2022-07-05,D05_SI,D05.SI,21.5665225982666
2022-07-06,D05_SI,D05.SI,21.516313552856445
2022-07-07,D05_SI,D05.SI,21.631074905395508
2022-07-08,D05_SI,D05.SI,21.53783416748047
2022-07-12,D05_SI,D05.SI,22.03988265991211
2022-07-13,D05_SI,D05.SI,21.61672592163086
2022-07-14,D05_SI,D05.SI,21.372875213623047
2022-07-15,D05_SI,D05.SI,21.279640197753906
2022-07-18,D05_SI,D05.SI,21.487628936767578
2022-07-19,D05_SI,D05.SI,21.48046112060547
2022-07-20,D05_SI,D05.SI,22.125946044921875
2022-07-21,D05_SI,D05.SI,21.996849060058594
2022-07-22,D05_SI,D05.SI,22.420005798339844
2022-07-25,D05_SI,D05.SI,22.420005798339844
2022-07-26,D05_SI,D05.SI,22.549102783203125
2022-07-27,D05_SI,D05.SI,22.69971466064453
2022-07-28,D05_SI,D05.SI,22.821640014648438
2022-07-29,D05_SI,D05.SI,22.57061767578125
2022-08-01,D05_SI,D05.SI,22.757089614868164
2022-08-02,D05_SI,D05.SI,22.74274444580078
2022-08-03,D05_SI,D05.SI,23.187419891357422
2022-08-04,D05_SI,D05.SI,23.244796752929688
2022-08-05,D05_SI,D05.SI,23.553194046020508
2022-08-08,D05_SI,D05.SI,23.502994537353516
2022-08-10,D05_SI,D05.SI,23.840078353881836
2022-08-11,D05_SI,D05.SI,24.005043029785156
2022-08-12,D05_SI,D05.SI,23.918973922729492
2022-08-15,D05_SI,D05.SI,23.78121566772461
2022-08-16,D05_SI,D05.SI,23.425949096679688
2022-08-17,D05_SI,D05.SI,23.382444381713867
2022-08-18,D05_SI,D05.SI,23.520204544067383
2022-08-19,D05_SI,D05.SI,23.230186462402344
2022-08-22,D05_SI,D05.SI,23.77396583557129
2022-08-23,D05_SI,D05.SI,23.78121566772461
2022-08-24,D05_SI,D05.SI,23.817468643188477
2022-08-25,D05_SI,D05.SI,23.92622184753418
2022-08-26,D05_SI,D05.SI,23.81022071838379
2022-08-29,D05_SI,D05.SI,23.599958419799805
2022-08-30,D05_SI,D05.SI,23.83922004699707
2022-08-31,D05_SI,D05.SI,23.636207580566406
2022-09-01,D05_SI,D05.SI,23.599958419799805
2022-09-02,D05_SI,D05.SI,23.512954711914062
2022-09-05,D05_SI,D05.SI,23.66520881652832
2022-09-06,D05_SI,D05.SI,23.59271240234375
2022-09-07,D05_SI,D05.SI,23.404197692871094
2022-09-08,D05_SI,D05.SI,23.918975830078125
2022-09-09,D05_SI,D05.SI,24.194486618041992
2022-09-12,D05_SI,D05.SI,24.281492233276367
2022-09-13,D05_SI,D05.SI,24.382997512817383
2022-09-14,D05_SI,D05.SI,24.158233642578125
2022-09-15,D05_SI,D05.SI,24.2089900970459
2022-09-16,D05_SI,D05.SI,24.324995040893555
2022-09-19,D05_SI,D05.SI,24.216243743896484
2022-09-20,D05_SI,D05.SI,24.404748916625977
2022-09-21,D05_SI,D05.SI,24.31049156188965
2022-09-22,D05_SI,D05.SI,24.303241729736328
2022-09-23,D05_SI,D05.SI,24.216243743896484
2022-09-26,D05_SI,D05.SI,24.063980102539062
2022-09-27,D05_SI,D05.SI,23.940725326538086
2022-09-28,D05_SI,D05.SI,23.60721206665039
2022-09-29,D05_SI,D05.SI,23.87547492980957
2022-09-30,D05_SI,D05.SI,24.2089900970459
2022-10-03,D05_SI,D05.SI,24.034984588623047
2022-10-04,D05_SI,D05.SI,24.201738357543945
2022-10-05,D05_SI,D05.SI,24.230741500854492
2022-10-06,D05_SI,D05.SI,24.353994369506836
2022-10-07,D05_SI,D05.SI,24.26699447631836
2022-10-10,D05_SI,D05.SI,24.063980102539062
2022-10-11,D05_SI,D05.SI,24.150981903076172
2022-10-12,D05_SI,D05.SI,24.259740829467773
2022-10-13,D05_SI,D05.SI,23.657958984375
2022-10-14,D05_SI,D05.SI,23.991477966308594
2022-10-17,D05_SI,D05.SI,23.505704879760742
2022-10-18,D05_SI,D05.SI,23.563705444335938
2022-10-19,D05_SI,D05.SI,23.817468643188477
2022-10-20,D05_SI,D05.SI,23.70146369934082
2022-10-21,D05_SI,D05.SI,23.483951568603516
2022-10-25,D05_SI,D05.SI,23.75221824645996
2022-10-26,D05_SI,D05.SI,23.657958984375
2022-10-27,D05_SI,D05.SI,23.788469314575195
2022-10-28,D05_SI,D05.SI,24.49175453186035
2022-10-31,D05_SI,D05.SI,24.7962703704834
2022-11-01,D05_SI,D05.SI,25.0717830657959
2022-11-02,D05_SI,D05.SI,25.187789916992188
2022-11-03,D05_SI,D05.SI,24.7962703704834
2022-11-04,D05_SI,D05.SI,24.992027282714844
2022-11-07,D05_SI,D05.SI,24.963031768798828
2022-11-08,D05_SI,D05.SI,25.07903289794922
2022-11-09,D05_SI,D05.SI,25.13703727722168
2022-11-10,D05_SI,D05.SI,25.042781829833984
2022-11-11,D05_SI,D05.SI,25.48971176147461
2022-11-14,D05_SI,D05.SI,25.540996551513672
2022-11-15,D05_SI,D05.SI,25.775453567504883
2022-11-16,D05_SI,D05.SI,25.694862365722656
2022-11-17,D05_SI,D05.SI,26.090503692626953
2022-11-18,D05_SI,D05.SI,26.039215087890625
2022-11-21,D05_SI,D05.SI,25.83407211303711
2022-11-22,D05_SI,D05.SI,26.068523406982422
2022-11-23,D05_SI,D05.SI,25.907339096069336
2022-11-24,D05_SI,D05.SI,25.64357566833496
2022-11-25,D05_SI,D05.SI,25.460405349731445
2022-11-28,D05_SI,D05.SI,25.240602493286133
2022-11-29,D05_SI,D05.SI,25.6069393157959
2022-11-30,D05_SI,D05.SI,25.78278350830078
2022-12-01,D05_SI,D05.SI,25.6069393157959
2022-12-02,D05_SI,D05.SI,25.2552547454834
2022-12-05,D05_SI,D05.SI,25.277236938476562
2022-12-06,D05_SI,D05.SI,24.910903930664062
2022-12-07,D05_SI,D05.SI,24.544565200805664
2022-12-08,D05_SI,D05.SI,24.434663772583008
2022-12-09,D05_SI,D05.SI,24.463970184326172
2022-12-12,D05_SI,D05.SI,24.63981056213379
2022-12-13,D05_SI,D05.SI,24.976844787597656
2022-12-14,D05_SI,D05.SI,24.969514846801758
2022-12-15,D05_SI,D05.SI,24.881595611572266
2022-12-16,D05_SI,D05.SI,24.793672561645508
2022-12-19,D05_SI,D05.SI,24.99149513244629
2022-12-20,D05_SI,D05.SI,25.06476593017578
2022-12-21,D05_SI,D05.SI,25.06476593017578
2022-12-22,D05_SI,D05.SI,25.108720779418945
2022-12-23,D05_SI,D05.SI,24.940204620361328
2022-12-27,D05_SI,D05.SI,25.13070297241211
2022-12-28,D05_SI,D05.SI,25.057437896728516
2022-12-29,D05_SI,D05.SI,24.859615325927734
2022-12-30,D05_SI,D05.SI,24.852285385131836
2023-01-03,D05_SI,D05.SI,24.822978973388672
2023-01-04,D05_SI,D05.SI,24.925552368164062
2023-01-05,D05_SI,D05.SI,25.48238754272461
2023-01-06,D05_SI,D05.SI,25.2552547454834
2023-01-09,D05_SI,D05.SI,25.82674217224121
2023-01-10,D05_SI,D05.SI,25.321197509765625
2023-01-11,D05_SI,D05.SI,25.37981414794922
2023-01-12,D05_SI,D05.SI,25.277236938476562
2023-01-13,D05_SI,D05.SI,25.511699676513672
2023-01-16,D05_SI,D05.SI,25.548330307006836
2023-01-17,D05_SI,D05.SI,25.548330307006836
2023-01-18,D05_SI,D05.SI,25.66555404663086
2023-01-19,D05_SI,D05.SI,25.29922103881836
2023-01-20,D05_SI,D05.SI,25.31386947631836
2023-01-25,D05_SI,D05.SI,26.017236709594727
2023-01-26,D05_SI,D05.SI,26.15644645690918
2023-01-27,D05_SI,D05.SI,26.354265213012695
2023-01-30,D05_SI,D05.SI,26.14179039001465
2023-01-31,D05_SI,D05.SI,26.222379684448242
2023-02-01,D05_SI,D05.SI,26.237043380737305
2023-02-02,D05_SI,D05.SI,25.70218849182129
2023-02-03,D05_SI,D05.SI,26.009912490844727
2023-02-06,D05_SI,D05.SI,26.25901985168457
2023-02-07,D05_SI,D05.SI,26.368919372558594
2023-02-08,D05_SI,D05.SI,26.51545524597168
2023-02-09,D05_SI,D05.SI,26.31763458251953
2023-02-10,D05_SI,D05.SI,26.398225784301758
2023-02-13,D05_SI,D05.SI,25.878028869628906
2023-02-14,D05_SI,D05.SI,25.687532424926758
2023-02-15,D05_SI,D05.SI,25.42377281188965
2023-02-16,D05_SI,D05.SI,25.497039794921875
2023-02-17,D05_SI,D05.SI,25.65822982788086
2023-02-20,D05_SI,D05.SI,25.5849609375
2023-02-21,D05_SI,D05.SI,25.540996551513672
2023-02-22,D05_SI,D05.SI,25.39446449279785
2023-02-23,D05_SI,D05.SI,25.16000747680664
2023-02-24,D05_SI,D05.SI,25.20397186279297
2023-02-27,D05_SI,D05.SI,25.16000747680664
2023-02-28,D05_SI,D05.SI,25.03545570373535
2023-03-01,D05_SI,D05.SI,24.910903930664062
2023-03-02,D05_SI,D05.SI,24.581195831298828
2023-03-03,D05_SI,D05.SI,24.544565200805664
2023-03-06,D05_SI,D05.SI,24.779020309448242
2023-03-07,D05_SI,D05.SI,24.793672561645508
2023-03-08,D05_SI,D05.SI,24.698423385620117
2023-03-09,D05_SI,D05.SI,24.5372371673584
2023-03-10,D05_SI,D05.SI,24.310110092163086
2023-03-13,D05_SI,D05.SI,23.958425521850586
2023-03-14,D05_SI,D05.SI,23.68733787536621
2023-03-15,D05_SI,D05.SI,24.156248092651367
2023-03-16,D05_SI,D05.SI,23.84852409362793
2023-03-17,D05_SI,D05.SI,23.84852409362793
2023-03-20,D05_SI,D05.SI,23.60674476623535
2023-03-21,D05_SI,D05.SI,24.112281799316406
2023-03-22,D05_SI,D05.SI,24.544565200805664
2023-03-23,D05_SI,D05.SI,24.5372371673584
2023-03-24,D05_SI,D05.SI,24.449316024780273
2023-03-27,D05_SI,D05.SI,24.515254974365234
2023-03-28,D05_SI,D05.SI,24.63248634338379
2023-03-29,D05_SI,D05.SI,24.610504150390625
2023-03-30,D05_SI,D05.SI,24.544565200805664
2023-03-31,D05_SI,D05.SI,24.178226470947266
2023-04-03,D05_SI,D05.SI,24.156248092651367
2023-04-04,D05_SI,D05.SI,24.398029327392578
2023-04-05,D05_SI,D05.SI,24.405349731445312
2023-04-06,D05_SI,D05.SI,24.45664405822754
2023-04-10,D05_SI,D05.SI,24.403900146484375
2023-04-11,D05_SI,D05.SI,24.46417808532715
2023-04-12,D05_SI,D05.SI,24.351160049438477
2023-04-13,D05_SI,D05.SI,24.50185203552246
2023-04-14,D05_SI,D05.SI,24.539522171020508
2023-04-17,D05_SI,D05.SI,24.750484466552734
2023-04-18,D05_SI,D05.SI,24.675140380859375
2023-04-19,D05_SI,D05.SI,24.82582664489746
2023-04-20,D05_SI,D05.SI,24.614870071411133
2023-04-21,D05_SI,D05.SI,24.584728240966797
2023-04-24,D05_SI,D05.SI,24.765554428100586
2023-04-25,D05_SI,D05.SI,24.795692443847656
2023-04-26,D05_SI,D05.SI,24.637470245361328
2023-04-27,D05_SI,D05.SI,24.68267822265625
2023-04-28,D05_SI,D05.SI,24.727880477905273
2023-05-02,D05_SI,D05.SI,24.82582664489746
2023-05-03,D05_SI,D05.SI,24.268285751342773
2023-05-04,D05_SI,D05.SI,24.208005905151367
2023-05-05,D05_SI,D05.SI,24.034719467163086
2023-05-08,D05_SI,D05.SI,24.072389602661133
2023-05-09,D05_SI,D05.SI,24.202177047729492
2023-05-10,D05_SI,D05.SI,24.141103744506836
2023-05-11,D05_SI,D05.SI,23.744091033935547
2023-05-12,D05_SI,D05.SI,23.408161163330078
2023-05-15,D05_SI,D05.SI,23.63720703125
2023-05-16,D05_SI,D05.SI,23.63720703125
2023-05-17,D05_SI,D05.SI,23.33945083618164
2023-05-18,D05_SI,D05.SI,23.240198135375977
2023-05-19,D05_SI,D05.SI,23.537954330444336
2023-05-22,D05_SI,D05.SI,23.599037170410156
2023-05-23,D05_SI,D05.SI,24.04184913635254
2023-05-24,D05_SI,D05.SI,23.97313690185547
2023-05-25,D05_SI,D05.SI,24.133466720581055
2023-05-26,D05_SI,D05.SI,24.14873695373535
2023-05-29,D05_SI,D05.SI,24.026580810546875
2023-05-30,D05_SI,D05.SI,23.919692993164062
2023-05-31,D05_SI,D05.SI,23.133312225341797
2023-06-01,D05_SI,D05.SI,23.362356185913086
2023-06-05,D05_SI,D05.SI,23.71355438232422
2023-06-06,D05_SI,D05.SI,23.789901733398438
2023-06-07,D05_SI,D05.SI,23.583765029907227
2023-06-08,D05_SI,D05.SI,23.744091033935547
2023-06-09,D05_SI,D05.SI,23.599037170410156
2023-06-12,D05_SI,D05.SI,23.858612060546875
2023-06-13,D05_SI,D05.SI,23.591398239135742
2023-06-14,D05_SI,D05.SI,23.789901733398438
2023-06-15,D05_SI,D05.SI,23.667749404907227
2023-06-16,D05_SI,D05.SI,23.805173873901367
2023-06-19,D05_SI,D05.SI,23.751731872558594
2023-06-20,D05_SI,D05.SI,23.782268524169922
2023-06-21,D05_SI,D05.SI,23.93496322631836
2023-06-22,D05_SI,D05.SI,24.29379653930664
2023-06-23,D05_SI,D05.SI,23.996042251586914
2023-06-26,D05_SI,D05.SI,24.102930068969727
2023-06-27,D05_SI,D05.SI,23.8891544342041
2023-06-28,D05_SI,D05.SI,24.06475257873535
2023-06-30,D05_SI,D05.SI,24.057117462158203
2023-07-03,D05_SI,D05.SI,24.057117462158203
2023-07-04,D05_SI,D05.SI,23.9884090423584
2023-07-05,D05_SI,D05.SI,23.82807731628418
2023-07-06,D05_SI,D05.SI,23.446338653564453
2023-07-07,D05_SI,D05.SI,23.415802001953125
2023-07-10,D05_SI,D05.SI,23.599037170410156
2023-07-11,D05_SI,D05.SI,23.675378799438477
2023-07-12,D05_SI,D05.SI,23.675378799438477
2023-07-13,D05_SI,D05.SI,24.331966400146484
2023-07-14,D05_SI,D05.SI,24.423587799072266
2023-07-17,D05_SI,D05.SI,24.790058135986328
2023-07-18,D05_SI,D05.SI,24.83586311340332
2023-07-19,D05_SI,D05.SI,24.996192932128906
2023-07-20,D05_SI,D05.SI,24.851131439208984
2023-07-21,D05_SI,D05.SI,24.996192932128906
2023-07-24,D05_SI,D05.SI,24.76715087890625
2023-07-25,D05_SI,D05.SI,25.003828048706055
2023-07-26,D05_SI,D05.SI,25.31685447692871
2023-07-27,D05_SI,D05.SI,25.774940490722656
2023-07-28,D05_SI,D05.SI,26.156679153442383
2023-07-31,D05_SI,D05.SI,26.156679153442383
2023-08-01,D05_SI,D05.SI,26.26356315612793
2023-08-02,D05_SI,D05.SI,25.836015701293945
2023-08-03,D05_SI,D05.SI,25.774940490722656
2023-08-04,D05_SI,D05.SI,26.149045944213867
2023-08-07,D05_SI,D05.SI,26.225387573242188
2023-08-08,D05_SI,D05.SI,26.187213897705078
2023-08-10,D05_SI,D05.SI,26.133773803710938
2023-08-11,D05_SI,D05.SI,26.033109664916992
2023-08-14,D05_SI,D05.SI,25.986652374267578
2023-08-15,D05_SI,D05.SI,25.77758026123047
2023-08-16,D05_SI,D05.SI,25.630455017089844
2023-08-17,D05_SI,D05.SI,25.374927520751953
2023-08-18,D05_SI,D05.SI,25.336206436157227
2023-08-21,D05_SI,D05.SI,25.18134307861328
2023-08-22,D05_SI,D05.SI,25.289752960205078
2023-08-23,D05_SI,D05.SI,25.398157119750977
2023-08-24,D05_SI,D05.SI,25.405900955200195
2023-08-25,D05_SI,D05.SI,25.475589752197266
2023-08-28,D05_SI,D05.SI,25.723377227783203
2023-08-29,D05_SI,D05.SI,25.831783294677734
2023-08-30,D05_SI,D05.SI,25.669172286987305
2023-08-31,D05_SI,D05.SI,25.785324096679688
2023-09-04,D05_SI,D05.SI,25.87824249267578
2023-09-05,D05_SI,D05.SI,25.80855369567871
2023-09-06,D05_SI,D05.SI,25.86275863647461
2023-09-07,D05_SI,D05.SI,25.870498657226562
2023-09-08,D05_SI,D05.SI,25.73111915588379
2023-09-11,D05_SI,D05.SI,25.932449340820312
2023-09-12,D05_SI,D05.SI,25.75434684753418
2023-09-13,D05_SI,D05.SI,25.97116470336914
2023-09-14,D05_SI,D05.SI,26.39704704284668
2023-09-15,D05_SI,D05.SI,26.51319694519043
2023-09-18,D05_SI,D05.SI,26.505455017089844
2023-09-19,D05_SI,D05.SI,26.19571876525879
2023-09-20,D05_SI,D05.SI,26.079570770263672
2023-09-21,D05_SI,D05.SI,25.723377227783203
2023-09-22,D05_SI,D05.SI,25.746606826782227
2023-09-25,D05_SI,D05.SI,25.90147590637207
2023-09-26,D05_SI,D05.SI,25.94793128967285
2023-09-27,D05_SI,D05.SI,25.885988235473633
2023-09-28,D05_SI,D05.SI,25.940187454223633
2023-09-29,D05_SI,D05.SI,26.04859733581543
2023-10-02,D05_SI,D05.SI,26.0098819732666
2023-10-03,D05_SI,D05.SI,25.963420867919922
2023-10-04,D05_SI,D05.SI,25.723377227783203
2023-10-05,D05_SI,D05.SI,25.762094497680664
2023-10-06,D05_SI,D05.SI,26.164745330810547
2023-10-09,D05_SI,D05.SI,26.00213623046875
2023-10-10,D05_SI,D05.SI,26.30413055419922
2023-10-11,D05_SI,D05.SI,26.110544204711914
2023-10-12,D05_SI,D05.SI,26.327356338500977
2023-10-13,D05_SI,D05.SI,26.149261474609375
2023-10-16,D05_SI,D05.SI,25.893733978271484
2023-10-17,D05_SI,D05.SI,25.90147590637207
2023-10-18,D05_SI,D05.SI,25.824039459228516
2023-10-19,D05_SI,D05.SI,25.684661865234375
2023-10-20,D05_SI,D05.SI,25.614971160888672
2023-10-23,D05_SI,D05.SI,25.560768127441406
2023-10-24,D05_SI,D05.SI,25.669172286987305
2023-10-25,D05_SI,D05.SI,25.669172286987305
2023-10-26,D05_SI,D05.SI,25.661428451538086
2023-10-27,D05_SI,D05.SI,25.653690338134766
2023-10-30,D05_SI,D05.SI,25.514307022094727
2023-10-31,D05_SI,D05.SI,25.436874389648438
2023-11-01,D05_SI,D05.SI,25.576251983642578
2023-11-02,D05_SI,D05.SI,25.289752960205078
2023-11-03,D05_SI,D05.SI,25.77758026123047
2023-11-06,D05_SI,D05.SI,26.13377571105957
2023-11-07,D05_SI,D05.SI,26.18023109436035
2023-11-08,D05_SI,D05.SI,25.80855369567871
2023-11-09,D05_SI,D05.SI,25.831783294677734
2023-11-10,D05_SI,D05.SI,25.684661865234375
2023-11-14,D05_SI,D05.SI,25.61394691467285
2023-11-15,D05_SI,D05.SI,25.47252082824707
2023-11-16,D05_SI,D05.SI,25.645376205444336
2023-11-17,D05_SI,D05.SI,25.684663772583008
2023-11-20,D05_SI,D05.SI,25.47252082824707
2023-11-21,D05_SI,D05.SI,24.98538589477539
2023-11-22,D05_SI,D05.SI,25.189668655395508
2023-11-23,D05_SI,D05.SI,25.11109733581543
2023-11-24,D05_SI,D05.SI,25.0010986328125
2023-11-27,D05_SI,D05.SI,24.938241958618164
2023-11-28,D05_SI,D05.SI,24.851818084716797
2023-11-29,D05_SI,D05.SI,24.953954696655273
2023-11-30,D05_SI,D05.SI,24.938241958618164
2023-12-01,D05_SI,D05.SI,25.063955307006836
2023-12-04,D05_SI,D05.SI,24.90681266784668
2023-12-05,D05_SI,D05.SI,24.702529907226562
2023-12-06,D05_SI,D05.SI,24.733957290649414
2023-12-07,D05_SI,D05.SI,24.498249053955078
2023-12-08,D05_SI,D05.SI,24.828245162963867
2023-12-11,D05_SI,D05.SI,24.66324806213379
2023-12-12,D05_SI,D05.SI,24.804672241210938
2023-12-13,D05_SI,D05.SI,25.0010986328125
2023-12-14,D05_SI,D05.SI,24.67110252380371
2023-12-15,D05_SI,D05.SI,24.403963088989258
2023-12-18,D05_SI,D05.SI,24.74967384338379
2023-12-19,D05_SI,D05.SI,24.875383377075195
2023-12-20,D05_SI,D05.SI,24.773242950439453
2023-12-21,D05_SI,D05.SI,24.883241653442383
2023-12-22,D05_SI,D05.SI,25.14252471923828
2023-12-26,D05_SI,D05.SI,25.063955307006836
2023-12-27,D05_SI,D05.SI,25.409664154052734
2023-12-28,D05_SI,D05.SI,25.959657669067383
2023-12-29,D05_SI,D05.SI,26.2503662109375
2024-01-02,D05_SI,D05.SI,26.148229598999023
2024-01-03,D05_SI,D05.SI,25.865371704101562
2024-01-04,D05_SI,D05.SI,25.723939895629883
2024-01-05,D05_SI,D05.SI,25.849658966064453
2024-01-08,D05_SI,D05.SI,25.810373306274414
2024-01-09,D05_SI,D05.SI,25.82608985900879
2024-01-10,D05_SI,D05.SI,25.543235778808594
2024-01-11,D05_SI,D05.SI,25.70823097229004
2024-01-12,D05_SI,D05.SI,25.621803283691406
2024-01-15,D05_SI,D05.SI,25.67680549621582
2024-01-16,D05_SI,D05.SI,25.409664154052734
2024-01-17,D05_SI,D05.SI,25.008955001831055
2024-01-18,D05_SI,D05.SI,25.07181167602539
2024-01-19,D05_SI,D05.SI,25.181812286376953
2024-01-22,D05_SI,D05.SI,25.063955307006836
2024-01-23,D05_SI,D05.SI,24.993240356445312
2024-01-24,D05_SI,D05.SI,25.016815185546875
2024-01-25,D05_SI,D05.SI,25.079669952392578
2024-01-26,D05_SI,D05.SI,25.221094131469727
2024-01-29,D05_SI,D05.SI,25.05609893798828
2024-01-30,D05_SI,D05.SI,25.0010986328125
2024-01-31,D05_SI,D05.SI,25.048242568969727
2024-02-01,D05_SI,D05.SI,25.008955001831055
2024-02-02,D05_SI,D05.SI,25.31538200378418
2024-02-05,D05_SI,D05.SI,25.02466583251953
2024-02-06,D05_SI,D05.SI,24.867528915405273
2024-02-07,D05_SI,D05.SI,25.496091842651367
2024-02-08,D05_SI,D05.SI,25.503948211669922
2024-02-09,D05_SI,D05.SI,25.56680679321289
2024-02-13,D05_SI,D05.SI,25.52752113342285
2024-02-14,D05_SI,D05.SI,25.590375900268555
2024-02-15,D05_SI,D05.SI,26.18751335144043
2024-02-16,D05_SI,D05.SI,26.611791610717773
2024-02-19,D05_SI,D05.SI,26.816076278686523
2024-02-20,D05_SI,D05.SI,26.847503662109375
2024-02-21,D05_SI,D05.SI,26.674652099609375
2024-02-22,D05_SI,D05.SI,26.674652099609375
2024-02-23,D05_SI,D05.SI,26.580360412597656
2024-02-26,D05_SI,D05.SI,26.321081161499023
2024-02-27,D05_SI,D05.SI,26.321081161499023
2024-02-28,D05_SI,D05.SI,26.281797409057617
2024-02-29,D05_SI,D05.SI,26.18751335144043
2024-03-01,D05_SI,D05.SI,26.360366821289062
2024-03-04,D05_SI,D05.SI,26.258224487304688
2024-03-05,D05_SI,D05.SI,26.242509841918945
2024-03-06,D05_SI,D05.SI,26.391794204711914
2024-03-07,D05_SI,D05.SI,26.54107666015625
2024-03-08,D05_SI,D05.SI,26.51751136779785
2024-03-11,D05_SI,D05.SI,26.39965057373047
2024-03-12,D05_SI,D05.SI,26.321081161499023
2024-03-13,D05_SI,D05.SI,26.6589298248291
2024-03-14,D05_SI,D05.SI,27.201068878173828
2024-03-15,D05_SI,D05.SI,27.240354537963867
2024-03-18,D05_SI,D05.SI,27.421066284179688
2024-03-19,D05_SI,D05.SI,27.483922958374023
2024-03-20,D05_SI,D05.SI,27.452495574951172
2024-03-21,D05_SI,D05.SI,28.018203735351562
2024-03-22,D05_SI,D05.SI,28.15177345275879
2024-03-25,D05_SI,D05.SI,27.892486572265625
2024-03-26,D05_SI,D05.SI,28.34819793701172
2024-03-27,D05_SI,D05.SI,28.78033447265625
2024-03-28,D05_SI,D05.SI,28.308910369873047
2024-04-01,D05_SI,D05.SI,28.214628219604492
2024-04-02,D05_SI,D05.SI,28.44247817993164
2024-04-03,D05_SI,D05.SI,28.356054306030273
2024-04-04,D05_SI,D05.SI,28.53676414489746
2024-04-05,D05_SI,D05.SI,28.313451766967773
2024-04-08,D05_SI,D05.SI,28.35332489013672
2024-04-09,D05_SI,D05.SI,28.54473876953125
2024-04-11,D05_SI,D05.SI,28.71223258972168
2024-04-12,D05_SI,D05.SI,28.807937622070312
2024-04-15,D05_SI,D05.SI,28.42510986328125
2024-04-16,D05_SI,D05.SI,28.34535026550293
2024-04-17,D05_SI,D05.SI,28.688304901123047
2024-04-18,D05_SI,D05.SI,29.071134567260742
2024-04-19,D05_SI,D05.SI,29.039226531982422
2024-04-22,D05_SI,D05.SI,29.890230178833008
2024-04-23,D05_SI,D05.SI,30.37275505065918
2024-04-24,D05_SI,D05.SI,30.162200927734375
2024-04-25,D05_SI,D05.SI,30.22361183166504
2024-04-26,D05_SI,D05.SI,30.19728660583496
2024-04-29,D05_SI,D05.SI,30.513120651245117
2024-04-30,D05_SI,D05.SI,30.618404388427734
2024-05-02,D05_SI,D05.SI,31.188661575317383
2024-05-03,D05_SI,D05.SI,31.267616271972656
2024-05-06,D05_SI,D05.SI,31.416763305664062
2024-05-07,D05_SI,D05.SI,31.522045135498047
2024-05-08,D05_SI,D05.SI,31.32903480529785
2024-05-09,D05_SI,D05.SI,31.427019119262695
2024-05-10,D05_SI,D05.SI,31.53391456604004
2024-05-13,D05_SI,D05.SI,31.507184982299805
2024-05-14,D05_SI,D05.SI,31.587358474731445
2024-05-15,D05_SI,D05.SI,31.453746795654297
2024-05-16,D05_SI,D05.SI,31.667530059814453
2024-05-17,D05_SI,D05.SI,31.801149368286133
2024-05-20,D05_SI,D05.SI,31.890230178833008
2024-05-21,D05_SI,D05.SI,31.7833309173584
2024-05-23,D05_SI,D05.SI,31.934764862060547
2024-05-24,D05_SI,D05.SI,31.952587127685547
2024-05-27,D05_SI,D05.SI,31.934764862060547
2024-05-28,D05_SI,D05.SI,31.872411727905273
2024-05-29,D05_SI,D05.SI,31.792240142822266
2024-05-30,D05_SI,D05.SI,31.729883193969727
2024-05-31,D05_SI,D05.SI,32.059478759765625
2024-06-03,D05_SI,D05.SI,32.1307373046875
2024-06-04,D05_SI,D05.SI,31.916955947875977
2024-06-05,D05_SI,D05.SI,31.49828338623047
2024-06-06,D05_SI,D05.SI,31.622989654541016
2024-06-07,D05_SI,D05.SI,31.64081382751465
2024-06-10,D05_SI,D05.SI,31.738792419433594
2024-06-11,D05_SI,D05.SI,31.667530059814453
2024-06-12,D05_SI,D05.SI,31.756608963012695
2024-06-13,D05_SI,D05.SI,31.925857543945312
2024-06-14,D05_SI,D05.SI,31.60517120361328
2024-06-18,D05_SI,D05.SI,31.622989654541016
2024-06-19,D05_SI,D05.SI,31.596269607543945
2024-06-20,D05_SI,D05.SI,31.596269607543945
2024-06-21,D05_SI,D05.SI,31.578453063964844
2024-06-24,D05_SI,D05.SI,31.65862464904785
2024-06-25,D05_SI,D05.SI,31.756608963012695
2024-06-26,D05_SI,D05.SI,31.792240142822266
2024-06-27,D05_SI,D05.SI,32.11292266845703
2024-06-28,D05_SI,D05.SI,31.881317138671875
2024-07-01,D05_SI,D05.SI,32.1752815246582
2024-07-02,D05_SI,D05.SI,33.048248291015625
2024-07-03,D05_SI,D05.SI,33.8143310546875
2024-07-04,D05_SI,D05.SI,33.832149505615234
2024-07-05,D05_SI,D05.SI,33.33330535888672
2024-07-08,D05_SI,D05.SI,33.11952209472656
2024-07-09,D05_SI,D05.SI,33.31549072265625
2024-07-10,D05_SI,D05.SI,33.983585357666016
2024-07-11,D05_SI,D05.SI,34.18846130371094
2024-07-12,D05_SI,D05.SI,33.78760528564453
2024-07-15,D05_SI,D05.SI,33.760887145996094
2024-07-16,D05_SI,D05.SI,33.27985763549805
2024-07-17,D05_SI,D05.SI,33.20859146118164
2024-07-18,D05_SI,D05.SI,32.87009811401367
2024-07-19,D05_SI,D05.SI,32.68303298950195
2024-07-22,D05_SI,D05.SI,32.24654006958008
2024-07-23,D05_SI,D05.SI,32.736473083496094
2024-07-24,D05_SI,D05.SI,32.72757339477539
2024-07-25,D05_SI,D05.SI,32.549415588378906
2024-07-26,D05_SI,D05.SI,32.28217697143555
2024-07-29,D05_SI,D05.SI,32.36235046386719
2024-07-30,D05_SI,D05.SI,32.567230224609375
2024-07-31,D05_SI,D05.SI,32.59394836425781
2024-08-01,D05_SI,D05.SI,32.05057144165039
2024-08-02,D05_SI,D05.SI,31.453746795654297
2024-08-05,D05_SI,D05.SI,29.636531829833984
2024-08-06,D05_SI,D05.SI,29.173320770263672
2024-08-07,D05_SI,D05.SI,29.975034713745117
2024-08-08,D05_SI,D05.SI,29.90376853942871
2024-08-12,D05_SI,D05.SI,30.26899528503418
2024-08-13,D05_SI,D05.SI,30.393705368041992
2024-08-14,D05_SI,D05.SI,30.830190658569336
2024-08-15,D05_SI,D05.SI,31.454570770263672
2024-08-16,D05_SI,D05.SI,32.17850112915039
2024-08-19,D05_SI,D05.SI,32.2327880859375
2024-08-20,D05_SI,D05.SI,32.440921783447266
2024-08-21,D05_SI,D05.SI,32.37757873535156
2024-08-22,D05_SI,D05.SI,32.16945266723633
2024-08-23,D05_SI,D05.SI,32.47711944580078
2024-08-26,D05_SI,D05.SI,32.404727935791016
2024-08-27,D05_SI,D05.SI,32.48616409301758
2024-08-28,D05_SI,D05.SI,32.287086486816406
2024-08-29,D05_SI,D05.SI,32.404727935791016
2024-08-30,D05_SI,D05.SI,32.902427673339844
2024-09-02,D05_SI,D05.SI,33.30058288574219
2024-09-03,D05_SI,D05.SI,33.707794189453125
2024-09-04,D05_SI,D05.SI,33.11960220336914
2024-09-05,D05_SI,D05.SI,33.164852142333984
2024-09-06,D05_SI,D05.SI,33.05625534057617
2024-09-09,D05_SI,D05.SI,33.65349578857422
2024-09-10,D05_SI,D05.SI,33.64445495605469
2024-09-11,D05_SI,D05.SI,33.74399185180664
2024-09-12,D05_SI,D05.SI,34.20549011230469
2024-09-13,D05_SI,D05.SI,34.33218002319336
2024-09-16,D05_SI,D05.SI,34.386470794677734
2024-09-17,D05_SI,D05.SI,34.386470794677734
2024-09-18,D05_SI,D05.SI,34.476966857910156
2024-09-19,D05_SI,D05.SI,34.83892822265625
2024-09-20,D05_SI,D05.SI,35.291378021240234
2024-09-23,D05_SI,D05.SI,35.707637786865234
2024-09-24,D05_SI,D05.SI,35.13754653930664
2024-09-25,D05_SI,D05.SI,34.72128677368164
2024-09-26,D05_SI,D05.SI,34.65794372558594
2024-09-27,D05_SI,D05.SI,34.02450942993164
2024-09-30,D05_SI,D05.SI,34.43171691894531
2024-10-01,D05_SI,D05.SI,34.286930084228516
2024-10-02,D05_SI,D05.SI,34.17835235595703
2024-10-03,D05_SI,D05.SI,34.2416877746582
2024-10-04,D05_SI,D05.SI,34.422672271728516
2024-10-07,D05_SI,D05.SI,34.712242126464844
2024-10-08,D05_SI,D05.SI,34.703189849853516
2024-10-09,D05_SI,D05.SI,35.11039733886719
2024-10-10,D05_SI,D05.SI,35.05610275268555
2024-10-11,D05_SI,D05.SI,35.01085662841797
2024-10-14,D05_SI,D05.SI,35.40902328491211
2024-10-15,D05_SI,D05.SI,35.653343200683594
2024-10-16,D05_SI,D05.SI,35.291378021240234
2024-10-17,D05_SI,D05.SI,35.761932373046875
2024-10-18,D05_SI,D05.SI,35.92481994628906
2024-10-21,D05_SI,D05.SI,35.4361686706543
2024-10-22,D05_SI,D05.SI,35.273277282714844
2024-10-23,D05_SI,D05.SI,35.454261779785156
2024-10-24,D05_SI,D05.SI,35.5628547668457
2024-10-25,D05_SI,D05.SI,35.427120208740234
2024-10-28,D05_SI,D05.SI,35.363773345947266
2024-10-29,D05_SI,D05.SI,35.55380630493164
2024-10-30,D05_SI,D05.SI,34.98371124267578
2024-11-01,D05_SI,D05.SI,35.06515121459961
2024-11-04,D05_SI,D05.SI,35.345680236816406
2024-11-05,D05_SI,D05.SI,35.37282180786133
2024-11-06,D05_SI,D05.SI,35.427120208740234
2024-11-07,D05_SI,D05.SI,37.73462677001953
2024-11-08,D05_SI,D05.SI,38.36806869506836
2024-11-11,D05_SI,D05.SI,38.684783935546875
2024-11-12,D05_SI,D05.SI,38.31377029418945
2024-11-13,D05_SI,D05.SI,38.71193313598633
2024-11-14,D05_SI,D05.SI,39.42678451538086
2024-11-15,D05_SI,D05.SI,39.35346603393555
2024-11-18,D05_SI,D05.SI,38.85856628417969
2024-11-19,D05_SI,D05.SI,39.014366149902344
2024-11-20,D05_SI,D05.SI,38.6844367980957
2024-11-21,D05_SI,D05.SI,39.00520706176758
2024-11-22,D05_SI,D05.SI,38.79441833496094
2024-11-25,D05_SI,D05.SI,38.721099853515625
2024-11-26,D05_SI,D05.SI,38.226200103759766
2024-11-27,D05_SI,D05.SI,38.35449981689453
2024-11-28,D05_SI,D05.SI,38.721099853515625
2024-11-29,D05_SI,D05.SI,38.88606262207031
2024-12-02,D05_SI,D05.SI,38.996036529541016
2024-12-03,D05_SI,D05.SI,39.8758544921875
2024-12-04,D05_SI,D05.SI,40.15996170043945
2024-12-05,D05_SI,D05.SI,40.563209533691406
2024-12-06,D05_SI,D05.SI,40.031654357910156
2024-12-09,D05_SI,D05.SI,40.0041618347168
2024-12-10,D05_SI,D05.SI,40.32493209838867
2024-12-11,D05_SI,D05.SI,40.031654357910156
2024-12-12,D05_SI,D05.SI,40.14163589477539
2024-12-13,D05_SI,D05.SI,40.086647033691406
2024-12-16,D05_SI,D05.SI,40.609039306640625
2024-12-17,D05_SI,D05.SI,40.517391204833984
2024-12-18,D05_SI,D05.SI,39.74755096435547
2024-12-19,D05_SI,D05.SI,39.77504348754883
2024-12-20,D05_SI,D05.SI,39.24348831176758
2024-12-23,D05_SI,D05.SI,39.73838424682617
2024-12-24,D05_SI,D05.SI,39.95833206176758
2024-12-26,D05_SI,D05.SI,39.90335464477539
2024-12-27,D05_SI,D05.SI,39.912513732910156
2024-12-30,D05_SI,D05.SI,40.18745040893555
2024-12-31,D05_SI,D05.SI,40.06831741333008
2025-01-02,D05_SI,D05.SI,40.288272857666016
2025-01-03,D05_SI,D05.SI,39.97666549682617
2025-01-06,D05_SI,D05.SI,40.27910614013672
2025-01-07,D05_SI,D05.SI,40.783164978027344
2025-01-08,D05_SI,D05.SI,41.6446533203125
2025-01-09,D05_SI,D05.SI,41.24140167236328
2025-01-10,D05_SI,D05.SI,40.44407272338867
2025-01-13,D05_SI,D05.SI,40.38908004760742
2025-01-14,D05_SI,D05.SI,40.23328399658203
2025-01-15,D05_SI,D05.SI,39.8666877746582
2025-01-16,D05_SI,D05.SI,40.1233024597168
2025-01-17,D05_SI,D05.SI,40.18745040893555
2025-01-20,D05_SI,D05.SI,39.97666549682617
2025-01-21,D05_SI,D05.SI,39.89418411254883
2025-01-22,D05_SI,D05.SI,39.701725006103516
2025-01-23,D05_SI,D05.SI,40.150794982910156
2025-01-24,D05_SI,D05.SI,39.8758544921875
2025-01-27,D05_SI,D05.SI,39.95833206176758
2025-01-28,D05_SI,D05.SI,40.07748031616211
2025-01-31,D05_SI,D05.SI,40.88397979736328
2025-02-03,D05_SI,D05.SI,40.609039306640625
2025-02-04,D05_SI,D05.SI,40.7098503112793
2025-02-05,D05_SI,D05.SI,40.61819839477539
2025-02-06,D05_SI,D05.SI,40.61819839477539
2025-02-07,D05_SI,D05.SI,40.9481315612793
2025-02-10,D05_SI,D05.SI,41.58966827392578
2025-02-11,D05_SI,D05.SI,41.10393524169922
2025-02-12,D05_SI,D05.SI,41.204742431640625
2025-02-13,D05_SI,D05.SI,41.29639434814453
2025-02-14,D05_SI,D05.SI,41.09476852416992
2025-02-17,D05_SI,D05.SI,41.24140167236328
2025-02-18,D05_SI,D05.SI,41.97458267211914
2025-02-19,D05_SI,D05.SI,42.194541931152344
2025-02-20,D05_SI,D05.SI,42.231197357177734
2025-02-21,D05_SI,D05.SI,42.726097106933594
2025-02-24,D05_SI,D05.SI,42.47864532470703
2025-02-25,D05_SI,D05.SI,42.66194152832031
2025-02-26,D05_SI,D05.SI,42.771915435791016
2025-02-27,D05_SI,D05.SI,42.7169303894043
2025-02-28,D05_SI,D05.SI,42.06623077392578
2025-03-03,D05_SI,D05.SI,41.947086334228516
2025-03-04,D05_SI,D05.SI,41.72713088989258
2025-03-05,D05_SI,D05.SI,41.80961608886719
2025-03-06,D05_SI,D05.SI,42.121219635009766
2025-03-07,D05_SI,D05.SI,42.139549255371094
2025-03-10,D05_SI,D05.SI,42.020408630371094
2025-03-11,D05_SI,D05.SI,40.53571701049805
2025-03-12,D05_SI,D05.SI,40.74650573730469
2025-03-13,D05_SI,D05.SI,40.41658020019531
2025-03-14,D05_SI,D05.SI,40.554046630859375
2025-03-17,D05_SI,D05.SI,40.65486145019531
2025-03-18,D05_SI,D05.SI,41.26890182495117
2025-03-19,D05_SI,D05.SI,41.42470169067383
2025-03-20,D05_SI,D05.SI,41.60799789428711
2025-03-21,D05_SI,D05.SI,41.525508880615234
2025-03-24,D05_SI,D05.SI,41.69047546386719
2025-03-25,D05_SI,D05.SI,42.20370101928711
2025-03-26,D05_SI,D05.SI,42.51530456542969
2025-03-27,D05_SI,D05.SI,42.68943405151367
2025-03-28,D05_SI,D05.SI,42.588623046875
2025-04-01,D05_SI,D05.SI,42.25868606567383
2025-04-02,D05_SI,D05.SI,42.194541931152344
2025-04-03,D05_SI,D05.SI,41.71797180175781
2025-04-04,D05_SI,D05.SI,39.68339538574219
2025-04-07,D05_SI,D05.SI,36.505008697509766
2025-04-08,D05_SI,D05.SI,35.315433502197266
2025-04-09,D05_SI,D05.SI,34.53477478027344
2025-04-10,D05_SI,D05.SI,36.867454528808594
2025-04-11,D05_SI,D05.SI,35.43625259399414
2025-04-14,D05_SI,D05.SI,36.068214416503906
2025-04-15,D05_SI,D05.SI,37.136966705322266
2025-04-16,D05_SI,D05.SI,37.26707458496094
2025-04-17,D05_SI,D05.SI,37.94550704956055
2025-04-21,D05_SI,D05.SI,38.49382019042969
2025-04-22,D05_SI,D05.SI,38.8934440612793
2025-04-23,D05_SI,D05.SI,39.85068130493164
2025-04-24,D05_SI,D05.SI,39.34882736206055
2025-04-25,D05_SI,D05.SI,39.35811996459961
2025-04-28,D05_SI,D05.SI,39.31165313720703
2025-04-29,D05_SI,D05.SI,39.107200622558594
2025-04-30,D05_SI,D05.SI,39.45105743408203
2025-05-02,D05_SI,D05.SI,39.68339920043945
2025-05-05,D05_SI,D05.SI,39.85068130493164
2025-05-06,D05_SI,D05.SI,39.952911376953125
2025-05-07,D05_SI,D05.SI,39.73915481567383
2025-05-08,D05_SI,D05.SI,40.04584503173828
2025-05-09,D05_SI,D05.SI,40.62204360961914
2025-05-13,D05_SI,D05.SI,41.10530471801758
2025-05-14,D05_SI,D05.SI,41.12389373779297
2025-05-15,D05_SI,D05.SI,41.91384506225586
2025-05-16,D05_SI,D05.SI,42.15011215209961
2025-05-19,D05_SI,D05.SI,41.8665885925293
2025-05-20,D05_SI,D05.SI,41.942195892333984
2025-05-21,D05_SI,D05.SI,41.705928802490234
2025-05-22,D05_SI,D05.SI,41.762630462646484
2025-05-23,D05_SI,D05.SI,42.017799377441406
2025-05-26,D05_SI,D05.SI,41.84769058227539
2025-05-27,D05_SI,D05.SI,42.083953857421875
2025-05-28,D05_SI,D05.SI,42.669898986816406
2025-05-29,D05_SI,D05.SI,42.51869201660156
2025-05-30,D05_SI,D05.SI,42.26351547241211
2025-06-02,D05_SI,D05.SI,42.39582824707031
2025-06-03,D05_SI,D05.SI,42.33912658691406
2025-06-04,D05_SI,D05.SI,42.5375862121582
2025-06-05,D05_SI,D05.SI,42.54703903198242
2025-06-06,D05_SI,D05.SI,42.64155197143555
2025-06-09,D05_SI,D05.SI,42.9912223815918
2025-06-10,D05_SI,D05.SI,42.669898986816406
2025-06-11,D05_SI,D05.SI,42.40528106689453
2025-06-12,D05_SI,D05.SI,42.21626281738281
2025-06-13,D05_SI,D05.SI,42.00835037231445
2025-06-16,D05_SI,D05.SI,41.73427963256836
2025-06-17,D05_SI,D05.SI,42.017799377441406
2025-06-18,D05_SI,D05.SI,41.80043411254883
2025-06-19,D05_SI,D05.SI,41.51691436767578
2025-06-20,D05_SI,D05.SI,41.46965789794922
2025-06-23,D05_SI,D05.SI,41.45075988769531
2025-06-24,D05_SI,D05.SI,41.8665885925293
2025-06-25,D05_SI,D05.SI,42.15011215209961
2025-06-26,D05_SI,D05.SI,41.97999954223633
2025-06-27,D05_SI,D05.SI,42.39582824707031
2025-06-30,D05_SI,D05.SI,42.44308090209961
2025-07-01,D05_SI,D05.SI,42.63209533691406
2025-07-02,D05_SI,D05.SI,42.386375427246094
2025-07-03,D05_SI,D05.SI,42.48088836669922
2025-07-04,D05_SI,D05.SI,42.726600646972656
2025-07-07,D05_SI,D05.SI,43.16133117675781
2025-07-08,D05_SI,D05.SI,43.21803665161133
2025-07-09,D05_SI,D05.SI,43.142433166503906
2025-07-10,D05_SI,D05.SI,43.303096771240234
2025-07-11,D05_SI,D05.SI,43.46376037597656
2025-07-14,D05_SI,D05.SI,43.74728012084961
2025-07-15,D05_SI,D05.SI,43.55826187133789
2025-07-16,D05_SI,D05.SI,43.586612701416016
2025-07-17,D05_SI,D05.SI,44.1158561706543
2025-07-18,D05_SI,D05.SI,44.40882873535156
2025-07-21,D05_SI,D05.SI,44.66399383544922
2025-07-22,D05_SI,D05.SI,44.65454864501953
2025-07-23,D05_SI,D05.SI,45.486209869384766
2025-07-24,D05_SI,D05.SI,46.50688171386719
2025-07-25,D05_SI,D05.SI,46.3651237487793
2025-07-28,D05_SI,D05.SI,45.98709487915039
2025-07-29,D05_SI,D05.SI,45.930389404296875
2025-07-30,D05_SI,D05.SI,45.60906219482422
2025-07-31,D05_SI,D05.SI,45.27828598022461
2025-08-01,D05_SI,D05.SI,44.985321044921875
2025-08-04,D05_SI,D05.SI,45.25939178466797
2025-08-05,D05_SI,D05.SI,45.59016418457031
2025-08-06,D05_SI,D05.SI,46.16665267944336
2025-08-07,D05_SI,D05.SI,47.01721954345703
2025-08-08,D05_SI,D05.SI,47.95283889770508
2025-08-11,D05_SI,D05.SI,47.9622917175293
2025-08-12,D05_SI,D05.SI,48.1607551574707
2025-08-13,D05_SI,D05.SI,48.62384033203125
2025-08-14,D05_SI,D05.SI,48.42243957519531
2025-08-15,D05_SI,D05.SI,47.85660171508789
2025-08-18,D05_SI,D05.SI,47.56888198852539
2025-08-19,D05_SI,D05.SI,47.8182373046875
2025-08-20,D05_SI,D05.SI,47.9525032043457
2025-08-21,D05_SI,D05.SI,48.527931213378906
2025-08-22,D05_SI,D05.SI,48.72933578491211
2025-08-25,D05_SI,D05.SI,48.26899337768555
2025-08-26,D05_SI,D05.SI,47.97168731689453
2025-08-27,D05_SI,D05.SI,48.11553955078125
2025-08-28,D05_SI,D05.SI,48.26899337768555
2025-08-29,D05_SI,D05.SI,48.451210021972656
2025-09-01,D05_SI,D05.SI,48.144317626953125
2025-09-02,D05_SI,D05.SI,48.633426666259766
2025-09-03,D05_SI,D05.SI,48.33612823486328
2025-09-04,D05_SI,D05.SI,48.470394134521484
2025-09-05,D05_SI,D05.SI,48.72933578491211
2025-09-08,D05_SI,D05.SI,48.76769256591797
2025-09-09,D05_SI,D05.SI,48.796470642089844
2025-09-10,D05_SI,D05.SI,50.57071304321289
2025-09-11,D05_SI,D05.SI,50.417266845703125
2025-09-12,D05_SI,D05.SI,49.66920471191406
2025-09-15,D05_SI,D05.SI,49.2951774597168
2025-09-16,D05_SI,D05.SI,49.41984939575195
2025-09-17,D05_SI,D05.SI,49.362308502197266
2025-09-18,D05_SI,D05.SI,49.13213348388672
2025-09-19,D05_SI,D05.SI,48.40325927734375
2025-09-22,D05_SI,D05.SI,48.24021911621094
2025-09-23,D05_SI,D05.SI,48.49916076660156
2025-09-24,D05_SI,D05.SI,48.27857971191406
2025-09-25,D05_SI,D05.SI,48.211448669433594
2025-09-26,D05_SI,D05.SI,48.230628967285156
2025-09-29,D05_SI,D05.SI,48.3457145690918
2025-09-30,D05_SI,D05.SI,49.05541229248047
2025-10-01,D05_SI,D05.SI,49.467803955078125
2025-10-02,D05_SI,D05.SI,50.676204681396484
2025-10-03,D05_SI,D05.SI,50.69538879394531
2025-10-06,D05_SI,D05.SI,51.02146530151367
2025-10-07,D05_SI,D05.SI,52.55594253540039
2025-10-08,D05_SI,D05.SI,52.04764938354492
2025-10-09,D05_SI,D05.SI,51.702392578125
2025-10-10,D05_SI,D05.SI,51.64484405517578
2025-10-13,D05_SI,D05.SI,51.21327590942383
2025-10-14,D05_SI,D05.SI,50.493988037109375
2025-10-15,D05_SI,D05.SI,50.58989334106445
2025-10-16,D05_SI,D05.SI,50.359718322753906
2025-10-17,D05_SI,D05.SI,49.870601654052734
2025-10-21,D05_SI,D05.SI,50.18709182739258
2025-10-22,D05_SI,D05.SI,50.6186637878418
2025-10-23,D05_SI,D05.SI,50.96392059326172
2025-10-24,D05_SI,D05.SI,51.050235748291016
2025-10-27,D05_SI,D05.SI,51.376312255859375
2025-10-28,D05_SI,D05.SI,51.83665466308594
2025-10-29,D05_SI,D05.SI,51.5009880065918
2025-10-30,D05_SI,D05.SI,51.76952362060547
2025-10-31,D05_SI,D05.SI,51.7215690612793
2025-11-03,D05_SI,D05.SI,51.587303161621094
2025-11-04,D05_SI,D05.SI,51.30917739868164
2025-11-05,D05_SI,D05.SI,51.30917739868164
2025-11-06,D05_SI,D05.SI,53.26564025878906
2025-11-07,D05_SI,D05.SI,52.728572845458984
2025-11-10,D05_SI,D05.SI,52.04764938354492
2025-11-11,D05_SI,D05.SI,52.82447814941406
2025-11-12,D05_SI,D05.SI,52.79570388793945
2025-11-13,D05_SI,D05.SI,52.70819854736328
2025-11-14,D05_SI,D05.SI,52.49429702758789
2025-11-17,D05_SI,D05.SI,52.50401306152344
2025-11-18,D05_SI,D05.SI,52.19287872314453
2025-11-19,D05_SI,D05.SI,52.21232986450195
2025-11-20,D05_SI,D05.SI,52.35816955566406
2025-11-21,D05_SI,D05.SI,52.18315887451172
2025-11-24,D05_SI,D05.SI,51.90119552612305
2025-11-25,D05_SI,D05.SI,52.01786804199219
2025-11-26,D05_SI,D05.SI,52.348445892333984
2025-11-27,D05_SI,D05.SI,52.50401306152344
2025-11-28,D05_SI,D05.SI,52.69847869873047
2025-12-01,D05_SI,D05.SI,52.542911529541016
2025-12-02,D05_SI,D05.SI,52.64013671875
2025-12-03,D05_SI,D05.SI,52.92210388183594
2025-12-04,D05_SI,D05.SI,52.70819854736328
2025-12-05,D05_SI,D05.SI,52.659584045410156
2025-12-08,D05_SI,D05.SI,52.474849700927734
2025-12-09,D05_SI,D05.SI,52.620689392089844
2025-12-10,D05_SI,D05.SI,52.620689392089844
2025-12-11,D05_SI,D05.SI,52.883209228515625
2025-12-12,D05_SI,D05.SI,53.51520538330078
2025-12-15,D05_SI,D05.SI,53.75828170776367
2025-12-16,D05_SI,D05.SI,53.95273971557617
2025-12-17,D05_SI,D05.SI,53.70966339111328
2025-12-18,D05_SI,D05.SI,53.592987060546875
2025-12-19,D05_SI,D05.SI,53.349910736083984
2025-12-22,D05_SI,D05.SI,54.15692138671875
2025-12-23,D05_SI,D05.SI,54.77919006347656
2025-12-24,D05_SI,D05.SI,54.740299224853516
2025-12-26,D05_SI,D05.SI,54.672237396240234
2025-12-29,D05_SI,D05.SI,54.643070220947266
2025-12-30,D05_SI,D05.SI,54.934757232666016
2025-12-31,D05_SI,D05.SI,54.79863739013672
2026-01-02,D05_SI,D05.SI,54.837528228759766
2026-01-05,D05_SI,D05.SI,55.08060073852539
2026-01-06,D05_SI,D05.SI,56.32514572143555
2026-01-07,D05_SI,D05.SI,56.78212356567383
2026-01-08,D05_SI,D05.SI,55.751487731933594
2026-01-09,D05_SI,D05.SI,56.0042839050293
2026-01-12,D05_SI,D05.SI,56.26680374145508
2026-01-13,D05_SI,D05.SI,56.85018539428711
2026-01-14,D05_SI,D05.SI,56.7043342590332
2026-01-15,D05_SI,D05.SI,57.258548736572266
2026-01-16,D05_SI,D05.SI,57.482173919677734
2026-01-19,D05_SI,D05.SI,57.08353042602539
2026-01-20,D05_SI,D05.SI,56.51960372924805
2026-01-21,D05_SI,D05.SI,56.41265106201172
2026-01-22,D05_SI,D05.SI,56.47098922729492
2026-01-23,D05_SI,D05.SI,57.02519607543945
2026-01-26,D05_SI,D05.SI,56.6751708984375
2026-01-27,D05_SI,D05.SI,57.628021240234375
2026-01-28,D05_SI,D05.SI,57.890541076660156
2026-01-29,D05_SI,D05.SI,58.13361358642578
2026-01-30,D05_SI,D05.SI,57.559959411621094
2026-02-02,D05_SI,D05.SI,57.24882507324219
2026-02-03,D05_SI,D05.SI,57.41411590576172
2026-02-04,D05_SI,D05.SI,57.68635940551758
2026-02-05,D05_SI,D05.SI,58.0072135925293
2026-02-06,D05_SI,D05.SI,57.657188415527344
2026-02-09,D05_SI,D05.SI,56.577938079833984
2026-02-10,D05_SI,D05.SI,56.1987419128418
2026-02-11,D05_SI,D05.SI,55.90705490112305
2026-02-12,D05_SI,D05.SI,56.17929458618164
2026-02-13,D05_SI,D05.SI,55.479248046875
2026-02-16,D05_SI,D05.SI,55.3139533996582
2026-02-19,D05_SI,D05.SI,56.02372741699219
2026-02-20,D05_SI,D05.SI,56.383480072021484
2026-02-23,D05_SI,D05.SI,56.53904724121094
2026-02-24,D05_SI,D05.SI,56.257083892822266
2026-02-25,D05_SI,D05.SI,56.09178924560547
2026-02-26,D05_SI,D05.SI,55.576473236083984
2026-02-27,D05_SI,D05.SI,55.53758239746094
2026-03-02,D05_SI,D05.SI,54.08885955810547
2026-03-03,D05_SI,D05.SI,54.059688568115234
2026-03-04,D05_SI,D05.SI,53.476314544677734
2026-03-05,D05_SI,D05.SI,53.592987060546875
2026-03-06,D05_SI,D05.SI,53.476314544677734
2026-03-09,D05_SI,D05.SI,52.8054313659668
2026-03-10,D05_SI,D05.SI,54.108306884765625
2026-03-11,D05_SI,D05.SI,54.176368713378906
2026-03-12,D05_SI,D05.SI,53.8360595703125
2026-03-13,D05_SI,D05.SI,53.77772521972656
2026-03-16,D05_SI,D05.SI,54.42916488647461
2026-03-17,D05_SI,D05.SI,55.49869155883789
2026-03-18,D05_SI,D05.SI,56.15985107421875
2026-03-19,D05_SI,D05.SI,55.87788772583008
2026-03-20,D05_SI,D05.SI,55.8098258972168
2026-03-23,D05_SI,D05.SI,54.85697555541992
2026-03-24,D05_SI,D05.SI,55.0611572265625
2026-03-25,D05_SI,D05.SI,55.595916748046875
2026-03-26,D05_SI,D05.SI,55.53758239746094
2026-03-27,D05_SI,D05.SI,55.56675338745117
2026-03-30,D05_SI,D05.SI,55.39173889160156
2026-03-31,D05_SI,D05.SI,55.32368087768555
2026-04-01,D05_SI,D05.SI,55.96539306640625
2026-04-02,D05_SI,D05.SI,55.95566940307617
2026-04-06,D05_SI,D05.SI,56.03345489501953
2026-04-07,D05_SI,D05.SI,55.87788772583008
2026-04-08,D05_SI,D05.SI,56.50904846191406
2026-04-09,D05_SI,D05.SI,56.410430908203125
2026-04-10,D05_SI,D05.SI,56.55835723876953
2026-04-13,D05_SI,D05.SI,56.72601318359375
2026-04-14,D05_SI,D05.SI,56.804908752441406
2026-04-15,D05_SI,D05.SI,56.90353012084961
2026-04-16,D05_SI,D05.SI,56.50904846191406
2026-04-17,D05_SI,D05.SI,56.459739685058594
2026-04-20,D05_SI,D05.SI,56.44987869262695
2026-04-21,D05_SI,D05.SI,56.68656539916992
2026-04-22,D05_SI,D05.SI,56.410430908203125
2026-04-23,D05_SI,D05.SI,56.213191986083984
2026-04-24,D05_SI,D05.SI,56.11457443237305
2026-04-27,D05_SI,D05.SI,56.0060920715332
2026-04-28,D05_SI,D05.SI,55.96664047241211
2026-04-29,D05_SI,D05.SI,55.779266357421875
2026-04-30,D05_SI,D05.SI,57.69248580932617
2026-05-04,D05_SI,D05.SI,57.79110336303711
2026-05-05,D05_SI,D05.SI,57.74179458618164
2026-05-06,D05_SI,D05.SI,58.037654876708984
2026-05-07,D05_SI,D05.SI,58.047515869140625
2026-05-08,D05_SI,D05.SI,57.87000274658203
2026-05-11,D05_SI,D05.SI,58.77000045776367
2026-05-12,D05_SI,D05.SI,59.099998474121094
2026-05-13,D05_SI,D05.SI,59.900001525878906
2026-05-14,D05_SI,D05.SI,60.130001068115234
2026-05-15,D05_SI,D05.SI,60.20000076293945
2026-05-18,D05_SI,D05.SI,60.7599983215332
2026-05-19,D05_SI,D05.SI,62.0
2026-05-20,D05_SI,D05.SI,61.29999923706055
2026-05-21,D05_SI,D05.SI,61.75
2026-05-22,D05_SI,D05.SI,62.099998474121094
2026-05-25,D05_SI,D05.SI,62.18000030517578
2026-05-26,D05_SI,D05.SI,62.0
2026-05-27,D05_SI,D05.SI,62.0
2026-05-28,D05_SI,D05.SI,61.93000030517578
2026-05-29,D05_SI,D05.SI,62.84000015258789
2026-06-02,D05_SI,D05.SI,64.66999816894531
2026-06-03,D05_SI,D05.SI,65.05000305175781
2026-06-04,D05_SI,D05.SI,64.13999938964844
2026-06-05,D05_SI,D05.SI,63.779998779296875
2026-06-08,D05_SI,D05.SI,62.7599983215332
2026-06-09,D05_SI,D05.SI,63.7599983215332
2026-06-10,D05_SI,D05.SI,61.83000183105469
2026-06-11,D05_SI,D05.SI,62.599998474121094
2026-06-12,D05_SI,D05.SI,63.2400016784668
2026-06-15,D05_SI,D05.SI,63.4900016784668
2026-06-16,D05_SI,D05.SI,63.72999954223633
2026-06-17,D05_SI,D05.SI,65.01000213623047
2026-06-18,D05_SI,D05.SI,66.0
2026-06-19,D05_SI,D05.SI,65.95999908447266
2026-06-22,D05_SI,D05.SI,66.29000091552734
2026-06-23,D05_SI,D05.SI,66.29000091552734
2026-06-24,D05_SI,D05.SI,66.22000122070312
2026-06-25,D05_SI,D05.SI,66.06999969482422
2026-06-26,D05_SI,D05.SI,65.43000030517578
2026-06-29,D05_SI,D05.SI,66.02999877929688
2026-06-30,D05_SI,D05.SI,65.4000015258789
2026-07-01,D05_SI,D05.SI,65.43000030517578
2026-07-02,D05_SI,D05.SI,66.43000030517578
2026-07-03,D05_SI,D05.SI,66.76000213623047
2026-07-06,D05_SI,D05.SI,66.91000366210938
2026-07-07,D05_SI,D05.SI,68.63999938964844
2026-07-08,D05_SI,D05.SI,69.0999984741211
2026-07-09,D05_SI,D05.SI,70.2300033569336
2026-07-10,D05_SI,D05.SI,70.44999694824219
2026-07-13,D05_SI,D05.SI,70.79000091552734
2020-01-02,NVDA,NVDA,5.963803291320801
2020-01-03,NVDA,NVDA,5.868346691131592
2020-01-06,NVDA,NVDA,5.892956733703613
2020-01-07,NVDA,NVDA,5.964300632476807
2020-01-08,NVDA,NVDA,5.97548770904541
2020-01-09,NVDA,NVDA,6.04111385345459
2020-01-10,NVDA,NVDA,6.073428153991699
2020-01-13,NVDA,NVDA,6.263846397399902
2020-01-14,NVDA,NVDA,6.147011756896973
2020-01-15,NVDA,NVDA,6.104503154754639
2020-01-16,NVDA,NVDA,6.188027381896973
2020-01-17,NVDA,NVDA,6.1967291831970215
2020-01-21,NVDA,NVDA,6.163417339324951
2020-01-22,NVDA,NVDA,6.217360496520996
2020-01-23,NVDA,NVDA,6.285721302032471
2020-01-24,NVDA,NVDA,6.226558685302734
2020-01-27,NVDA,NVDA,5.97101354598999
2020-01-28,NVDA,NVDA,6.164162635803223
2020-01-29,NVDA,NVDA,6.103758811950684
2020-01-30,NVDA,NVDA,6.110469341278076
2020-01-31,NVDA,NVDA,5.877294540405273
2020-02-03,NVDA,NVDA,5.974244117736816
2020-02-04,NVDA,NVDA,6.14328145980835
2020-02-05,NVDA,NVDA,6.233518123626709
2020-02-06,NVDA,NVDA,6.320275783538818
2020-02-07,NVDA,NVDA,6.254150390625
2020-02-10,NVDA,NVDA,6.537041187286377
2020-02-11,NVDA,NVDA,6.65934419631958
2020-02-12,NVDA,NVDA,6.774937152862549
2020-02-13,NVDA,NVDA,6.7311859130859375
2020-02-14,NVDA,NVDA,7.2037458419799805
2020-02-18,NVDA,NVDA,7.372286319732666
2020-02-19,NVDA,NVDA,7.822971343994141
2020-02-20,NVDA,NVDA,7.673820972442627
2020-02-21,NVDA,NVDA,7.310141086578369
2020-02-24,NVDA,NVDA,6.793332099914551
2020-02-25,NVDA,NVDA,6.514172077178955
2020-02-26,NVDA,NVDA,6.653378963470459
2020-02-27,NVDA,NVDA,6.283012866973877
2020-02-28,NVDA,NVDA,6.717552661895752
2020-03-02,NVDA,NVDA,6.875746726989746
2020-03-03,NVDA,NVDA,6.613580226898193
2020-03-04,NVDA,NVDA,7.076723098754883
2020-03-05,NVDA,NVDA,6.797642707824707
2020-03-06,NVDA,NVDA,6.617312431335449
2020-03-09,NVDA,NVDA,6.10491943359375
2020-03-10,NVDA,NVDA,6.4939398765563965
2020-03-11,NVDA,NVDA,6.130539894104004
2020-03-12,NVDA,NVDA,5.380359649658203
2020-03-13,NVDA,NVDA,5.990501403808594
2020-03-16,NVDA,NVDA,4.885129451751709
2020-03-17,NVDA,NVDA,5.404237747192383
2020-03-18,NVDA,NVDA,5.044816970825195
2020-03-19,NVDA,NVDA,5.297283172607422
2020-03-20,NVDA,NVDA,5.117696762084961
2020-03-23,NVDA,NVDA,5.290317058563232
2020-03-24,NVDA,NVDA,6.197946548461914
2020-03-25,NVDA,NVDA,6.10939884185791
2020-03-26,NVDA,NVDA,6.398425579071045
2020-03-27,NVDA,NVDA,6.286247253417969
2020-03-30,NVDA,NVDA,6.606118679046631
2020-03-31,NVDA,NVDA,6.556621551513672
2020-04-01,NVDA,NVDA,6.045970439910889
2020-04-02,NVDA,NVDA,6.3544020652771
2020-04-03,NVDA,NVDA,6.066863536834717
2020-04-06,NVDA,NVDA,6.676013946533203
2020-04-07,NVDA,NVDA,6.442950248718262
2020-04-08,NVDA,NVDA,6.639945983886719
2020-04-09,NVDA,NVDA,6.540454864501953
2020-04-13,NVDA,NVDA,6.712079048156738
2020-04-14,NVDA,NVDA,7.0627946853637695
2020-04-15,NVDA,NVDA,6.985437870025635
2020-04-16,NVDA,NVDA,7.3301825523376465
2020-04-17,NVDA,NVDA,7.270984172821045
2020-04-20,NVDA,NVDA,7.1399030685424805
2020-04-21,NVDA,NVDA,6.703621864318848
2020-04-22,NVDA,NVDA,7.117514610290527
2020-04-23,NVDA,NVDA,7.064286231994629
2020-04-24,NVDA,NVDA,7.203078746795654
2020-04-27,NVDA,NVDA,7.389382362365723
2020-04-28,NVDA,NVDA,7.247105121612549
2020-04-29,NVDA,NVDA,7.423708438873291
2020-04-30,NVDA,NVDA,7.269988059997559
2020-05-01,NVDA,NVDA,7.03369140625
2020-05-04,NVDA,NVDA,7.245365142822266
2020-05-05,NVDA,NVDA,7.306305408477783
2020-05-06,NVDA,NVDA,7.407042503356934
2020-05-07,NVDA,NVDA,7.583145618438721
2020-05-08,NVDA,NVDA,7.7729291915893555
2020-05-11,NVDA,NVDA,8.02464771270752
2020-05-12,NVDA,NVDA,7.762979984283447
2020-05-13,NVDA,NVDA,7.740593910217285
2020-05-14,NVDA,NVDA,7.989823818206787
2020-05-15,NVDA,NVDA,8.44774341583252
2020-05-18,NVDA,NVDA,8.705928802490234
2020-05-19,NVDA,NVDA,8.76089859008789
2020-05-20,NVDA,NVDA,8.924564361572266
2020-05-21,NVDA,NVDA,8.730804443359375
2020-05-22,NVDA,NVDA,8.980533599853516
2020-05-26,NVDA,NVDA,8.67359447479248
2020-05-27,NVDA,NVDA,8.482068061828613
2020-05-28,NVDA,NVDA,8.444013595581055
2020-05-29,NVDA,NVDA,8.830544471740723
2020-06-01,NVDA,NVDA,8.761643409729004
2020-06-02,NVDA,NVDA,8.780548095703125
2020-06-03,NVDA,NVDA,8.725080490112305
2020-06-04,NVDA,NVDA,8.726078987121582
2020-06-05,NVDA,NVDA,8.878867149353027
2020-06-08,NVDA,NVDA,8.76440143585205
2020-06-09,NVDA,NVDA,9.004289627075195
2020-06-10,NVDA,NVDA,9.323559761047363
2020-06-11,NVDA,NVDA,8.755691528320312
2020-06-12,NVDA,NVDA,8.891310691833496
2020-06-15,NVDA,NVDA,9.131450653076172
2020-06-16,NVDA,NVDA,9.026686668395996
2020-06-17,NVDA,NVDA,9.193413734436035
2020-06-18,NVDA,NVDA,9.175497055053711
2020-06-19,NVDA,NVDA,9.218544006347656
2020-06-22,NVDA,NVDA,9.482819557189941
2020-06-23,NVDA,NVDA,9.406426429748535
2020-06-24,NVDA,NVDA,9.192914962768555
2020-06-25,NVDA,NVDA,9.446239471435547
2020-06-26,NVDA,NVDA,9.112784385681152
2020-06-29,NVDA,NVDA,9.157577514648438
2020-06-30,NVDA,NVDA,9.45395565032959
2020-07-01,NVDA,NVDA,9.486056327819824
2020-07-02,NVDA,NVDA,9.5679292678833
2020-07-06,NVDA,NVDA,9.793882369995117
2020-07-07,NVDA,NVDA,9.826229095458984
2020-07-08,NVDA,NVDA,10.168891906738281
2020-07-09,NVDA,NVDA,10.460540771484375
2020-07-10,NVDA,NVDA,10.430928230285645
2020-07-13,NVDA,NVDA,10.00589656829834
2020-07-14,NVDA,NVDA,10.329151153564453
2020-07-15,NVDA,NVDA,10.180093765258789
2020-07-16,NVDA,NVDA,10.088020324707031
2020-07-17,NVDA,NVDA,10.154459953308105
2020-07-20,NVDA,NVDA,10.462285041809082
2020-07-21,NVDA,NVDA,10.280874252319336
2020-07-22,NVDA,NVDA,10.390617370605469
2020-07-23,NVDA,NVDA,10.083038330078125
2020-07-24,NVDA,NVDA,10.147494316101074
2020-07-27,NVDA,NVDA,10.373443603515625
2020-07-28,NVDA,NVDA,10.1683931350708
2020-07-29,NVDA,NVDA,10.417243957519531
2020-07-30,NVDA,NVDA,10.565056800842285
2020-07-31,NVDA,NVDA,10.565804481506348
2020-08-03,NVDA,NVDA,10.959482192993164
2020-08-04,NVDA,NVDA,11.175978660583496
2020-08-05,NVDA,NVDA,11.234705924987793
2020-08-06,NVDA,NVDA,11.283230781555176
2020-08-07,NVDA,NVDA,11.147859573364258
2020-08-10,NVDA,NVDA,11.113519668579102
2020-08-11,NVDA,NVDA,10.799967765808105
2020-08-12,NVDA,NVDA,11.387497901916504
2020-08-13,NVDA,NVDA,11.390235900878906
2020-08-14,NVDA,NVDA,11.510674476623535
2020-08-17,NVDA,NVDA,12.28011417388916
2020-08-18,NVDA,NVDA,12.204214096069336
2020-08-19,NVDA,NVDA,12.082529067993164
2020-08-20,NVDA,NVDA,12.085017204284668
2020-08-21,NVDA,NVDA,12.625016212463379
2020-08-24,NVDA,NVDA,12.66159439086914
2020-08-25,NVDA,NVDA,12.691208839416504
2020-08-26,NVDA,NVDA,12.714103698730469
2020-08-27,NVDA,NVDA,12.57002067565918
2020-08-28,NVDA,NVDA,13.087125778198242
2020-08-31,NVDA,NVDA,13.312829971313477
2020-09-01,NVDA,NVDA,13.76138687133789
2020-09-02,NVDA,NVDA,14.28462028503418
2020-09-03,NVDA,NVDA,12.959359169006348
2020-09-04,NVDA,NVDA,12.568055152893066
2020-09-08,NVDA,NVDA,11.861617088317871
2020-09-09,NVDA,NVDA,12.66015625
2020-09-10,NVDA,NVDA,12.258648872375488
2020-09-11,NVDA,NVDA,12.112030029296875
2020-09-14,NVDA,NVDA,12.816729545593262
2020-09-15,NVDA,NVDA,12.934965133666992
2020-09-16,NVDA,NVDA,12.460521697998047
2020-09-17,NVDA,NVDA,12.40974235534668
2020-09-18,NVDA,NVDA,12.136674880981445
2020-09-21,NVDA,NVDA,12.46325969696045
2020-09-22,NVDA,NVDA,12.583240509033203
2020-09-23,NVDA,NVDA,12.071457862854004
2020-09-24,NVDA,NVDA,12.2947416305542
2020-09-25,NVDA,NVDA,12.818222999572754
2020-09-28,NVDA,NVDA,12.978775978088379
2020-09-29,NVDA,NVDA,13.16870403289795
2020-09-30,NVDA,NVDA,13.472139358520508
2020-10-01,NVDA,NVDA,13.555776596069336
2020-10-02,NVDA,NVDA,13.005908966064453
2020-10-05,NVDA,NVDA,13.583657264709473
2020-10-06,NVDA,NVDA,13.677252769470215
2020-10-07,NVDA,NVDA,13.903767585754395
2020-10-08,NVDA,NVDA,13.779058456420898
2020-10-09,NVDA,NVDA,13.703389167785645
2020-10-12,NVDA,NVDA,14.164640426635742
2020-10-13,NVDA,NVDA,14.18679428100586
2020-10-14,NVDA,NVDA,14.034456253051758
2020-10-15,NVDA,NVDA,13.909745216369629
2020-10-16,NVDA,NVDA,13.751927375793457
2020-10-19,NVDA,NVDA,13.439530372619629
2020-10-20,NVDA,NVDA,13.586647033691406
2020-10-21,NVDA,NVDA,13.466414451599121
2020-10-22,NVDA,NVDA,13.303369522094727
2020-10-23,NVDA,NVDA,13.531635284423828
2020-10-26,NVDA,NVDA,13.084568977355957
2020-10-27,NVDA,NVDA,13.338966369628906
2020-10-28,NVDA,NVDA,12.572538375854492
2020-10-29,NVDA,NVDA,12.967824935913086
2020-10-30,NVDA,NVDA,12.479939460754395
2020-11-02,NVDA,NVDA,12.5264892578125
2020-11-03,NVDA,NVDA,12.963342666625977
2020-11-04,NVDA,NVDA,13.73475170135498
2020-11-05,NVDA,NVDA,14.098922729492188
2020-11-06,NVDA,NVDA,14.499188423156738
2020-11-09,NVDA,NVDA,13.571953773498535
2020-11-10,NVDA,NVDA,12.714920997619629
2020-11-11,NVDA,NVDA,13.360126495361328
2020-11-12,NVDA,NVDA,13.398706436157227
2020-11-13,NVDA,NVDA,13.239648818969727
2020-11-16,NVDA,NVDA,13.45695686340332
2020-11-17,NVDA,NVDA,13.364356994628906
2020-11-18,NVDA,NVDA,13.370829582214355
2020-11-19,NVDA,NVDA,13.382277488708496
2020-11-20,NVDA,NVDA,13.03130054473877
2020-11-23,NVDA,NVDA,13.08332347869873
2020-11-24,NVDA,NVDA,12.901861190795898
2020-11-25,NVDA,NVDA,13.177664756774902
2020-11-27,NVDA,NVDA,13.204052925109863
2020-11-30,NVDA,NVDA,13.343696594238281
2020-12-01,NVDA,NVDA,13.332243919372559
2020-12-02,NVDA,NVDA,13.486080169677734
2020-12-03,NVDA,NVDA,13.342161178588867
2020-12-04,NVDA,NVDA,13.503758430480957
2020-12-07,NVDA,NVDA,13.55206298828125
2020-12-08,NVDA,NVDA,13.296345710754395
2020-12-09,NVDA,NVDA,12.878780364990234
2020-12-10,NVDA,NVDA,12.920117378234863
2020-12-11,NVDA,NVDA,12.96095085144043
2020-12-14,NVDA,NVDA,13.255260467529297
2020-12-15,NVDA,NVDA,13.306804656982422
2020-12-16,NVDA,NVDA,13.189278602600098
2020-12-17,NVDA,NVDA,13.287629127502441
2020-12-18,NVDA,NVDA,13.218660354614258
2020-12-21,NVDA,NVDA,13.278666496276855
2020-12-22,NVDA,NVDA,13.224884033203125
2020-12-23,NVDA,NVDA,12.956963539123535
2020-12-24,NVDA,NVDA,12.941526412963867
2020-12-28,NVDA,NVDA,12.84815502166748
2020-12-29,NVDA,NVDA,12.891229629516602
2020-12-30,NVDA,NVDA,13.092913627624512
2020-12-31,NVDA,NVDA,13.002533912658691
2021-01-04,NVDA,NVDA,13.060795783996582
2021-01-05,NVDA,NVDA,13.350872993469238
2021-01-06,NVDA,NVDA,12.563801765441895
2021-01-07,NVDA,NVDA,13.290369033813477
2021-01-08,NVDA,NVDA,13.223389625549316
2021-01-11,NVDA,NVDA,13.566754341125488
2021-01-12,NVDA,NVDA,13.430553436279297
2021-01-13,NVDA,NVDA,13.477364540100098
2021-01-14,NVDA,NVDA,13.147193908691406
2021-01-15,NVDA,NVDA,12.807817459106445
2021-01-19,NVDA,NVDA,12.972898483276367
2021-01-20,NVDA,NVDA,13.312031745910645
2021-01-21,NVDA,NVDA,13.811765670776367
2021-01-22,NVDA,NVDA,13.657386779785156
2021-01-25,NVDA,NVDA,13.598376274108887
2021-01-26,NVDA,NVDA,13.381256103515625
2021-01-27,NVDA,NVDA,12.865833282470703
2021-01-28,NVDA,NVDA,12.998547554016113
2021-01-29,NVDA,NVDA,12.937541961669922
2021-02-01,NVDA,NVDA,13.183799743652344
2021-02-02,NVDA,NVDA,13.502263069152832
2021-02-03,NVDA,NVDA,13.476120948791504
2021-02-04,NVDA,NVDA,13.609332084655762
2021-02-05,NVDA,NVDA,13.536375045776367
2021-02-08,NVDA,NVDA,14.380720138549805
2021-02-09,NVDA,NVDA,14.205924987792969
2021-02-10,NVDA,NVDA,14.704911231994629
2021-02-11,NVDA,NVDA,15.189454078674316
2021-02-12,NVDA,NVDA,14.901119232177734
2021-02-16,NVDA,NVDA,15.268636703491211
2021-02-17,NVDA,NVDA,14.84609317779541
2021-02-18,NVDA,NVDA,14.769400596618652
2021-02-19,NVDA,NVDA,14.866511344909668
2021-02-22,NVDA,NVDA,14.298052787780762
2021-02-23,NVDA,NVDA,14.085162162780762
2021-02-24,NVDA,NVDA,14.440728187561035
2021-02-25,NVDA,NVDA,13.254013061523438
2021-02-26,NVDA,NVDA,13.659381866455078
2021-03-01,NVDA,NVDA,13.78611946105957
2021-03-02,NVDA,NVDA,13.352370262145996
2021-03-03,NVDA,NVDA,12.753289222717285
2021-03-04,NVDA,NVDA,12.320531845092773
2021-03-05,NVDA,NVDA,12.411416053771973
2021-03-08,NVDA,NVDA,11.546655654907227
2021-03-09,NVDA,NVDA,12.474235534667969
2021-03-10,NVDA,NVDA,12.4224271774292
2021-03-11,NVDA,NVDA,12.945744514465332
2021-03-12,NVDA,NVDA,12.808748245239258
2021-03-15,NVDA,NVDA,13.142770767211914
2021-03-16,NVDA,NVDA,13.242400169372559
2021-03-17,NVDA,NVDA,13.292216300964355
2021-03-18,NVDA,NVDA,12.675743103027344
2021-03-19,NVDA,NVDA,12.798540115356445
2021-03-22,NVDA,NVDA,13.137786865234375
2021-03-23,NVDA,NVDA,13.022713661193848
2021-03-24,NVDA,NVDA,12.596534729003906
2021-03-25,NVDA,NVDA,12.489179611206055
2021-03-26,NVDA,NVDA,12.792061805725098
2021-03-29,NVDA,NVDA,12.90066146850586
2021-03-30,NVDA,NVDA,12.824443817138672
2021-03-31,NVDA,NVDA,13.29919147491455
2021-04-01,NVDA,NVDA,13.760987281799316
2021-04-05,NVDA,NVDA,13.936090469360352
2021-04-06,NVDA,NVDA,13.810556411743164
2021-04-07,NVDA,NVDA,14.091520309448242
2021-04-08,NVDA,NVDA,14.264382362365723
2021-04-09,NVDA,NVDA,14.347076416015625
2021-04-12,NVDA,NVDA,15.153101921081543
2021-04-13,NVDA,NVDA,15.621870994567871
2021-04-14,NVDA,NVDA,15.220852851867676
2021-04-15,NVDA,NVDA,16.077939987182617
2021-04-16,NVDA,NVDA,15.854016304016113
2021-04-19,NVDA,NVDA,15.305293083190918
2021-04-20,NVDA,NVDA,15.11549186706543
2021-04-21,NVDA,NVDA,15.304045677185059
2021-04-22,NVDA,NVDA,14.795672416687012
2021-04-23,NVDA,NVDA,15.209145545959473
2021-04-26,NVDA,NVDA,15.421111106872559
2021-04-27,NVDA,NVDA,15.325216293334961
2021-04-28,NVDA,NVDA,15.220602035522461
2021-04-29,NVDA,NVDA,15.268427848815918
2021-04-30,NVDA,NVDA,14.95433521270752
2021-05-03,NVDA,NVDA,14.782220840454102
2021-05-04,NVDA,NVDA,14.298503875732422
2021-05-05,NVDA,NVDA,14.405362129211426
2021-05-06,NVDA,NVDA,14.469623565673828
2021-05-07,NVDA,NVDA,14.757811546325684
2021-05-10,NVDA,NVDA,14.2133207321167
2021-05-11,NVDA,NVDA,14.253670692443848
2021-05-12,NVDA,NVDA,13.707932472229004
2021-05-13,NVDA,NVDA,13.615025520324707
2021-05-14,NVDA,NVDA,14.190652847290039
2021-05-17,NVDA,NVDA,14.11343765258789
2021-05-18,NVDA,NVDA,13.964238166809082
2021-05-19,NVDA,NVDA,14.014054298400879
2021-05-20,NVDA,NVDA,14.558795928955078
2021-05-21,NVDA,NVDA,14.936651229858398
2021-05-24,NVDA,NVDA,15.554621696472168
2021-05-25,NVDA,NVDA,15.590239524841309
2021-05-26,NVDA,NVDA,15.642298698425293
2021-05-27,NVDA,NVDA,15.43107795715332
2021-05-28,NVDA,NVDA,16.184795379638672
2021-06-01,NVDA,NVDA,16.204727172851562
2021-06-02,NVDA,NVDA,16.716588973999023
2021-06-03,NVDA,NVDA,16.90738296508789
2021-06-04,NVDA,NVDA,17.51364517211914
2021-06-07,NVDA,NVDA,17.55424690246582
2021-06-08,NVDA,NVDA,17.392837524414062
2021-06-09,NVDA,NVDA,17.298419952392578
2021-06-10,NVDA,NVDA,17.364940643310547
2021-06-11,NVDA,NVDA,17.763809204101562
2021-06-14,NVDA,NVDA,17.956634521484375
2021-06-15,NVDA,NVDA,17.72718048095703
2021-06-16,NVDA,NVDA,17.748855590820312
2021-06-17,NVDA,NVDA,18.592937469482422
2021-06-18,NVDA,NVDA,18.57450294494629
2021-06-21,NVDA,NVDA,18.36373519897461
2021-06-22,NVDA,NVDA,18.8216495513916
2021-06-23,NVDA,NVDA,18.991559982299805
2021-06-24,NVDA,NVDA,19.13929557800293
2021-06-25,NVDA,NVDA,18.96540069580078
2021-06-28,NVDA,NVDA,19.916109085083008
2021-06-29,NVDA,NVDA,19.957717895507812
2021-06-30,NVDA,NVDA,19.93355369567871
2021-07-01,NVDA,NVDA,20.142332077026367
2021-07-02,NVDA,NVDA,20.416378021240234
2021-07-06,NVDA,NVDA,20.627151489257812
2021-07-07,NVDA,NVDA,20.30152702331543
2021-07-08,NVDA,NVDA,19.83414649963379
2021-07-09,NVDA,NVDA,19.981136322021484
2021-07-12,NVDA,NVDA,20.44179916381836
2021-07-13,NVDA,NVDA,20.18020248413086
2021-07-14,NVDA,NVDA,19.77310562133789
2021-07-15,NVDA,NVDA,18.90087127685547
2021-07-16,NVDA,NVDA,18.098398208618164
2021-07-19,NVDA,NVDA,18.71501350402832
2021-07-20,NVDA,NVDA,18.5478458404541
2021-07-21,NVDA,NVDA,19.34309196472168
2021-07-22,NVDA,NVDA,19.52645492553711
2021-07-23,NVDA,NVDA,19.490585327148438
2021-07-26,NVDA,NVDA,19.227495193481445
2021-07-27,NVDA,NVDA,19.141794204711914
2021-07-28,NVDA,NVDA,19.435771942138672
2021-07-29,NVDA,NVDA,19.594228744506836
2021-07-30,NVDA,NVDA,19.43178939819336
2021-08-02,NVDA,NVDA,19.681922912597656
2021-08-03,NVDA,NVDA,19.7466983795166
2021-08-04,NVDA,NVDA,20.204118728637695
2021-08-05,NVDA,NVDA,20.565866470336914
2021-08-06,NVDA,NVDA,20.295801162719727
2021-08-09,NVDA,NVDA,20.22504425048828
2021-08-10,NVDA,NVDA,19.867284774780273
2021-08-11,NVDA,NVDA,19.631099700927734
2021-08-12,NVDA,NVDA,19.836389541625977
2021-08-13,NVDA,NVDA,20.118412017822266
2021-08-16,NVDA,NVDA,19.881235122680664
2021-08-17,NVDA,NVDA,19.390928268432617
2021-08-18,NVDA,NVDA,18.974369049072266
2021-08-19,NVDA,NVDA,19.729755401611328
2021-08-20,NVDA,NVDA,20.744247436523438
2021-08-23,NVDA,NVDA,21.882312774658203
2021-08-24,NVDA,NVDA,21.717880249023438
2021-08-25,NVDA,NVDA,22.136430740356445
2021-08-26,NVDA,NVDA,21.99193572998047
2021-08-27,NVDA,NVDA,22.5579776763916
2021-08-30,NVDA,NVDA,22.609792709350586
2021-08-31,NVDA,NVDA,22.31177520751953
2021-09-01,NVDA,NVDA,22.367589950561523
2021-09-02,NVDA,NVDA,22.322738647460938
2021-09-03,NVDA,NVDA,22.768278121948242
2021-09-07,NVDA,NVDA,22.587871551513672
2021-09-08,NVDA,NVDA,22.265926361083984
2021-09-09,NVDA,NVDA,22.104454040527344
2021-09-10,NVDA,NVDA,22.404468536376953
2021-09-13,NVDA,NVDA,22.07953643798828
2021-09-14,NVDA,NVDA,22.169240951538086
2021-09-15,NVDA,NVDA,22.267915725708008
2021-09-16,NVDA,NVDA,22.169240951538086
2021-09-17,NVDA,NVDA,21.8283634185791
2021-09-20,NVDA,NVDA,21.043935775756836
2021-09-21,NVDA,NVDA,21.176504135131836
2021-09-22,NVDA,NVDA,21.869224548339844
2021-09-23,NVDA,NVDA,22.40845489501953
2021-09-24,NVDA,NVDA,22.00876808166504
2021-09-27,NVDA,NVDA,21.589147567749023
2021-09-28,NVDA,NVDA,20.63128662109375
2021-09-29,NVDA,NVDA,20.449880599975586
2021-09-30,NVDA,NVDA,20.648235321044922
2021-10-01,NVDA,NVDA,20.674150466918945
2021-10-04,NVDA,NVDA,19.66745376586914
2021-10-05,NVDA,NVDA,20.384096145629883
2021-10-06,NVDA,NVDA,20.632286071777344
2021-10-07,NVDA,NVDA,21.00606346130371
2021-10-08,NVDA,NVDA,20.762859344482422
2021-10-11,NVDA,NVDA,20.627300262451172
2021-10-12,NVDA,NVDA,20.603378295898438
2021-10-13,NVDA,NVDA,20.87050437927246
2021-10-14,NVDA,NVDA,21.67486572265625
2021-10-15,NVDA,NVDA,21.790481567382812
2021-10-18,NVDA,NVDA,22.149307250976562
2021-10-19,NVDA,NVDA,22.217082977294922
2021-10-20,NVDA,NVDA,22.03070068359375
2021-10-21,NVDA,NVDA,22.617767333984375
2021-10-22,NVDA,NVDA,22.65165901184082
2021-10-25,NVDA,NVDA,23.09021759033203
2021-10-26,NVDA,NVDA,24.63614273071289
2021-10-27,NVDA,NVDA,24.371013641357422
2021-10-28,NVDA,NVDA,24.859411239624023
2021-10-29,NVDA,NVDA,25.483362197875977
2021-11-01,NVDA,NVDA,25.742511749267578
2021-11-02,NVDA,NVDA,26.31463623046875
2021-11-03,NVDA,NVDA,26.5109920501709
2021-11-04,NVDA,NVDA,29.70351219177246
2021-11-05,NVDA,NVDA,29.654674530029297
2021-11-08,NVDA,NVDA,30.703231811523438
2021-11-09,NVDA,NVDA,30.556713104248047
2021-11-10,NVDA,NVDA,29.362632751464844
2021-11-11,NVDA,NVDA,30.290586471557617
2021-11-12,NVDA,NVDA,30.290586471557617
2021-11-15,NVDA,NVDA,29.92677879333496
2021-11-16,NVDA,NVDA,30.104202270507812
2021-11-17,NVDA,NVDA,29.165281295776367
2021-11-18,NVDA,NVDA,31.571386337280273
2021-11-19,NVDA,NVDA,32.87710189819336
2021-11-22,NVDA,NVDA,31.851465225219727
2021-11-23,NVDA,NVDA,31.64215087890625
2021-11-24,NVDA,NVDA,32.56711196899414
2021-11-26,NVDA,NVDA,31.399944305419922
2021-11-29,NVDA,NVDA,33.26681900024414
2021-11-30,NVDA,NVDA,32.56910705566406
2021-12-01,NVDA,NVDA,31.33600425720215
2021-12-02,NVDA,NVDA,32.02482604980469
2021-12-03,NVDA,NVDA,30.596343994140625
2021-12-06,NVDA,NVDA,29.94240951538086
2021-12-07,NVDA,NVDA,32.32487487792969
2021-12-08,NVDA,NVDA,31.72577476501465
2021-12-09,NVDA,NVDA,30.39398193359375
2021-12-10,NVDA,NVDA,30.102903366088867
2021-12-13,NVDA,NVDA,28.072311401367188
2021-12-14,NVDA,NVDA,28.247760772705078
2021-12-15,NVDA,NVDA,30.36307716369629
2021-12-16,NVDA,NVDA,28.2976016998291
2021-12-17,NVDA,NVDA,27.71344566345215
2021-12-20,NVDA,NVDA,27.6317081451416
2021-12-21,NVDA,NVDA,28.983436584472656
2021-12-22,NVDA,NVDA,29.307415008544922
2021-12-23,NVDA,NVDA,29.546653747558594
2021-12-27,NVDA,NVDA,30.847545623779297
2021-12-28,NVDA,NVDA,30.22650718688965
2021-12-29,NVDA,NVDA,29.906524658203125
2021-12-30,NVDA,NVDA,29.492834091186523
2021-12-31,NVDA,NVDA,29.318376541137695
2022-01-03,NVDA,NVDA,30.026147842407227
2022-01-04,NVDA,NVDA,29.19776153564453
2022-01-05,NVDA,NVDA,27.517066955566406
2022-01-06,NVDA,NVDA,28.089263916015625
2022-01-07,NVDA,NVDA,27.16119384765625
2022-01-10,NVDA,NVDA,27.313711166381836
2022-01-11,NVDA,NVDA,27.729400634765625
2022-01-12,NVDA,NVDA,27.910829544067383
2022-01-13,NVDA,NVDA,26.491313934326172
2022-01-14,NVDA,NVDA,26.857154846191406
2022-01-18,NVDA,NVDA,25.82142448425293
2022-01-19,NVDA,NVDA,24.98805809020996
2022-01-20,NVDA,NVDA,24.073945999145508
2022-01-21,NVDA,NVDA,23.300392150878906
2022-01-24,NVDA,NVDA,23.29839515686035
2022-01-25,NVDA,NVDA,22.25369644165039
2022-01-26,NVDA,NVDA,22.700288772583008
2022-01-27,NVDA,NVDA,21.874893188476562
2022-01-28,NVDA,NVDA,22.768075942993164
2022-01-31,NVDA,NVDA,24.408891677856445
2022-02-01,NVDA,NVDA,24.560407638549805
2022-02-02,NVDA,NVDA,25.16250991821289
2022-02-03,NVDA,NVDA,23.872577667236328
2022-02-04,NVDA,NVDA,24.242416381835938
2022-02-07,NVDA,NVDA,24.650129318237305
2022-02-08,NVDA,NVDA,25.028932571411133
2022-02-09,NVDA,NVDA,26.620899200439453
2022-02-10,NVDA,NVDA,25.742671966552734
2022-02-11,NVDA,NVDA,23.87357521057129
2022-02-14,NVDA,NVDA,24.190582275390625
2022-02-15,NVDA,NVDA,26.41156005859375
2022-02-16,NVDA,NVDA,26.427509307861328
2022-02-17,NVDA,NVDA,24.429826736450195
2022-02-18,NVDA,NVDA,23.567546844482422
2022-02-22,NVDA,NVDA,23.31633758544922
2022-02-23,NVDA,NVDA,22.316495895385742
2022-02-24,NVDA,NVDA,23.67321014404297
2022-02-25,NVDA,NVDA,24.08092498779297
2022-02-28,NVDA,NVDA,24.308202743530273
2022-03-01,NVDA,NVDA,23.403064727783203
2022-03-02,NVDA,NVDA,24.147836685180664
2022-03-03,NVDA,NVDA,23.643346786499023
2022-03-04,NVDA,NVDA,22.867664337158203
2022-03-07,NVDA,NVDA,21.28838348388672
2022-03-08,NVDA,NVDA,21.449899673461914
2022-03-09,NVDA,NVDA,22.9454345703125
2022-03-10,NVDA,NVDA,22.590496063232422
2022-03-11,NVDA,NVDA,22.034162521362305
2022-03-14,NVDA,NVDA,21.266448974609375
2022-03-15,NVDA,NVDA,22.904552459716797
2022-03-16,NVDA,NVDA,24.423019409179688
2022-03-17,NVDA,NVDA,24.692214965820312
2022-03-18,NVDA,NVDA,26.374183654785156
2022-03-21,NVDA,NVDA,26.654348373413086
2022-03-22,NVDA,NVDA,26.44497299194336
2022-03-23,NVDA,NVDA,25.557626724243164
2022-03-24,NVDA,NVDA,28.066129684448242
2022-03-25,NVDA,NVDA,27.609495162963867
2022-03-28,NVDA,NVDA,28.13492774963379
2022-03-29,NVDA,NVDA,28.57062530517578
2022-03-30,NVDA,NVDA,27.607500076293945
2022-03-31,NVDA,NVDA,27.204702377319336
2022-04-01,NVDA,NVDA,26.63241195678711
2022-04-04,NVDA,NVDA,27.27848243713379
2022-04-05,NVDA,NVDA,25.853742599487305
2022-04-06,NVDA,NVDA,24.334280014038086
2022-04-07,NVDA,NVDA,24.135875701904297
2022-04-08,NVDA,NVDA,23.050119400024414
2022-04-11,NVDA,NVDA,21.85169792175293
2022-04-12,NVDA,NVDA,21.439929962158203
2022-04-13,NVDA,NVDA,22.136850357055664
2022-04-14,NVDA,NVDA,21.19466209411621
2022-04-18,NVDA,NVDA,21.71810531616211
2022-04-19,NVDA,NVDA,22.131864547729492
2022-04-20,NVDA,NVDA,21.417999267578125
2022-04-21,NVDA,NVDA,20.122867584228516
2022-04-22,NVDA,NVDA,19.456859588623047
2022-04-25,NVDA,NVDA,19.84270668029785
2022-04-26,NVDA,NVDA,18.732023239135742
2022-04-27,NVDA,NVDA,18.360137939453125
2022-04-28,NVDA,NVDA,19.72306251525879
2022-04-29,NVDA,NVDA,18.49173927307129
2022-05-02,NVDA,NVDA,19.474802017211914
2022-05-03,NVDA,NVDA,19.543598175048828
2022-05-04,NVDA,NVDA,20.273418426513672
2022-05-05,NVDA,NVDA,18.787858963012695
2022-05-06,NVDA,NVDA,18.619359970092773
2022-05-09,NVDA,NVDA,16.89950180053711
2022-05-10,NVDA,NVDA,17.54257583618164
2022-05-11,NVDA,NVDA,16.5804500579834
2022-05-12,NVDA,NVDA,16.126802444458008
2022-05-13,NVDA,NVDA,17.653244018554688
2022-05-16,NVDA,NVDA,17.212562561035156
2022-05-17,NVDA,NVDA,18.122844696044922
2022-05-18,NVDA,NVDA,16.887535095214844
2022-05-19,NVDA,NVDA,17.07298469543457
2022-05-20,NVDA,NVDA,16.64426040649414
2022-05-23,NVDA,NVDA,16.847654342651367
2022-05-24,NVDA,NVDA,16.105873107910156
2022-05-25,NVDA,NVDA,16.924428939819336
2022-05-26,NVDA,NVDA,17.797809600830078
2022-05-27,NVDA,NVDA,18.754955291748047
2022-05-31,NVDA,NVDA,18.616369247436523
2022-06-01,NVDA,NVDA,18.265419006347656
2022-06-02,NVDA,NVDA,19.53362274169922
2022-06-03,NVDA,NVDA,18.664226531982422
2022-06-06,NVDA,NVDA,18.73002815246582
2022-06-07,NVDA,NVDA,18.869609832763672
2022-06-08,NVDA,NVDA,18.596370697021484
2022-06-09,NVDA,NVDA,17.998035430908203
2022-06-10,NVDA,NVDA,16.927011489868164
2022-06-13,NVDA,NVDA,15.603680610656738
2022-06-14,NVDA,NVDA,15.792157173156738
2022-06-15,NVDA,NVDA,16.481243133544922
2022-06-16,NVDA,NVDA,15.557807922363281
2022-06-17,NVDA,NVDA,15.83603572845459
2022-06-21,NVDA,NVDA,16.5201358795166
2022-06-22,NVDA,NVDA,16.31470489501953
2022-06-23,NVDA,NVDA,16.18008041381836
2022-06-24,NVDA,NVDA,17.078582763671875
2022-06-27,NVDA,NVDA,16.822296142578125
2022-06-28,NVDA,NVDA,15.937752723693848
2022-06-29,NVDA,NVDA,15.498970031738281
2022-06-30,NVDA,NVDA,15.117030143737793
2022-07-01,NVDA,NVDA,14.482793807983398
2022-07-05,NVDA,NVDA,14.92257022857666
2022-07-06,NVDA,NVDA,15.088112831115723
2022-07-07,NVDA,NVDA,15.814095497131348
2022-07-08,NVDA,NVDA,15.794153213500977
2022-07-11,NVDA,NVDA,15.110051155090332
2022-07-12,NVDA,NVDA,15.040245056152344
2022-07-13,NVDA,NVDA,15.122017860412598
2022-07-14,NVDA,NVDA,15.329442024230957
2022-07-15,NVDA,NVDA,15.71835994720459
2022-07-18,NVDA,NVDA,16.056425094604492
2022-07-19,NVDA,NVDA,16.944955825805664
2022-07-20,NVDA,NVDA,17.75769805908203
2022-07-21,NVDA,NVDA,18.000024795532227
2022-07-22,NVDA,NVDA,17.27105140686035
2022-07-25,NVDA,NVDA,16.97686767578125
2022-07-26,NVDA,NVDA,16.48723030090332
2022-07-27,NVDA,NVDA,17.74074935913086
2022-07-28,NVDA,NVDA,17.9342098236084
2022-07-29,NVDA,NVDA,18.112716674804688
2022-08-01,NVDA,NVDA,18.38994789123535
2022-08-02,NVDA,NVDA,18.47471046447754
2022-08-03,NVDA,NVDA,18.840688705444336
2022-08-04,NVDA,NVDA,19.161802291870117
2022-08-05,NVDA,NVDA,18.93642807006836
2022-08-08,NVDA,NVDA,17.743736267089844
2022-08-09,NVDA,NVDA,17.0386962890625
2022-08-10,NVDA,NVDA,18.046897888183594
2022-08-11,NVDA,NVDA,17.892322540283203
2022-08-12,NVDA,NVDA,18.657203674316406
2022-08-15,NVDA,NVDA,18.979305267333984
2022-08-16,NVDA,NVDA,18.82673454284668
2022-08-17,NVDA,NVDA,18.284238815307617
2022-08-18,NVDA,NVDA,18.721031188964844
2022-08-19,NVDA,NVDA,17.79958152770996
2022-08-22,NVDA,NVDA,16.986839294433594
2022-08-23,NVDA,NVDA,17.13343620300293
2022-08-24,NVDA,NVDA,17.17432403564453
2022-08-25,NVDA,NVDA,17.8634090423584
2022-08-26,NVDA,NVDA,16.214982986450195
2022-08-29,NVDA,NVDA,15.757253646850586
2022-08-30,NVDA,NVDA,15.425177574157715
2022-08-31,NVDA,NVDA,15.052212715148926
2022-09-01,NVDA,NVDA,13.898414611816406
2022-09-02,NVDA,NVDA,13.609216690063477
2022-09-06,NVDA,NVDA,13.427720069885254
2022-09-07,NVDA,NVDA,13.680097579956055
2022-09-08,NVDA,NVDA,13.955411911010742
2022-09-09,NVDA,NVDA,14.351433753967285
2022-09-12,NVDA,NVDA,14.46914005279541
2022-09-13,NVDA,NVDA,13.098536491394043
2022-09-14,NVDA,NVDA,13.095544815063477
2022-09-15,NVDA,NVDA,12.8970365524292
2022-09-16,NVDA,NVDA,13.165369987487793
2022-09-19,NVDA,NVDA,13.348917007446289
2022-09-20,NVDA,NVDA,13.143424034118652
2022-09-21,NVDA,NVDA,13.228216171264648
2022-09-22,NVDA,NVDA,12.529943466186523
2022-09-23,NVDA,NVDA,12.485055923461914
2022-09-26,NVDA,NVDA,12.197770118713379
2022-09-27,NVDA,NVDA,12.382311820983887
2022-09-28,NVDA,NVDA,12.704513549804688
2022-09-29,NVDA,NVDA,12.189788818359375
2022-09-30,NVDA,NVDA,12.108989715576172
2022-10-03,NVDA,NVDA,12.48106861114502
2022-10-04,NVDA,NVDA,13.134448051452637
2022-10-05,NVDA,NVDA,13.17634391784668
2022-10-06,NVDA,NVDA,13.097539901733398
2022-10-07,NVDA,NVDA,12.046144485473633
2022-10-10,NVDA,NVDA,11.641148567199707
2022-10-11,NVDA,NVDA,11.557356834411621
2022-10-12,NVDA,NVDA,11.471570014953613
2022-10-13,NVDA,NVDA,11.93043041229248
2022-10-14,NVDA,NVDA,11.199244499206543
2022-10-17,NVDA,NVDA,11.858610153198242
2022-10-18,NVDA,NVDA,11.937416076660156
2022-10-19,NVDA,NVDA,12.021207809448242
2022-10-20,NVDA,NVDA,12.163854598999023
2022-10-21,NVDA,NVDA,12.4351806640625
2022-10-24,NVDA,NVDA,12.567852973937988
2022-10-25,NVDA,NVDA,13.228216171264648
2022-10-26,NVDA,NVDA,12.864117622375488
2022-10-27,NVDA,NVDA,13.143424034118652
2022-10-28,NVDA,NVDA,13.799799919128418
2022-10-31,NVDA,NVDA,13.463631629943848
2022-11-01,NVDA,NVDA,13.50951862335205
2022-11-02,NVDA,NVDA,13.186319351196289
2022-11-03,NVDA,NVDA,13.387818336486816
2022-11-04,NVDA,NVDA,14.121003150939941
2022-11-07,NVDA,NVDA,14.265643119812012
2022-11-08,NVDA,NVDA,14.565899848937988
2022-11-09,NVDA,NVDA,13.741943359375
2022-11-10,NVDA,NVDA,15.711060523986816
2022-11-11,NVDA,NVDA,16.286638259887695
2022-11-14,NVDA,NVDA,16.254716873168945
2022-11-15,NVDA,NVDA,16.624801635742188
2022-11-16,NVDA,NVDA,15.870667457580566
2022-11-17,NVDA,NVDA,15.638240814208984
2022-11-18,NVDA,NVDA,15.370905876159668
2022-11-21,NVDA,NVDA,15.279131889343262
2022-11-22,NVDA,NVDA,15.998350143432617
2022-11-23,NVDA,NVDA,16.478158950805664
2022-11-25,NVDA,NVDA,16.229778289794922
2022-11-28,NVDA,NVDA,15.787873268127441
2022-11-29,NVDA,NVDA,15.600336074829102
2022-11-30,NVDA,NVDA,16.885478973388672
2022-12-01,NVDA,NVDA,17.09701156616211
2022-12-02,NVDA,NVDA,16.838584899902344
2022-12-05,NVDA,NVDA,16.57317352294922
2022-12-06,NVDA,NVDA,15.951556205749512
2022-12-07,NVDA,NVDA,16.084260940551758
2022-12-08,NVDA,NVDA,17.130935668945312
2022-12-09,NVDA,NVDA,16.963308334350586
2022-12-12,NVDA,NVDA,17.496122360229492
2022-12-13,NVDA,NVDA,18.03193473815918
2022-12-14,NVDA,NVDA,17.634815216064453
2022-12-15,NVDA,NVDA,16.91441535949707
2022-12-16,NVDA,NVDA,16.534265518188477
2022-12-19,NVDA,NVDA,16.217960357666016
2022-12-20,NVDA,NVDA,16.049339294433594
2022-12-21,NVDA,NVDA,16.46441650390625
2022-12-22,NVDA,NVDA,15.30499267578125
2022-12-23,NVDA,NVDA,15.172287940979004
2022-12-27,NVDA,NVDA,14.089694023132324
2022-12-28,NVDA,NVDA,14.004881858825684
2022-12-29,NVDA,NVDA,14.570623397827148
2022-12-30,NVDA,NVDA,14.581600189208984
2023-01-03,NVDA,NVDA,14.283263206481934
2023-01-04,NVDA,NVDA,14.716300010681152
2023-01-05,NVDA,NVDA,14.233375549316406
2023-01-06,NVDA,NVDA,14.826054573059082
2023-01-09,NVDA,NVDA,15.593352317810059
2023-01-10,NVDA,NVDA,15.87372875213623
2023-01-11,NVDA,NVDA,15.965524673461914
2023-01-12,NVDA,NVDA,16.474390029907227
2023-01-13,NVDA,NVDA,16.861534118652344
2023-01-17,NVDA,NVDA,17.662755966186523
2023-01-18,NVDA,NVDA,17.338476181030273
2023-01-19,NVDA,NVDA,16.727832794189453
2023-01-20,NVDA,NVDA,17.799449920654297
2023-01-23,NVDA,NVDA,19.150447845458984
2023-01-24,NVDA,NVDA,19.222286224365234
2023-01-25,NVDA,NVDA,19.2801570892334
2023-01-26,NVDA,NVDA,19.758094787597656
2023-01-27,NVDA,NVDA,20.319849014282227
2023-01-30,NVDA,NVDA,19.11951446533203
2023-01-31,NVDA,NVDA,19.49368667602539
2023-02-01,NVDA,NVDA,20.896568298339844
2023-02-02,NVDA,NVDA,21.660869598388672
2023-02-03,NVDA,NVDA,21.053220748901367
2023-02-06,NVDA,NVDA,21.042245864868164
2023-02-07,NVDA,NVDA,22.123844146728516
2023-02-08,NVDA,NVDA,22.155765533447266
2023-02-09,NVDA,NVDA,22.287477493286133
2023-02-10,NVDA,NVDA,21.217853546142578
2023-02-13,NVDA,NVDA,21.73969268798828
2023-02-14,NVDA,NVDA,22.92007064819336
2023-02-15,NVDA,NVDA,22.713529586791992
2023-02-16,NVDA,NVDA,21.953218460083008
2023-02-17,NVDA,NVDA,21.3405818939209
2023-02-21,NVDA,NVDA,20.609207153320312
2023-02-22,NVDA,NVDA,20.707984924316406
2023-02-23,NVDA,NVDA,23.61153793334961
2023-02-24,NVDA,NVDA,23.234371185302734
2023-02-27,NVDA,NVDA,23.448894500732422
2023-02-28,NVDA,NVDA,23.164531707763672
2023-03-01,NVDA,NVDA,22.64767837524414
2023-03-02,NVDA,NVDA,23.262311935424805
2023-03-03,NVDA,NVDA,23.8370361328125
2023-03-06,NVDA,NVDA,23.501779556274414
2023-03-07,NVDA,NVDA,23.240314483642578
2023-03-08,NVDA,NVDA,24.131486892700195
2023-03-09,NVDA,NVDA,23.388011932373047
2023-03-10,NVDA,NVDA,22.917980194091797
2023-03-13,NVDA,NVDA,22.918977737426758
2023-03-14,NVDA,NVDA,24.01372718811035
2023-03-15,NVDA,NVDA,24.178390502929688
2023-03-16,NVDA,NVDA,25.488704681396484
2023-03-17,NVDA,NVDA,25.672325134277344
2023-03-20,NVDA,NVDA,25.846967697143555
2023-03-21,NVDA,NVDA,26.145353317260742
2023-03-22,NVDA,NVDA,26.413803100585938
2023-03-23,NVDA,NVDA,27.135324478149414
2023-03-24,NVDA,NVDA,26.724166870117188
2023-03-27,NVDA,NVDA,26.476675033569336
2023-03-28,NVDA,NVDA,26.355926513671875
2023-03-29,NVDA,NVDA,26.92875099182129
2023-03-30,NVDA,NVDA,27.326927185058594
2023-03-31,NVDA,NVDA,27.720123291015625
2023-04-03,NVDA,NVDA,27.907739639282227
2023-04-04,NVDA,NVDA,27.396785736083984
2023-04-05,NVDA,NVDA,26.825960159301758
2023-04-06,NVDA,NVDA,26.981639862060547
2023-04-10,NVDA,NVDA,27.52252769470215
2023-04-11,NVDA,NVDA,27.113370895385742
2023-04-12,NVDA,NVDA,26.440750122070312
2023-04-13,NVDA,NVDA,26.4088134765625
2023-04-14,NVDA,NVDA,26.70320701599121
2023-04-17,NVDA,NVDA,26.94670867919922
2023-04-18,NVDA,NVDA,27.610347747802734
2023-04-19,NVDA,NVDA,27.873807907104492
2023-04-20,NVDA,NVDA,27.048498153686523
2023-04-21,NVDA,NVDA,27.063474655151367
2023-04-24,NVDA,NVDA,26.98662757873535
2023-04-25,NVDA,NVDA,26.187271118164062
2023-04-26,NVDA,NVDA,26.900806427001953
2023-04-27,NVDA,NVDA,27.17025375366211
2023-04-28,NVDA,NVDA,27.692182540893555
2023-05-01,NVDA,NVDA,28.850807189941406
2023-05-02,NVDA,NVDA,28.152238845825195
2023-05-03,NVDA,NVDA,27.745075225830078
2023-05-04,NVDA,NVDA,27.505565643310547
2023-05-05,NVDA,NVDA,28.621278762817383
2023-05-08,NVDA,NVDA,29.091310501098633
2023-05-09,NVDA,NVDA,28.51249885559082
2023-05-10,NVDA,NVDA,28.825855255126953
2023-05-11,NVDA,NVDA,28.519481658935547
2023-05-12,NVDA,NVDA,28.28196907043457
2023-05-15,NVDA,NVDA,28.89371681213379
2023-05-16,NVDA,NVDA,29.153186798095703
2023-05-17,NVDA,NVDA,30.1162052154541
2023-05-18,NVDA,NVDA,31.613136291503906
2023-05-19,NVDA,NVDA,31.199983596801758
2023-05-22,NVDA,NVDA,31.112165451049805
2023-05-23,NVDA,NVDA,30.62516212463379
2023-05-24,NVDA,NVDA,30.47547149658203
2023-05-25,NVDA,NVDA,37.90222930908203
2023-05-26,NVDA,NVDA,38.86625289916992
2023-05-30,NVDA,NVDA,40.028873443603516
2023-05-31,NVDA,NVDA,37.75653076171875
2023-06-01,NVDA,NVDA,39.68856430053711
2023-06-02,NVDA,NVDA,39.2464714050293
2023-06-05,NVDA,NVDA,39.090797424316406
2023-06-06,NVDA,NVDA,38.574851989746094
2023-06-07,NVDA,NVDA,37.402137756347656
2023-06-08,NVDA,NVDA,38.43512725830078
2023-06-09,NVDA,NVDA,38.69461441040039
2023-06-12,NVDA,NVDA,39.40523147583008
2023-06-13,NVDA,NVDA,40.94223403930664
2023-06-14,NVDA,NVDA,42.91340255737305
2023-06-15,NVDA,NVDA,42.570072174072266
2023-06-16,NVDA,NVDA,42.60898971557617
2023-06-20,NVDA,NVDA,43.72282409667969
2023-06-21,NVDA,NVDA,42.9613037109375
2023-06-22,NVDA,NVDA,42.94134521484375
2023-06-23,NVDA,NVDA,42.12693786621094
2023-06-26,NVDA,NVDA,40.55300521850586
2023-06-27,NVDA,NVDA,41.794578552246094
2023-06-28,NVDA,NVDA,41.03705978393555
2023-06-29,NVDA,NVDA,40.74263000488281
2023-06-30,NVDA,NVDA,42.219749450683594
2023-07-03,NVDA,NVDA,42.33053207397461
2023-07-05,NVDA,NVDA,42.23472213745117
2023-07-06,NVDA,NVDA,42.021141052246094
2023-07-07,NVDA,NVDA,42.42035675048828
2023-07-10,NVDA,NVDA,42.097984313964844
2023-07-11,NVDA,NVDA,42.32255554199219
2023-07-12,NVDA,NVDA,43.81664276123047
2023-07-13,NVDA,NVDA,45.88760757446289
2023-07-14,NVDA,NVDA,45.380592346191406
2023-07-17,NVDA,NVDA,46.370662689208984
2023-07-18,NVDA,NVDA,47.40165710449219
2023-07-19,NVDA,NVDA,46.9854621887207
2023-07-20,NVDA,NVDA,45.431488037109375
2023-07-21,NVDA,NVDA,44.22284698486328
2023-07-24,NVDA,NVDA,44.525264739990234
2023-07-25,NVDA,NVDA,45.590187072753906
2023-07-26,NVDA,NVDA,45.36362838745117
2023-07-27,NVDA,NVDA,45.810760498046875
2023-07-28,NVDA,NVDA,46.65910339355469
2023-07-31,NVDA,NVDA,46.63814163208008
2023-08-01,NVDA,NVDA,46.41657257080078
2023-08-02,NVDA,NVDA,44.18292236328125
2023-08-03,NVDA,NVDA,44.42845153808594
2023-08-04,NVDA,NVDA,44.59312438964844
2023-08-07,NVDA,NVDA,45.328697204589844
2023-08-08,NVDA,NVDA,44.57716369628906
2023-08-09,NVDA,NVDA,42.471256256103516
2023-08-10,NVDA,NVDA,42.30559158325195
2023-08-11,NVDA,NVDA,40.77556610107422
2023-08-14,NVDA,NVDA,43.66792678833008
2023-08-15,NVDA,NVDA,43.85456466674805
2023-08-16,NVDA,NVDA,43.40144729614258
2023-08-17,NVDA,NVDA,43.25972366333008
2023-08-18,NVDA,NVDA,43.21480941772461
2023-08-21,NVDA,NVDA,46.87567901611328
2023-08-22,NVDA,NVDA,45.57920837402344
2023-08-23,NVDA,NVDA,47.02439498901367
2023-08-24,NVDA,NVDA,47.07130432128906
2023-08-25,NVDA,NVDA,45.92852783203125
2023-08-28,NVDA,NVDA,46.74394226074219
2023-08-29,NVDA,NVDA,48.68914031982422
2023-08-30,NVDA,NVDA,49.16820526123047
2023-08-31,NVDA,NVDA,49.259037017822266
2023-09-01,NVDA,NVDA,48.41468048095703
2023-09-05,NVDA,NVDA,48.453609466552734
2023-09-06,NVDA,NVDA,46.97336959838867
2023-09-07,NVDA,NVDA,46.1548957824707
2023-09-08,NVDA,NVDA,45.48714065551758
2023-09-11,NVDA,NVDA,45.09387969970703
2023-09-12,NVDA,NVDA,44.786441802978516
2023-09-13,NVDA,NVDA,45.40030288696289
2023-09-14,NVDA,NVDA,45.496124267578125
2023-09-15,NVDA,NVDA,43.81825637817383
2023-09-18,NVDA,NVDA,43.88412857055664
2023-09-19,NVDA,NVDA,43.43895721435547
2023-09-20,NVDA,NVDA,42.16034698486328
2023-09-21,NVDA,NVDA,40.94062042236328
2023-09-22,NVDA,NVDA,41.53251647949219
2023-09-25,NVDA,NVDA,42.14337158203125
2023-09-26,NVDA,NVDA,41.83295440673828
2023-09-27,NVDA,NVDA,42.388919830322266
2023-09-28,NVDA,NVDA,43.00876235961914
2023-09-29,NVDA,NVDA,43.417999267578125
2023-10-02,NVDA,NVDA,44.69861602783203
2023-10-03,NVDA,NVDA,43.43595886230469
2023-10-04,NVDA,NVDA,43.958988189697266
2023-10-05,NVDA,NVDA,44.60478591918945
2023-10-06,NVDA,NVDA,45.676788330078125
2023-10-09,NVDA,NVDA,45.188697814941406
2023-10-10,NVDA,NVDA,45.71271514892578
2023-10-11,NVDA,NVDA,46.718849182128906
2023-10-12,NVDA,NVDA,46.857582092285156
2023-10-13,NVDA,NVDA,45.37635040283203
2023-10-16,NVDA,NVDA,46.00916290283203
2023-10-17,NVDA,NVDA,43.85618591308594
2023-10-18,NVDA,NVDA,42.11742401123047
2023-10-19,NVDA,NVDA,42.022605895996094
2023-10-20,NVDA,NVDA,41.309932708740234
2023-10-23,NVDA,NVDA,42.89497375488281
2023-10-24,NVDA,NVDA,43.58169174194336
2023-10-25,NVDA,NVDA,41.70119857788086
2023-10-26,NVDA,NVDA,40.250911712646484
2023-10-27,NVDA,NVDA,40.42458724975586
2023-10-30,NVDA,NVDA,41.084354400634766
2023-10-31,NVDA,NVDA,40.704063415527344
2023-11-01,NVDA,NVDA,42.24619674682617
2023-11-02,NVDA,NVDA,43.424991607666016
2023-11-03,NVDA,NVDA,44.921199798583984
2023-11-06,NVDA,NVDA,45.66580581665039
2023-11-07,NVDA,NVDA,45.86943054199219
2023-11-08,NVDA,NVDA,46.487274169921875
2023-11-09,NVDA,NVDA,46.86256790161133
2023-11-10,NVDA,NVDA,48.244991302490234
2023-11-13,NVDA,NVDA,48.52946472167969
2023-11-14,NVDA,NVDA,49.56353759765625
2023-11-15,NVDA,NVDA,48.79697036743164
2023-11-16,NVDA,NVDA,49.38786315917969
2023-11-17,NVDA,NVDA,49.206207275390625
2023-11-20,NVDA,NVDA,50.31513595581055
2023-11-21,NVDA,NVDA,49.85099411010742
2023-11-22,NVDA,NVDA,48.62528991699219
2023-11-24,NVDA,NVDA,47.687034606933594
2023-11-27,NVDA,NVDA,48.15216827392578
2023-11-28,NVDA,NVDA,47.731956481933594
2023-11-29,NVDA,NVDA,48.05036163330078
2023-11-30,NVDA,NVDA,46.68291091918945
2023-12-01,NVDA,NVDA,46.67792510986328
2023-12-04,NVDA,NVDA,45.425262451171875
2023-12-05,NVDA,NVDA,46.483375549316406
2023-12-06,NVDA,NVDA,45.422264099121094
2023-12-07,NVDA,NVDA,46.51332473754883
2023-12-08,NVDA,NVDA,47.42170715332031
2023-12-11,NVDA,NVDA,46.54426956176758
2023-12-12,NVDA,NVDA,47.572444915771484
2023-12-13,NVDA,NVDA,48.002681732177734
2023-12-14,NVDA,NVDA,48.26420974731445
2023-12-15,NVDA,NVDA,48.803253173828125
2023-12-18,NVDA,NVDA,49.98814392089844
2023-12-19,NVDA,NVDA,49.5159797668457
2023-12-20,NVDA,NVDA,48.025630950927734
2023-12-21,NVDA,NVDA,48.903076171875
2023-12-22,NVDA,NVDA,48.74336242675781
2023-12-26,NVDA,NVDA,49.191558837890625
2023-12-27,NVDA,NVDA,49.32931900024414
2023-12-28,NVDA,NVDA,49.43413543701172
2023-12-29,NVDA,NVDA,49.43413543701172
2024-01-02,NVDA,NVDA,48.0825309753418
2024-01-03,NVDA,NVDA,47.484588623046875
2024-01-04,NVDA,NVDA,47.912837982177734
2024-01-05,NVDA,NVDA,49.009883880615234
2024-01-08,NVDA,NVDA,52.16028594970703
2024-01-09,NVDA,NVDA,53.04571533203125
2024-01-10,NVDA,NVDA,54.253562927246094
2024-01-11,NVDA,NVDA,54.72472381591797
2024-01-12,NVDA,NVDA,54.612918853759766
2024-01-16,NVDA,NVDA,56.28195571899414
2024-01-17,NVDA,NVDA,55.953548431396484
2024-01-18,NVDA,NVDA,57.005672454833984
2024-01-19,NVDA,NVDA,59.38544464111328
2024-01-22,NVDA,NVDA,59.548152923583984
2024-01-23,NVDA,NVDA,59.76676559448242
2024-01-24,NVDA,NVDA,61.25312042236328
2024-01-25,NVDA,NVDA,61.50767135620117
2024-01-26,NVDA,NVDA,60.92271041870117
2024-01-29,NVDA,NVDA,62.354164123535156
2024-01-30,NVDA,NVDA,62.66261672973633
2024-01-31,NVDA,NVDA,61.41783142089844
2024-02-01,NVDA,NVDA,62.91516876220703
2024-02-02,NVDA,NVDA,66.04261016845703
2024-02-05,NVDA,NVDA,69.208984375
2024-02-06,NVDA,NVDA,68.1019515991211
2024-02-07,NVDA,NVDA,69.97462463378906
2024-02-08,NVDA,NVDA,69.51744079589844
2024-02-09,NVDA,NVDA,72.0050277709961
2024-02-12,NVDA,NVDA,72.11979675292969
2024-02-13,NVDA,NVDA,72.0000228881836
2024-02-14,NVDA,NVDA,73.76888275146484
2024-02-15,NVDA,NVDA,72.52906799316406
2024-02-16,NVDA,NVDA,72.48416137695312
2024-02-20,NVDA,NVDA,69.32877349853516
2024-02-21,NVDA,NVDA,67.35228729248047
2024-02-22,NVDA,NVDA,78.39865112304688
2024-02-23,NVDA,NVDA,78.67715454101562
2024-02-26,NVDA,NVDA,78.95166778564453
2024-02-27,NVDA,NVDA,78.56136322021484
2024-02-28,NVDA,NVDA,77.52519226074219
2024-02-29,NVDA,NVDA,78.97163391113281
2024-03-01,NVDA,NVDA,82.13300323486328
2024-03-04,NVDA,NVDA,85.08575439453125
2024-03-05,NVDA,NVDA,85.81549835205078
2024-03-06,NVDA,NVDA,88.5467758178711
2024-03-07,NVDA,NVDA,92.5089111328125
2024-03-08,NVDA,NVDA,87.37678527832031
2024-03-11,NVDA,NVDA,85.62582397460938
2024-03-12,NVDA,NVDA,91.75422668457031
2024-03-13,NVDA,NVDA,90.73099517822266
2024-03-14,NVDA,NVDA,87.79207611083984
2024-03-15,NVDA,NVDA,87.68525695800781
2024-03-18,NVDA,NVDA,88.30220031738281
2024-03-19,NVDA,NVDA,89.24357604980469
2024-03-20,NVDA,NVDA,90.21588897705078
2024-03-21,NVDA,NVDA,91.27704620361328
2024-03-22,NVDA,NVDA,94.12611389160156
2024-03-25,NVDA,NVDA,94.83787536621094
2024-03-26,NVDA,NVDA,92.40109252929688
2024-03-27,NVDA,NVDA,90.0940933227539
2024-03-28,NVDA,NVDA,90.19992065429688
2024-04-01,NVDA,NVDA,90.20689392089844
2024-04-02,NVDA,NVDA,89.29747009277344
2024-04-03,NVDA,NVDA,88.81031799316406
2024-04-04,NVDA,NVDA,85.756591796875
2024-04-05,NVDA,NVDA,87.85596466064453
2024-04-08,NVDA,NVDA,86.98247528076172
2024-04-09,NVDA,NVDA,85.20653533935547
2024-04-10,NVDA,NVDA,86.88864135742188
2024-04-11,NVDA,NVDA,90.45945739746094
2024-04-12,NVDA,NVDA,88.03365325927734
2024-04-15,NVDA,NVDA,85.85243225097656
2024-04-16,NVDA,NVDA,87.26398468017578
2024-04-17,NVDA,NVDA,83.88983154296875
2024-04-18,NVDA,NVDA,84.52472686767578
2024-04-19,NVDA,NVDA,76.06836700439453
2024-04-22,NVDA,NVDA,79.3806381225586
2024-04-23,NVDA,NVDA,82.2806167602539
2024-04-24,NVDA,NVDA,79.53936767578125
2024-04-25,NVDA,NVDA,82.48926544189453
2024-04-26,NVDA,NVDA,87.58345031738281
2024-04-29,NVDA,NVDA,87.60540771484375
2024-04-30,NVDA,NVDA,86.25274658203125
2024-05-01,NVDA,NVDA,82.89754486083984
2024-05-02,NVDA,NVDA,85.66874694824219
2024-05-03,NVDA,NVDA,88.63561248779297
2024-05-06,NVDA,NVDA,91.9808120727539
2024-05-07,NVDA,NVDA,90.39756774902344
2024-05-08,NVDA,NVDA,90.25580596923828
2024-05-09,NVDA,NVDA,88.59368896484375
2024-05-10,NVDA,NVDA,89.72273254394531
2024-05-13,NVDA,NVDA,90.24283599853516
2024-05-14,NVDA,NVDA,91.19818878173828
2024-05-15,NVDA,NVDA,94.4665298461914
2024-05-16,NVDA,NVDA,94.19599151611328
2024-05-17,NVDA,NVDA,92.31922912597656
2024-05-20,NVDA,NVDA,94.61626434326172
2024-05-21,NVDA,NVDA,95.2212142944336
2024-05-22,NVDA,NVDA,94.78598022460938
2024-05-23,NVDA,NVDA,103.61968994140625
2024-05-24,NVDA,NVDA,106.28507232666016
2024-05-28,NVDA,NVDA,113.70423126220703
2024-05-29,NVDA,NVDA,114.62663269042969
2024-05-30,NVDA,NVDA,110.3091049194336
2024-05-31,NVDA,NVDA,109.44361114501953
2024-06-03,NVDA,NVDA,114.80133819580078
2024-06-04,NVDA,NVDA,116.23585510253906
2024-06-05,NVDA,NVDA,122.2284927368164
2024-06-06,NVDA,NVDA,120.78897857666016
2024-06-07,NVDA,NVDA,120.6791763305664
2024-06-10,NVDA,NVDA,121.5796127319336
2024-06-11,NVDA,NVDA,120.71105194091797
2024-06-12,NVDA,NVDA,124.99398040771484
2024-06-13,NVDA,NVDA,129.39671325683594
2024-06-14,NVDA,NVDA,131.6630096435547
2024-06-17,NVDA,NVDA,130.76446533203125
2024-06-18,NVDA,NVDA,135.35690307617188
2024-06-20,NVDA,NVDA,130.5648193359375
2024-06-21,NVDA,NVDA,126.36172485351562
2024-06-24,NVDA,NVDA,117.91564178466797
2024-06-25,NVDA,NVDA,125.88250732421875
2024-06-26,NVDA,NVDA,126.1920166015625
2024-06-27,NVDA,NVDA,123.78598022460938
2024-06-28,NVDA,NVDA,123.33672332763672
2024-07-01,NVDA,NVDA,124.09547424316406
2024-07-02,NVDA,NVDA,122.4681396484375
2024-07-03,NVDA,NVDA,128.06890869140625
2024-07-05,NVDA,NVDA,125.62294006347656
2024-07-08,NVDA,NVDA,127.98902130126953
2024-07-09,NVDA,NVDA,131.16383361816406
2024-07-10,NVDA,NVDA,134.68801879882812
2024-07-11,NVDA,NVDA,127.19037628173828
2024-07-12,NVDA,NVDA,129.02735900878906
2024-07-15,NVDA,NVDA,128.22866821289062
2024-07-16,NVDA,NVDA,126.15206146240234
2024-07-17,NVDA,NVDA,117.79583740234375
2024-07-18,NVDA,NVDA,120.89073944091797
2024-07-19,NVDA,NVDA,117.73595428466797
2024-07-22,NVDA,NVDA,123.33672332763672
2024-07-23,NVDA,NVDA,122.38826751708984
2024-07-24,NVDA,NVDA,114.06200408935547
2024-07-25,NVDA,NVDA,112.0952377319336
2024-07-26,NVDA,NVDA,112.87394714355469
2024-07-29,NVDA,NVDA,111.40637969970703
2024-07-30,NVDA,NVDA,103.55931091308594
2024-07-31,NVDA,NVDA,116.82743072509766
2024-08-01,NVDA,NVDA,109.0302963256836
2024-08-02,NVDA,NVDA,107.0934829711914
2024-08-05,NVDA,NVDA,100.28470611572266
2024-08-06,NVDA,NVDA,104.07845306396484
2024-08-07,NVDA,NVDA,98.74723815917969
2024-08-08,NVDA,NVDA,104.79727172851562
2024-08-09,NVDA,NVDA,104.57762908935547
2024-08-12,NVDA,NVDA,108.84061431884766
2024-08-13,NVDA,NVDA,115.94888305664062
2024-08-14,NVDA,NVDA,117.88570404052734
2024-08-15,NVDA,NVDA,122.6578369140625
2024-08-16,NVDA,NVDA,124.375
2024-08-19,NVDA,NVDA,129.7860870361328
2024-08-20,NVDA,NVDA,127.04061126708984
2024-08-21,NVDA,NVDA,128.28855895996094
2024-08-22,NVDA,NVDA,123.53639221191406
2024-08-23,NVDA,NVDA,129.1571044921875
2024-08-26,NVDA,NVDA,126.25189971923828
2024-08-27,NVDA,NVDA,128.08889770507812
2024-08-28,NVDA,NVDA,125.40331268310547
2024-08-29,NVDA,NVDA,117.39649963378906
2024-08-30,NVDA,NVDA,119.173583984375
2024-09-03,NVDA,NVDA,107.82228088378906
2024-09-04,NVDA,NVDA,106.03522491455078
2024-09-05,NVDA,NVDA,107.03358459472656
2024-09-06,NVDA,NVDA,102.66079711914062
2024-09-09,NVDA,NVDA,106.2947998046875
2024-09-10,NVDA,NVDA,107.92211151123047
2024-09-11,NVDA,NVDA,116.71762084960938
2024-09-12,NVDA,NVDA,118.95413208007812
2024-09-13,NVDA,NVDA,118.9141845703125
2024-09-16,NVDA,NVDA,116.59780883789062
2024-09-17,NVDA,NVDA,115.40966796875
2024-09-18,NVDA,NVDA,113.19312286376953
2024-09-19,NVDA,NVDA,117.68611145019531
2024-09-20,NVDA,NVDA,115.81903076171875
2024-09-23,NVDA,NVDA,116.07862854003906
2024-09-24,NVDA,NVDA,120.68143463134766
2024-09-25,NVDA,NVDA,123.31731414794922
2024-09-26,NVDA,NVDA,123.84648895263672
2024-09-27,NVDA,NVDA,121.21060180664062
2024-09-30,NVDA,NVDA,121.25054168701172
2024-10-01,NVDA,NVDA,116.81747436523438
2024-10-02,NVDA,NVDA,118.6645736694336
2024-10-03,NVDA,NVDA,122.65834045410156
2024-10-04,NVDA,NVDA,124.72510528564453
2024-10-07,NVDA,NVDA,127.52073669433594
2024-10-08,NVDA,NVDA,132.6826629638672
2024-10-09,NVDA,NVDA,132.4430389404297
2024-10-10,NVDA,NVDA,134.5996856689453
2024-10-11,NVDA,NVDA,134.58970642089844
2024-10-14,NVDA,NVDA,137.8546142578125
2024-10-15,NVDA,NVDA,131.3946990966797
2024-10-16,NVDA,NVDA,135.5082550048828
2024-10-17,NVDA,NVDA,136.7163848876953
2024-10-18,NVDA,NVDA,137.78469848632812
2024-10-21,NVDA,NVDA,143.48580932617188
2024-10-22,NVDA,NVDA,143.36599731445312
2024-10-23,NVDA,NVDA,139.34226989746094
2024-10-24,NVDA,NVDA,140.19094848632812
2024-10-25,NVDA,NVDA,141.31918334960938
2024-10-28,NVDA,NVDA,140.30078125
2024-10-29,NVDA,NVDA,141.02963256835938
2024-10-30,NVDA,NVDA,139.12261962890625
2024-10-31,NVDA,NVDA,132.5529022216797
2024-11-01,NVDA,NVDA,135.18875122070312
2024-11-04,NVDA,NVDA,135.83775329589844
2024-11-05,NVDA,NVDA,139.69174194335938
2024-11-06,NVDA,NVDA,145.38282775878906
2024-11-07,NVDA,NVDA,148.64773559570312
2024-11-08,NVDA,NVDA,147.39968872070312
2024-11-11,NVDA,NVDA,145.0333709716797
2024-11-12,NVDA,NVDA,148.0586395263672
2024-11-13,NVDA,NVDA,146.0417938232422
2024-11-14,NVDA,NVDA,146.53102111816406
2024-11-15,NVDA,NVDA,141.75848388671875
2024-11-18,NVDA,NVDA,139.93133544921875
2024-11-19,NVDA,NVDA,146.7806396484375
2024-11-20,NVDA,NVDA,145.66238403320312
2024-11-21,NVDA,NVDA,146.44119262695312
2024-11-22,NVDA,NVDA,141.72853088378906
2024-11-25,NVDA,NVDA,135.80780029296875
2024-11-26,NVDA,NVDA,136.70640563964844
2024-11-27,NVDA,NVDA,135.12884521484375
2024-11-29,NVDA,NVDA,138.03431701660156
2024-12-02,NVDA,NVDA,138.41371154785156
2024-12-03,NVDA,NVDA,140.0411834716797
2024-12-04,NVDA,NVDA,144.91357421875
2024-12-05,NVDA,NVDA,144.8436737060547
2024-12-06,NVDA,NVDA,142.22760009765625
2024-12-09,NVDA,NVDA,138.6029815673828
2024-12-10,NVDA,NVDA,134.8685760498047
2024-12-11,NVDA,NVDA,139.1022491455078
2024-12-12,NVDA,NVDA,137.13519287109375
2024-12-13,NVDA,NVDA,134.04978942871094
2024-12-16,NVDA,NVDA,131.80311584472656
2024-12-17,NVDA,NVDA,130.19554138183594
2024-12-18,NVDA,NVDA,128.71775817871094
2024-12-19,NVDA,NVDA,130.48509216308594
2024-12-20,NVDA,NVDA,134.49911499023438
2024-12-23,NVDA,NVDA,139.46170043945312
2024-12-24,NVDA,NVDA,140.01087951660156
2024-12-26,NVDA,NVDA,139.7213134765625
2024-12-27,NVDA,NVDA,136.8056640625
2024-12-30,NVDA,NVDA,137.28494262695312
2024-12-31,NVDA,NVDA,134.0897216796875
2025-01-02,NVDA,NVDA,138.10372924804688
2025-01-03,NVDA,NVDA,144.25454711914062
2025-01-06,NVDA,NVDA,149.2071533203125
2025-01-07,NVDA,NVDA,139.93099975585938
2025-01-08,NVDA,NVDA,139.90106201171875
2025-01-10,NVDA,NVDA,135.70733642578125
2025-01-13,NVDA,NVDA,133.03131103515625
2025-01-14,NVDA,NVDA,131.5634765625
2025-01-15,NVDA,NVDA,136.03683471679688
2025-01-16,NVDA,NVDA,133.37081909179688
2025-01-17,NVDA,NVDA,137.504638671875
2025-01-21,NVDA,NVDA,140.61997985839844
2025-01-22,NVDA,NVDA,146.8507080078125
2025-01-23,NVDA,NVDA,147.00045776367188
2025-01-24,NVDA,NVDA,142.4073028564453
2025-01-27,NVDA,NVDA,118.24340057373047
2025-01-28,NVDA,NVDA,128.79763793945312
2025-01-29,NVDA,NVDA,123.5155258178711
2025-01-30,NVDA,NVDA,124.46410369873047
2025-01-31,NVDA,NVDA,119.89093780517578
2025-02-03,NVDA,NVDA,116.48603057861328
2025-02-04,NVDA,NVDA,118.47306060791016
2025-02-05,NVDA,NVDA,124.64384460449219
2025-02-06,NVDA,NVDA,128.4880828857422
2025-02-07,NVDA,NVDA,129.64634704589844
2025-02-10,NVDA,NVDA,133.37081909179688
2025-02-11,NVDA,NVDA,132.6019744873047
2025-02-12,NVDA,NVDA,130.9444580078125
2025-02-13,NVDA,NVDA,135.08822631835938
2025-02-14,NVDA,NVDA,138.64292907714844
2025-02-18,NVDA,NVDA,139.19210815429688
2025-02-19,NVDA,NVDA,139.02236938476562
2025-02-20,NVDA,NVDA,139.90106201171875
2025-02-21,NVDA,NVDA,134.22952270507812
2025-02-24,NVDA,NVDA,130.08572387695312
2025-02-25,NVDA,NVDA,126.44114685058594
2025-02-26,NVDA,NVDA,131.084228515625
2025-02-27,NVDA,NVDA,119.97081756591797
2025-02-28,NVDA,NVDA,124.73370361328125
2025-03-03,NVDA,NVDA,113.88990020751953
2025-03-04,NVDA,NVDA,115.8170166015625
2025-03-05,NVDA,NVDA,117.12506866455078
2025-03-06,NVDA,NVDA,110.40510559082031
2025-03-07,NVDA,NVDA,112.5219497680664
2025-03-10,NVDA,NVDA,106.82046508789062
2025-03-11,NVDA,NVDA,108.59780883789062
2025-03-12,NVDA,NVDA,115.57803344726562
2025-03-13,NVDA,NVDA,115.41825103759766
2025-03-14,NVDA,NVDA,121.49972534179688
2025-03-17,NVDA,NVDA,119.36272430419922
2025-03-18,NVDA,NVDA,115.2684555053711
2025-03-19,NVDA,NVDA,117.35552978515625
2025-03-20,NVDA,NVDA,118.3641128540039
2025-03-21,NVDA,NVDA,117.5352783203125
2025-03-24,NVDA,NVDA,121.24009704589844
2025-03-25,NVDA,NVDA,120.52110290527344
2025-03-26,NVDA,NVDA,113.60079956054688
2025-03-27,NVDA,NVDA,111.27406311035156
2025-03-28,NVDA,NVDA,109.51652526855469
2025-03-31,NVDA,NVDA,108.22832489013672
2025-04-01,NVDA,NVDA,109.995849609375
2025-04-02,NVDA,NVDA,110.26547241210938
2025-04-03,NVDA,NVDA,101.65753936767578
2025-04-04,NVDA,NVDA,94.17801666259766
2025-04-07,NVDA,NVDA,97.50334930419922
2025-04-08,NVDA,NVDA,96.16523742675781
2025-04-09,NVDA,NVDA,114.16999816894531
2025-04-10,NVDA,NVDA,107.4194564819336
2025-04-11,NVDA,NVDA,110.7747573852539
2025-04-14,NVDA,NVDA,110.55506134033203
2025-04-15,NVDA,NVDA,112.04297637939453
2025-04-16,NVDA,NVDA,104.3437728881836
2025-04-17,NVDA,NVDA,101.34796142578125
2025-04-21,NVDA,NVDA,96.77438354492188
2025-04-22,NVDA,NVDA,98.75160217285156
2025-04-23,NVDA,NVDA,102.5662612915039
2025-04-24,NVDA,NVDA,106.28105163574219
2025-04-25,NVDA,NVDA,110.85466003417969
2025-04-28,NVDA,NVDA,108.57784271240234
2025-04-29,NVDA,NVDA,108.867431640625
2025-04-30,NVDA,NVDA,108.76756286621094
2025-05-01,NVDA,NVDA,111.45380401611328
2025-05-02,NVDA,NVDA,114.33976745605469
2025-05-05,NVDA,NVDA,113.66072082519531
2025-05-06,NVDA,NVDA,113.38111877441406
2025-05-07,NVDA,NVDA,116.89618682861328
2025-05-08,NVDA,NVDA,117.20575714111328
2025-05-09,NVDA,NVDA,116.48675537109375
2025-05-12,NVDA,NVDA,122.82787322998047
2025-05-13,NVDA,NVDA,129.7481689453125
2025-05-14,NVDA,NVDA,135.1505889892578
2025-05-15,NVDA,NVDA,134.64129638671875
2025-05-16,NVDA,NVDA,135.21051025390625
2025-05-19,NVDA,NVDA,135.38027954101562
2025-05-20,NVDA,NVDA,134.1919403076172
2025-05-21,NVDA,NVDA,131.61553955078125
2025-05-22,NVDA,NVDA,132.6441192626953
2025-05-23,NVDA,NVDA,131.10626220703125
2025-05-27,NVDA,NVDA,135.31036376953125
2025-05-28,NVDA,NVDA,134.621337890625
2025-05-29,NVDA,NVDA,138.99522399902344
2025-05-30,NVDA,NVDA,134.94088745117188
2025-06-02,NVDA,NVDA,137.187744140625
2025-06-03,NVDA,NVDA,141.02236938476562
2025-06-04,NVDA,NVDA,141.72137451171875
2025-06-05,NVDA,NVDA,139.79409790039062
2025-06-06,NVDA,NVDA,141.52166748046875
2025-06-09,NVDA,NVDA,142.43040466308594
2025-06-10,NVDA,NVDA,143.758544921875
2025-06-11,NVDA,NVDA,142.6400146484375
2025-06-12,NVDA,NVDA,144.80712890625
2025-06-13,NVDA,NVDA,141.78115844726562
2025-06-16,NVDA,NVDA,144.49752807617188
2025-06-17,NVDA,NVDA,143.92828369140625
2025-06-18,NVDA,NVDA,145.28648376464844
2025-06-20,NVDA,NVDA,143.6586456298828
2025-06-23,NVDA,NVDA,143.9782257080078
2025-06-24,NVDA,NVDA,147.70326232910156
2025-06-25,NVDA,NVDA,154.10475158691406
2025-06-26,NVDA,NVDA,154.8137969970703
2025-06-27,NVDA,NVDA,157.5401611328125
2025-06-30,NVDA,NVDA,157.7798614501953
2025-07-01,NVDA,NVDA,153.0961151123047
2025-07-02,NVDA,NVDA,157.04083251953125
2025-07-03,NVDA,NVDA,159.12806701660156
2025-07-07,NVDA,NVDA,158.02952575683594
2025-07-08,NVDA,NVDA,159.78717041015625
2025-07-09,NVDA,NVDA,162.66336059570312
2025-07-10,NVDA,NVDA,163.88174438476562
2025-07-11,NVDA,NVDA,164.7006378173828
2025-07-14,NVDA,NVDA,163.85177612304688
2025-07-15,NVDA,NVDA,170.47293090820312
2025-07-16,NVDA,NVDA,171.14205932617188
2025-07-17,NVDA,NVDA,172.7698974609375
2025-07-18,NVDA,NVDA,172.18067932128906
2025-07-21,NVDA,NVDA,171.1520538330078
2025-07-22,NVDA,NVDA,166.80783081054688
2025-07-23,NVDA,NVDA,170.55284118652344
2025-07-24,NVDA,NVDA,173.5089111328125
2025-07-25,NVDA,NVDA,173.26922607421875
2025-07-28,NVDA,NVDA,176.51490783691406
2025-07-29,NVDA,NVDA,175.2765350341797
2025-07-30,NVDA,NVDA,179.03155517578125
2025-07-31,NVDA,NVDA,177.63340759277344
2025-08-01,NVDA,NVDA,173.4889373779297
2025-08-04,NVDA,NVDA,179.7605743408203
2025-08-05,NVDA,NVDA,178.0229034423828
2025-08-06,NVDA,NVDA,179.18133544921875
2025-08-07,NVDA,NVDA,180.52955627441406
2025-08-08,NVDA,NVDA,182.4569854736328
2025-08-11,NVDA,NVDA,181.81784057617188
2025-08-12,NVDA,NVDA,182.9163818359375
2025-08-13,NVDA,NVDA,181.3484649658203
2025-08-14,NVDA,NVDA,181.77789306640625
2025-08-15,NVDA,NVDA,180.20997619628906
2025-08-18,NVDA,NVDA,181.76788330078125
2025-08-19,NVDA,NVDA,175.4063720703125
2025-08-20,NVDA,NVDA,175.1667022705078
2025-08-21,NVDA,NVDA,174.74725341796875
2025-08-22,NVDA,NVDA,177.7532501220703
2025-08-25,NVDA,NVDA,179.57083129882812
2025-08-26,NVDA,NVDA,181.52822875976562
2025-08-27,NVDA,NVDA,181.35845947265625
2025-08-28,NVDA,NVDA,179.93035888671875
2025-08-29,NVDA,NVDA,173.9483184814453
2025-09-02,NVDA,NVDA,170.55284118652344
2025-09-03,NVDA,NVDA,170.39306640625
2025-09-04,NVDA,NVDA,171.4316864013672
2025-09-05,NVDA,NVDA,166.7978515625
2025-09-08,NVDA,NVDA,168.0861358642578
2025-09-09,NVDA,NVDA,170.53286743164062
2025-09-10,NVDA,NVDA,177.09413146972656
2025-09-11,NVDA,NVDA,176.94432067871094
2025-09-12,NVDA,NVDA,177.59349060058594
2025-09-15,NVDA,NVDA,177.52357482910156
2025-09-16,NVDA,NVDA,174.65724182128906
2025-09-17,NVDA,NVDA,170.07308959960938
2025-09-18,NVDA,NVDA,176.01551818847656
2025-09-19,NVDA,NVDA,176.4449462890625
2025-09-22,NVDA,NVDA,183.37612915039062
2025-09-23,NVDA,NVDA,178.2027130126953
2025-09-24,NVDA,NVDA,176.74456787109375
2025-09-25,NVDA,NVDA,177.4636688232422
2025-09-26,NVDA,NVDA,177.96302795410156
2025-09-29,NVDA,NVDA,181.61837768554688
2025-09-30,NVDA,NVDA,186.3423309326172
2025-10-01,NVDA,NVDA,187.0015106201172
2025-10-02,NVDA,NVDA,188.64939880371094
2025-10-03,NVDA,NVDA,187.38099670410156
2025-10-06,NVDA,NVDA,185.30364990234375
2025-10-07,NVDA,NVDA,184.80429077148438
2025-10-08,NVDA,NVDA,188.86911010742188
2025-10-09,NVDA,NVDA,192.32470703125
2025-10-10,NVDA,NVDA,182.92669677734375
2025-10-13,NVDA,NVDA,188.0801239013672
2025-10-14,NVDA,NVDA,179.80067443847656
2025-10-15,NVDA,NVDA,179.60093688964844
2025-10-16,NVDA,NVDA,181.5784149169922
2025-10-17,NVDA,NVDA,182.9866180419922
2025-10-20,NVDA,NVDA,182.40736389160156
2025-10-21,NVDA,NVDA,180.9292449951172
2025-10-22,NVDA,NVDA,180.05035400390625
2025-10-23,NVDA,NVDA,181.92796325683594
2025-10-24,NVDA,NVDA,186.02272033691406
2025-10-27,NVDA,NVDA,191.24607849121094
2025-10-28,NVDA,NVDA,200.77394104003906
2025-10-29,NVDA,NVDA,206.77627563476562
2025-10-30,NVDA,NVDA,202.63156127929688
2025-10-31,NVDA,NVDA,202.23207092285156
2025-11-03,NVDA,NVDA,206.61647033691406
2025-11-04,NVDA,NVDA,198.43690490722656
2025-11-05,NVDA,NVDA,194.9613494873047
2025-11-06,NVDA,NVDA,187.84043884277344
2025-11-07,NVDA,NVDA,187.9103240966797
2025-11-10,NVDA,NVDA,198.7964630126953
2025-11-11,NVDA,NVDA,192.91395568847656
2025-11-12,NVDA,NVDA,193.55313110351562
2025-11-13,NVDA,NVDA,186.62197875976562
2025-11-14,NVDA,NVDA,189.92774963378906
2025-11-17,NVDA,NVDA,186.36231994628906
2025-11-18,NVDA,NVDA,181.1289825439453
2025-11-19,NVDA,NVDA,186.28240966796875
2025-11-20,NVDA,NVDA,180.40989685058594
2025-11-21,NVDA,NVDA,178.65213012695312
2025-11-24,NVDA,NVDA,182.3174591064453
2025-11-25,NVDA,NVDA,177.59349060058594
2025-11-26,NVDA,NVDA,180.03036499023438
2025-11-28,NVDA,NVDA,176.7745361328125
2025-12-01,NVDA,NVDA,179.69082641601562
2025-12-02,NVDA,NVDA,181.22886657714844
2025-12-03,NVDA,NVDA,179.36123657226562
2025-12-04,NVDA,NVDA,183.15660095214844
2025-12-05,NVDA,NVDA,182.1877899169922
2025-12-08,NVDA,NVDA,185.323974609375
2025-12-09,NVDA,NVDA,184.7446746826172
2025-12-10,NVDA,NVDA,183.55612182617188
2025-12-11,NVDA,NVDA,180.70957946777344
2025-12-12,NVDA,NVDA,174.80679321289062
2025-12-15,NVDA,NVDA,176.07522583007812
2025-12-16,NVDA,NVDA,177.5034942626953
2025-12-17,NVDA,NVDA,170.73175048828125
2025-12-18,NVDA,NVDA,173.9278564453125
2025-12-19,NVDA,NVDA,180.76953125
2025-12-22,NVDA,NVDA,183.4662322998047
2025-12-23,NVDA,NVDA,188.97952270507812
2025-12-24,NVDA,NVDA,188.38023376464844
2025-12-26,NVDA,NVDA,190.2978973388672
2025-12-29,NVDA,NVDA,187.99070739746094
2025-12-30,NVDA,NVDA,187.31153869628906
2025-12-31,NVDA,NVDA,186.27279663085938
2026-01-02,NVDA,NVDA,188.6199493408203
2026-01-05,NVDA,NVDA,187.89083862304688
2026-01-06,NVDA,NVDA,187.0119171142578
2026-01-07,NVDA,NVDA,188.87962341308594
2026-01-08,NVDA,NVDA,184.8145751953125
2026-01-09,NVDA,NVDA,184.63479614257812
2026-01-12,NVDA,NVDA,184.71470642089844
2026-01-13,NVDA,NVDA,185.58364868164062
2026-01-14,NVDA,NVDA,182.91690063476562
2026-01-15,NVDA,NVDA,186.82212829589844
2026-01-16,NVDA,NVDA,186.0031280517578
2026-01-20,NVDA,NVDA,177.85308837890625
2026-01-21,NVDA,NVDA,183.09669494628906
2026-01-22,NVDA,NVDA,184.6148223876953
2026-01-23,NVDA,NVDA,187.44137573242188
2026-01-26,NVDA,NVDA,186.2428436279297
2026-01-27,NVDA,NVDA,188.29034423828125
2026-01-28,NVDA,NVDA,191.28668212890625
2026-01-29,NVDA,NVDA,192.27548217773438
2026-01-30,NVDA,NVDA,190.8971710205078
2026-02-02,NVDA,NVDA,185.38388061523438
2026-02-03,NVDA,NVDA,180.12030029296875
2026-02-04,NVDA,NVDA,173.97781372070312
2026-02-05,NVDA,NVDA,171.67062377929688
2026-02-06,NVDA,NVDA,185.18414306640625
2026-02-09,NVDA,NVDA,189.80848693847656
2026-02-10,NVDA,NVDA,188.31031799316406
2026-02-11,NVDA,NVDA,189.81849670410156
2026-02-12,NVDA,NVDA,186.7122802734375
2026-02-13,NVDA,NVDA,182.58729553222656
2026-02-17,NVDA,NVDA,184.7446746826172
2026-02-18,NVDA,NVDA,187.75099182128906
2026-02-19,NVDA,NVDA,187.6710968017578
2026-02-20,NVDA,NVDA,189.58877563476562
2026-02-23,NVDA,NVDA,191.316650390625
2026-02-24,NVDA,NVDA,192.61508178710938
2026-02-25,NVDA,NVDA,195.32176208496094
2026-02-26,NVDA,NVDA,184.66476440429688
2026-02-27,NVDA,NVDA,176.97415161132812
2026-03-02,NVDA,NVDA,182.25770568847656
2026-03-03,NVDA,NVDA,179.83065795898438
2026-03-04,NVDA,NVDA,182.8170166015625
2026-03-05,NVDA,NVDA,183.11663818359375
2026-03-06,NVDA,NVDA,177.6033935546875
2026-03-09,NVDA,NVDA,182.427490234375
2026-03-10,NVDA,NVDA,184.54490661621094
2026-03-11,NVDA,NVDA,185.8134307861328
2026-03-12,NVDA,NVDA,182.9268035888672
2026-03-13,NVDA,NVDA,180.0401611328125
2026-03-16,NVDA,NVDA,183.0067138671875
2026-03-17,NVDA,NVDA,181.71820068359375
2026-03-18,NVDA,NVDA,180.1899871826172
2026-03-19,NVDA,NVDA,178.3521270751953
2026-03-20,NVDA,NVDA,172.4989471435547
2026-03-23,NVDA,NVDA,175.43553161621094
2026-03-24,NVDA,NVDA,174.99603271484375
2026-03-25,NVDA,NVDA,178.47198486328125
2026-03-26,NVDA,NVDA,171.04066467285156
2026-03-27,NVDA,NVDA,167.32498168945312
2026-03-30,NVDA,NVDA,164.97772216796875
2026-03-31,NVDA,NVDA,174.1969757080078
2026-04-01,NVDA,NVDA,175.54541015625
2026-04-02,NVDA,NVDA,177.18348693847656
2026-04-06,NVDA,NVDA,177.43319702148438
2026-04-07,NVDA,NVDA,177.89266967773438
2026-04-08,NVDA,NVDA,181.8680419921875
2026-04-09,NVDA,NVDA,183.69590759277344
2026-04-10,NVDA,NVDA,188.41041564941406
2026-04-13,NVDA,NVDA,189.08961486816406
2026-04-14,NVDA,NVDA,196.28123474121094
2026-04-15,NVDA,NVDA,198.63848876953125
2026-04-16,NVDA,NVDA,198.1190948486328
2026-04-17,NVDA,NVDA,201.44520568847656
2026-04-20,NVDA,NVDA,201.82476806640625
2026-04-21,NVDA,NVDA,199.64732360839844
2026-04-22,NVDA,NVDA,202.26426696777344
2026-04-23,NVDA,NVDA,199.4075927734375
2026-04-24,NVDA,NVDA,208.0275421142578
2026-04-27,NVDA,NVDA,216.3578338623047
2026-04-28,NVDA,NVDA,212.92184448242188
2026-04-29,NVDA,NVDA,209.00640869140625
2026-04-30,NVDA,NVDA,199.33767700195312
2026-05-01,NVDA,NVDA,198.21897888183594
2026-05-04,NVDA,NVDA,198.24893188476562
2026-05-05,NVDA,NVDA,196.271240234375
2026-05-06,NVDA,NVDA,207.5880584716797
2026-05-07,NVDA,NVDA,211.2537841796875
2026-05-08,NVDA,NVDA,214.94947814941406
2026-05-11,NVDA,NVDA,219.18453979492188
2026-05-12,NVDA,NVDA,220.52297973632812
2026-05-13,NVDA,NVDA,225.56710815429688
2026-05-14,NVDA,NVDA,235.465576171875
2026-05-15,NVDA,NVDA,225.05770874023438
2026-05-18,NVDA,NVDA,222.0612030029297
2026-05-19,NVDA,NVDA,220.35317993164062
2026-05-20,NVDA,NVDA,223.20985412597656
2026-05-21,NVDA,NVDA,219.25445556640625
2026-05-22,NVDA,NVDA,215.07933044433594
2026-05-26,NVDA,NVDA,214.60987854003906
2026-05-27,NVDA,NVDA,212.35250854492188
2026-05-28,NVDA,NVDA,214.00057983398438
2026-05-29,NVDA,NVDA,210.8942108154297
2026-06-01,NVDA,NVDA,224.09881591796875
2026-06-02,NVDA,NVDA,222.56060791015625
2026-06-03,NVDA,NVDA,214.5
2026-06-04,NVDA,NVDA,218.66000366210938
2026-06-05,NVDA,NVDA,205.10000610351562
2026-06-08,NVDA,NVDA,208.63999938964844
2026-06-09,NVDA,NVDA,208.19000244140625
2026-06-10,NVDA,NVDA,200.4199981689453
2026-06-11,NVDA,NVDA,204.8699951171875
2026-06-12,NVDA,NVDA,205.19000244140625
2026-06-15,NVDA,NVDA,212.4499969482422
2026-06-16,NVDA,NVDA,207.41000366210938
2026-06-17,NVDA,NVDA,204.64999389648438
2026-06-18,NVDA,NVDA,210.69000244140625
2026-06-22,NVDA,NVDA,208.64999389648438
2026-06-23,NVDA,NVDA,200.0399932861328
2026-06-24,NVDA,NVDA,199.0
2026-06-25,NVDA,NVDA,195.74000549316406
2026-06-26,NVDA,NVDA,192.52999877929688
2026-06-29,NVDA,NVDA,194.97000122070312
2026-06-30,NVDA,NVDA,200.08999633789062
2026-07-01,NVDA,NVDA,197.5800018310547
2026-07-02,NVDA,NVDA,194.8300018310547
2026-07-06,NVDA,NVDA,195.5500030517578
2026-07-07,NVDA,NVDA,196.92999267578125
2026-07-08,NVDA,NVDA,204.1199951171875
2026-07-09,NVDA,NVDA,202.77999877929688
2026-07-10,NVDA,NVDA,210.9600067138672
2026-07-13,NVDA,NVDA,203.52999877929688
2020-01-02,SPY,SPY,296.1252746582031
2020-01-03,SPY,SPY,293.8829345703125
2020-01-06,SPY,SPY,295.004150390625
2020-01-07,SPY,SPY,294.1746826171875
2020-01-08,SPY,SPY,295.742431640625
2020-01-09,SPY,SPY,297.747802734375
2020-01-10,SPY,SPY,296.89093017578125
2020-01-13,SPY,SPY,298.93280029296875
2020-01-14,SPY,SPY,298.4770202636719
2020-01-15,SPY,SPY,299.1515197753906
2020-01-16,SPY,SPY,301.6400451660156
2020-01-17,SPY,SPY,302.578857421875
2020-01-21,SPY,SPY,301.9864196777344
2020-01-22,SPY,SPY,302.0228271484375
2020-01-23,SPY,SPY,302.36920166015625
2020-01-24,SPY,SPY,299.68011474609375
2020-01-27,SPY,SPY,294.87646484375
2020-01-28,SPY,SPY,297.9665832519531
2020-01-29,SPY,SPY,297.7204284667969
2020-01-30,SPY,SPY,298.6866760253906
2020-01-31,SPY,SPY,293.26318359375
2020-02-03,SPY,SPY,295.4416198730469
2020-02-04,SPY,SPY,299.9445495605469
2020-02-05,SPY,SPY,303.4083557128906
2020-02-06,SPY,SPY,304.4292907714844
2020-02-07,SPY,SPY,302.8067321777344
2020-02-10,SPY,SPY,305.06732177734375
2020-02-11,SPY,SPY,305.59588623046875
2020-02-12,SPY,SPY,307.5648498535156
2020-02-13,SPY,SPY,307.2366638183594
2020-02-14,SPY,SPY,307.72894287109375
2020-02-18,SPY,SPY,306.9360046386719
2020-02-19,SPY,SPY,308.4034118652344
2020-02-20,SPY,SPY,307.136474609375
2020-02-21,SPY,SPY,303.9735107421875
2020-02-24,SPY,SPY,293.8919982910156
2020-02-25,SPY,SPY,284.9865417480469
2020-02-26,SPY,SPY,283.9383239746094
2020-02-27,SPY,SPY,271.1861572265625
2020-02-28,SPY,SPY,270.04669189453125
2020-03-02,SPY,SPY,281.7415466308594
2020-03-03,SPY,SPY,273.6745300292969
2020-03-04,SPY,SPY,285.1779479980469
2020-03-05,SPY,SPY,275.6981201171875
2020-03-06,SPY,SPY,271.14056396484375
2020-03-09,SPY,SPY,249.9659423828125
2020-03-10,SPY,SPY,262.90045166015625
2020-03-11,SPY,SPY,250.0844268798828
2020-03-12,SPY,SPY,226.15707397460938
2020-03-13,SPY,SPY,245.4904327392578
2020-03-16,SPY,SPY,218.6279296875
2020-03-17,SPY,SPY,230.4320526123047
2020-03-18,SPY,SPY,218.76466369628906
2020-03-19,SPY,SPY,219.22950744628906
2020-03-20,SPY,SPY,209.7820281982422
2020-03-23,SPY,SPY,204.4182586669922
2020-03-24,SPY,SPY,222.939208984375
2020-03-25,SPY,SPY,226.27662658691406
2020-03-26,SPY,SPY,239.48890686035156
2020-03-27,SPY,SPY,232.35557556152344
2020-03-30,SPY,SPY,239.90147399902344
2020-03-31,SPY,SPY,236.3256378173828
2020-04-01,SPY,SPY,225.6898651123047
2020-04-02,SPY,SPY,230.8977508544922
2020-04-03,SPY,SPY,227.56031799316406
2020-04-06,SPY,SPY,242.8446807861328
2020-04-07,SPY,SPY,243.0922393798828
2020-04-08,SPY,SPY,251.25245666503906
2020-04-09,SPY,SPY,255.07591247558594
2020-04-13,SPY,SPY,252.7469482421875
2020-04-14,SPY,SPY,260.2011413574219
2020-04-15,SPY,SPY,254.6724853515625
2020-04-16,SPY,SPY,255.9010009765625
2020-04-17,SPY,SPY,262.8143310546875
2020-04-20,SPY,SPY,258.18402099609375
2020-04-21,SPY,SPY,250.34469604492188
2020-04-22,SPY,SPY,255.9010009765625
2020-04-23,SPY,SPY,255.8826446533203
2020-04-24,SPY,SPY,259.4493103027344
2020-04-27,SPY,SPY,263.19012451171875
2020-04-28,SPY,SPY,261.9800109863281
2020-04-29,SPY,SPY,268.838134765625
2020-04-30,SPY,SPY,266.33514404296875
2020-05-01,SPY,SPY,259.2843017578125
2020-05-04,SPY,SPY,259.99945068359375
2020-05-05,SPY,SPY,262.4016418457031
2020-05-06,SPY,SPY,260.6229553222656
2020-05-07,SPY,SPY,263.7679138183594
2020-05-08,SPY,SPY,268.13214111328125
2020-05-11,SPY,SPY,268.18719482421875
2020-05-12,SPY,SPY,262.8418273925781
2020-05-13,SPY,SPY,258.19317626953125
2020-05-14,SPY,SPY,261.2830810546875
2020-05-15,SPY,SPY,262.4842529296875
2020-05-18,SPY,SPY,270.4794616699219
2020-05-19,SPY,SPY,267.7012939453125
2020-05-20,SPY,SPY,272.2489318847656
2020-05-21,SPY,SPY,270.3693542480469
2020-05-22,SPY,SPY,270.88287353515625
2020-05-26,SPY,SPY,274.2202453613281
2020-05-27,SPY,SPY,278.30035400390625
2020-05-28,SPY,SPY,277.7869567871094
2020-05-29,SPY,SPY,279.0247802734375
2020-06-01,SPY,SPY,280.1524658203125
2020-06-02,SPY,SPY,282.4722595214844
2020-06-03,SPY,SPY,286.23138427734375
2020-06-04,SPY,SPY,285.4795227050781
2020-06-05,SPY,SPY,292.7961730957031
2020-06-08,SPY,SPY,296.3353576660156
2020-06-09,SPY,SPY,294.1257019042969
2020-06-10,SPY,SPY,292.48443603515625
2020-06-11,SPY,SPY,275.6230773925781
2020-06-12,SPY,SPY,278.923828125
2020-06-15,SPY,SPY,281.52783203125
2020-06-16,SPY,SPY,286.9466247558594
2020-06-17,SPY,SPY,285.7546691894531
2020-06-18,SPY,SPY,285.8646545410156
2020-06-19,SPY,SPY,284.2309265136719
2020-06-22,SPY,SPY,286.0543212890625
2020-06-23,SPY,SPY,287.3712463378906
2020-06-24,SPY,SPY,280.04071044921875
2020-06-25,SPY,SPY,283.0429382324219
2020-06-26,SPY,SPY,276.3203125
2020-06-29,SPY,SPY,280.3815002441406
2020-06-30,SPY,SPY,283.9730224609375
2020-07-01,SPY,SPY,285.96221923828125
2020-07-02,SPY,SPY,287.5370178222656
2020-07-06,SPY,SPY,291.9757995605469
2020-07-07,SPY,SPY,288.9644470214844
2020-07-08,SPY,SPY,291.174560546875
2020-07-09,SPY,SPY,289.5169982910156
2020-07-10,SPY,SPY,292.4731140136719
2020-07-13,SPY,SPY,289.9406433105469
2020-07-14,SPY,SPY,293.6980285644531
2020-07-15,SPY,SPY,296.3962707519531
2020-07-16,SPY,SPY,295.4200134277344
2020-07-17,SPY,SPY,296.2765197753906
2020-07-20,SPY,SPY,298.6709289550781
2020-07-21,SPY,SPY,299.3063659667969
2020-07-22,SPY,SPY,301.0099792480469
2020-07-23,SPY,SPY,297.4184265136719
2020-07-24,SPY,SPY,295.5029602050781
2020-07-27,SPY,SPY,297.6579284667969
2020-07-28,SPY,SPY,295.7699890136719
2020-07-29,SPY,SPY,299.4075622558594
2020-07-30,SPY,SPY,298.3393249511719
2020-07-31,SPY,SPY,300.6968688964844
2020-08-03,SPY,SPY,302.787353515625
2020-08-04,SPY,SPY,303.9569396972656
2020-08-05,SPY,SPY,305.8448181152344
2020-08-06,SPY,SPY,307.8891906738281
2020-08-07,SPY,SPY,308.11029052734375
2020-08-10,SPY,SPY,309.03125
2020-08-11,SPY,SPY,306.4801940917969
2020-08-12,SPY,SPY,310.7532043457031
2020-08-13,SPY,SPY,310.19146728515625
2020-08-14,SPY,SPY,310.2007141113281
2020-08-17,SPY,SPY,311.1860656738281
2020-08-18,SPY,SPY,311.8583679199219
2020-08-19,SPY,SPY,310.5599365234375
2020-08-20,SPY,SPY,311.5268859863281
2020-08-21,SPY,SPY,312.6319274902344
2020-08-24,SPY,SPY,315.79986572265625
2020-08-25,SPY,SPY,316.90496826171875
2020-08-26,SPY,SPY,320.0821838378906
2020-08-27,SPY,SPY,320.78204345703125
2020-08-28,SPY,SPY,322.8541259765625
2020-08-31,SPY,SPY,321.68450927734375
2020-09-01,SPY,SPY,324.71429443359375
2020-09-02,SPY,SPY,329.4109802246094
2020-09-03,SPY,SPY,318.07452392578125
2020-09-04,SPY,SPY,315.4776306152344
2020-09-08,SPY,SPY,306.8577575683594
2020-09-09,SPY,SPY,312.9174499511719
2020-09-10,SPY,SPY,307.4840087890625
2020-09-11,SPY,SPY,307.6405944824219
2020-09-14,SPY,SPY,311.6926574707031
2020-09-15,SPY,SPY,313.2672424316406
2020-09-16,SPY,SPY,312.02410888671875
2020-09-17,SPY,SPY,309.27984619140625
2020-09-18,SPY,SPY,305.7192077636719
2020-09-21,SPY,SPY,302.31658935546875
2020-09-22,SPY,SPY,305.3955383300781
2020-09-23,SPY,SPY,298.3131103515625
2020-09-24,SPY,SPY,299.1082458496094
2020-09-25,SPY,SPY,303.9438781738281
2020-09-28,SPY,SPY,308.9922790527344
2020-09-29,SPY,SPY,307.3094787597656
2020-09-30,SPY,SPY,309.6395568847656
2020-10-01,SPY,SPY,311.62738037109375
2020-10-02,SPY,SPY,308.66864013671875
2020-10-05,SPY,SPY,314.1422119140625
2020-10-06,SPY,SPY,309.6764831542969
2020-10-07,SPY,SPY,315.06683349609375
2020-10-08,SPY,SPY,317.85919189453125
2020-10-09,SPY,SPY,320.69769287109375
2020-10-12,SPY,SPY,325.8569641113281
2020-10-13,SPY,SPY,323.73046875
2020-10-14,SPY,SPY,321.6963195800781
2020-10-15,SPY,SPY,321.2986755371094
2020-10-16,SPY,SPY,321.1044921875
2020-10-19,SPY,SPY,316.2225646972656
2020-10-20,SPY,SPY,317.4893798828125
2020-10-21,SPY,SPY,316.8883056640625
2020-10-22,SPY,SPY,318.6265563964844
2020-10-23,SPY,SPY,319.7083435058594
2020-10-26,SPY,SPY,313.8002014160156
2020-10-27,SPY,SPY,312.71844482421875
2020-10-28,SPY,SPY,302.0299987792969
2020-10-29,SPY,SPY,305.0997314453125
2020-10-30,SPY,SPY,301.91912841796875
2020-11-02,SPY,SPY,305.30303955078125
2020-11-03,SPY,SPY,310.6934814453125
2020-11-04,SPY,SPY,317.6372375488281
2020-11-05,SPY,SPY,323.8320617675781
2020-11-06,SPY,SPY,323.75811767578125
2020-11-09,SPY,SPY,327.82635498046875
2020-11-10,SPY,SPY,327.3455505371094
2020-11-11,SPY,SPY,329.7772216796875
2020-11-12,SPY,SPY,326.578125
2020-11-13,SPY,SPY,331.09942626953125
2020-11-16,SPY,SPY,335.2323913574219
2020-11-17,SPY,SPY,333.4294128417969
2020-11-18,SPY,SPY,329.4166259765625
2020-11-19,SPY,SPY,330.80352783203125
2020-11-20,SPY,SPY,328.5382995605469
2020-11-23,SPY,SPY,330.5077819824219
2020-11-24,SPY,SPY,335.8334045410156
2020-11-25,SPY,SPY,335.315673828125
2020-11-27,SPY,SPY,336.24951171875
2020-11-30,SPY,SPY,334.76092529296875
2020-12-01,SPY,SPY,338.4222717285156
2020-12-02,SPY,SPY,339.1341857910156
2020-12-03,SPY,SPY,339.041748046875
2020-12-04,SPY,SPY,341.9634704589844
2020-12-07,SPY,SPY,341.2608337402344
2020-12-08,SPY,SPY,342.25933837890625
2020-12-09,SPY,SPY,339.18963623046875
2020-12-10,SPY,SPY,339.0787353515625
2020-12-11,SPY,SPY,338.6811828613281
2020-12-14,SPY,SPY,337.1648864746094
2020-12-15,SPY,SPY,341.7230529785156
2020-12-16,SPY,SPY,342.25933837890625
2020-12-17,SPY,SPY,344.17327880859375
2020-12-18,SPY,SPY,342.799072265625
2020-12-21,SPY,SPY,341.5733642578125
2020-12-22,SPY,SPY,340.99774169921875
2020-12-23,SPY,SPY,341.3041687011719
2020-12-24,SPY,SPY,342.6319580078125
2020-12-28,SPY,SPY,345.5754089355469
2020-12-29,SPY,SPY,344.9161071777344
2020-12-30,SPY,SPY,345.408203125
2020-12-31,SPY,SPY,347.1632080078125
2021-01-04,SPY,SPY,342.43695068359375
2021-01-05,SPY,SPY,344.7953796386719
2021-01-06,SPY,SPY,346.8568420410156
2021-01-07,SPY,SPY,352.0102233886719
2021-01-08,SPY,SPY,354.01580810546875
2021-01-11,SPY,SPY,351.6295166015625
2021-01-12,SPY,SPY,351.70379638671875
2021-01-13,SPY,SPY,352.6509094238281
2021-01-14,SPY,SPY,351.4158935546875
2021-01-15,SPY,SPY,348.8531188964844
2021-01-19,SPY,SPY,351.5923767089844
2021-01-20,SPY,SPY,356.4580078125
2021-01-21,SPY,SPY,356.7828369140625
2021-01-22,SPY,SPY,355.52008056640625
2021-01-25,SPY,SPY,356.92218017578125
2021-01-26,SPY,SPY,356.3651123046875
2021-01-27,SPY,SPY,347.6553649902344
2021-01-28,SPY,SPY,350.6452331542969
2021-01-29,SPY,SPY,343.62548828125
2021-02-01,SPY,SPY,349.3453369140625
2021-02-02,SPY,SPY,354.28515625
2021-02-03,SPY,SPY,354.5635986328125
2021-02-04,SPY,SPY,358.5935363769531
2021-02-05,SPY,SPY,360.00494384765625
2021-02-08,SPY,SPY,362.6048278808594
2021-02-09,SPY,SPY,362.3634338378906
2021-02-10,SPY,SPY,362.20562744140625
2021-02-11,SPY,SPY,362.79052734375
2021-02-12,SPY,SPY,364.5826416015625
2021-02-16,SPY,SPY,364.2668762207031
2021-02-17,SPY,SPY,364.3505554199219
2021-02-18,SPY,SPY,362.7998046875
2021-02-19,SPY,SPY,362.1591796875
2021-02-22,SPY,SPY,359.3735656738281
2021-02-23,SPY,SPY,359.8099670410156
2021-02-24,SPY,SPY,363.7748107910156
2021-02-25,SPY,SPY,355.00933837890625
2021-02-26,SPY,SPY,353.1801452636719
2021-03-01,SPY,SPY,361.7413024902344
2021-03-02,SPY,SPY,358.9186096191406
2021-03-03,SPY,SPY,354.1643981933594
2021-03-04,SPY,SPY,349.7816467285156
2021-03-05,SPY,SPY,356.21649169921875
2021-03-08,SPY,SPY,354.4429931640625
2021-03-09,SPY,SPY,359.5035705566406
2021-03-10,SPY,SPY,361.7413024902344
2021-03-11,SPY,SPY,365.4090881347656
2021-03-12,SPY,SPY,365.90118408203125
2021-03-15,SPY,SPY,368.083251953125
2021-03-16,SPY,SPY,367.61895751953125
2021-03-17,SPY,SPY,368.87249755859375
2021-03-18,SPY,SPY,363.5055236816406
2021-03-19,SPY,SPY,362.8329772949219
2021-03-22,SPY,SPY,365.7302551269531
2021-03-23,SPY,SPY,362.8515625
2021-03-24,SPY,SPY,361.0069885253906
2021-03-25,SPY,SPY,363.03790283203125
2021-03-26,SPY,SPY,368.8882141113281
2021-03-29,SPY,SPY,368.70196533203125
2021-03-30,SPY,SPY,367.7237854003906
2021-03-31,SPY,SPY,369.21429443359375
2021-04-01,SPY,SPY,373.2014465332031
2021-04-05,SPY,SPY,378.55804443359375
2021-04-06,SPY,SPY,378.33447265625
2021-04-07,SPY,SPY,378.7724304199219
2021-04-08,SPY,SPY,380.57025146484375
2021-04-09,SPY,SPY,383.3370361328125
2021-04-12,SPY,SPY,383.4767761230469
2021-04-13,SPY,SPY,384.6133117675781
2021-04-14,SPY,SPY,383.2997741699219
2021-04-15,SPY,SPY,387.4173583984375
2021-04-16,SPY,SPY,388.7123107910156
2021-04-19,SPY,SPY,386.8025207519531
2021-04-20,SPY,SPY,383.9705505371094
2021-04-21,SPY,SPY,387.6037292480469
2021-04-22,SPY,SPY,384.063720703125
2021-04-23,SPY,SPY,388.2278747558594
2021-04-26,SPY,SPY,389.038330078125
2021-04-27,SPY,SPY,388.9544982910156
2021-04-28,SPY,SPY,388.84271240234375
2021-04-29,SPY,SPY,391.3207702636719
2021-04-30,SPY,SPY,388.7496032714844
2021-05-03,SPY,SPY,389.5880432128906
2021-05-04,SPY,SPY,387.1845397949219
2021-05-05,SPY,SPY,387.30560302734375
2021-05-06,SPY,SPY,390.3984680175781
2021-05-07,SPY,SPY,393.2398376464844
2021-05-10,SPY,SPY,389.3458251953125
2021-05-11,SPY,SPY,385.87091064453125
2021-05-12,SPY,SPY,377.67303466796875
2021-05-13,SPY,SPY,382.20989990234375
2021-05-14,SPY,SPY,388.0788269042969
2021-05-17,SPY,SPY,387.09149169921875
2021-05-18,SPY,SPY,383.7563781738281
2021-05-19,SPY,SPY,382.7501525878906
2021-05-20,SPY,SPY,386.8677978515625
2021-05-21,SPY,SPY,386.55108642578125
2021-05-24,SPY,SPY,390.4916076660156
2021-05-25,SPY,SPY,389.62530517578125
2021-05-26,SPY,SPY,390.3984680175781
2021-05-27,SPY,SPY,390.6034851074219
2021-05-28,SPY,SPY,391.3020935058594
2021-06-01,SPY,SPY,390.9573974609375
2021-06-02,SPY,SPY,391.572265625
2021-06-03,SPY,SPY,390.11895751953125
2021-06-04,SPY,SPY,393.68701171875
2021-06-07,SPY,SPY,393.3050842285156
2021-06-08,SPY,SPY,393.3888854980469
2021-06-09,SPY,SPY,392.8019714355469
2021-06-10,SPY,SPY,394.62786865234375
2021-06-11,SPY,SPY,395.27996826171875
2021-06-14,SPY,SPY,396.16497802734375
2021-06-15,SPY,SPY,395.4383850097656
2021-06-16,SPY,SPY,393.2304992675781
2021-06-17,SPY,SPY,393.10009765625
2021-06-18,SPY,SPY,387.79705810546875
2021-06-21,SPY,SPY,393.3486633300781
2021-06-22,SPY,SPY,395.4515380859375
2021-06-23,SPY,SPY,394.9750061035156
2021-06-24,SPY,SPY,397.31158447265625
2021-06-25,SPY,SPY,398.7227783203125
2021-06-28,SPY,SPY,399.5265808105469
2021-06-29,SPY,SPY,399.7415771484375
2021-06-30,SPY,SPY,400.0780334472656
2021-07-01,SPY,SPY,402.2930908203125
2021-07-02,SPY,SPY,405.3680419921875
2021-07-06,SPY,SPY,404.6296691894531
2021-07-07,SPY,SPY,406.0596923828125
2021-07-08,SPY,SPY,402.7510070800781
2021-07-09,SPY,SPY,407.0503845214844
2021-07-12,SPY,SPY,408.5083923339844
2021-07-13,SPY,SPY,407.1158752441406
2021-07-14,SPY,SPY,407.7232666015625
2021-07-15,SPY,SPY,406.3307189941406
2021-07-16,SPY,SPY,403.1435852050781
2021-07-19,SPY,SPY,397.19012451171875
2021-07-20,SPY,SPY,402.88189697265625
2021-07-21,SPY,SPY,406.143798828125
2021-07-22,SPY,SPY,406.9942932128906
2021-07-23,SPY,SPY,411.1814880371094
2021-07-26,SPY,SPY,412.1908264160156
2021-07-27,SPY,SPY,410.3122863769531
2021-07-28,SPY,SPY,410.1439514160156
2021-07-29,SPY,SPY,411.84503173828125
2021-07-30,SPY,SPY,409.844970703125
2021-08-02,SPY,SPY,408.9850769042969
2021-08-03,SPY,SPY,412.3123779296875
2021-08-04,SPY,SPY,410.28424072265625
2021-08-05,SPY,SPY,412.8824768066406
2021-08-06,SPY,SPY,413.5647277832031
2021-08-09,SPY,SPY,413.2283020019531
2021-08-10,SPY,SPY,413.7422790527344
2021-08-11,SPY,SPY,414.7703857421875
2021-08-12,SPY,SPY,416.0134582519531
2021-08-13,SPY,SPY,416.7705993652344
2021-08-16,SPY,SPY,417.75189208984375
2021-08-17,SPY,SPY,415.0133972167969
2021-08-18,SPY,SPY,410.47113037109375
2021-08-19,SPY,SPY,411.1066589355469
2021-08-20,SPY,SPY,414.3778381347656
2021-08-23,SPY,SPY,418.0229187011719
2021-08-24,SPY,SPY,418.6864929199219
2021-08-25,SPY,SPY,419.56512451171875
2021-08-26,SPY,SPY,417.0882873535156
2021-08-27,SPY,SPY,420.8175048828125
2021-08-30,SPY,SPY,422.6680603027344
2021-08-31,SPY,SPY,422.0419006347656
2021-09-01,SPY,SPY,422.26617431640625
2021-09-02,SPY,SPY,423.56524658203125
2021-09-03,SPY,SPY,423.4624938964844
2021-09-07,SPY,SPY,421.94842529296875
2021-09-08,SPY,SPY,421.4343566894531
2021-09-09,SPY,SPY,419.6305236816406
2021-09-10,SPY,SPY,416.3218994140625
2021-09-13,SPY,SPY,417.3873596191406
2021-09-14,SPY,SPY,415.1348876953125
2021-09-15,SPY,SPY,418.6024169921875
2021-09-16,SPY,SPY,417.9388427734375
2021-09-17,SPY,SPY,413.86761474609375
2021-09-20,SPY,SPY,406.9667663574219
2021-09-21,SPY,SPY,406.58233642578125
2021-09-22,SPY,SPY,410.5484619140625
2021-09-23,SPY,SPY,415.53662109375
2021-09-24,SPY,SPY,416.22113037109375
2021-09-27,SPY,SPY,415.03033447265625
2021-09-28,SPY,SPY,406.66668701171875
2021-09-29,SPY,SPY,407.3511657714844
2021-09-30,SPY,SPY,402.3724060058594
2021-10-01,SPY,SPY,407.1542663574219
2021-10-04,SPY,SPY,401.9035339355469
2021-10-05,SPY,SPY,406.0853576660156
2021-10-06,SPY,SPY,407.7731628417969
2021-10-07,SPY,SPY,411.298583984375
2021-10-08,SPY,SPY,410.5484619140625
2021-10-11,SPY,SPY,407.57623291015625
2021-10-12,SPY,SPY,406.5729675292969
2021-10-13,SPY,SPY,408.0356140136719
2021-10-14,SPY,SPY,414.8990478515625
2021-10-15,SPY,SPY,418.058837890625
2021-10-18,SPY,SPY,419.29656982421875
2021-10-19,SPY,SPY,422.5313720703125
2021-10-20,SPY,SPY,424.1909484863281
2021-10-21,SPY,SPY,425.2973327636719
2021-10-22,SPY,SPY,424.8567199707031
2021-10-25,SPY,SPY,427.13507080078125
2021-10-26,SPY,SPY,427.5195007324219
2021-10-27,SPY,SPY,425.6255187988281
2021-10-28,SPY,SPY,429.7322998046875
2021-10-29,SPY,SPY,430.6042175292969
2021-11-01,SPY,SPY,431.3450622558594
2021-11-02,SPY,SPY,433.08892822265625
2021-11-03,SPY,SPY,435.7330627441406
2021-11-04,SPY,SPY,437.7865295410156
2021-11-05,SPY,SPY,439.30535888671875
2021-11-08,SPY,SPY,439.68048095703125
2021-11-09,SPY,SPY,438.22723388671875
2021-11-10,SPY,SPY,434.7016296386719
2021-11-11,SPY,SPY,434.8424072265625
2021-11-12,SPY,SPY,438.1240539550781
2021-11-15,SPY,SPY,438.27410888671875
2021-11-16,SPY,SPY,440.0086364746094
2021-11-17,SPY,SPY,438.93975830078125
2021-11-18,SPY,SPY,440.4306335449219
2021-11-19,SPY,SPY,439.64300537109375
2021-11-22,SPY,SPY,438.4052429199219
2021-11-23,SPY,SPY,438.9866638183594
2021-11-24,SPY,SPY,440.1586608886719
2021-11-26,SPY,SPY,430.3417053222656
2021-11-29,SPY,SPY,435.6206359863281
2021-11-30,SPY,SPY,427.1444396972656
2021-12-01,SPY,SPY,422.4001159667969
2021-12-02,SPY,SPY,428.86968994140625
2021-12-03,SPY,SPY,425.1379699707031
2021-12-06,SPY,SPY,430.1729431152344
2021-12-07,SPY,SPY,439.0710754394531
2021-12-08,SPY,SPY,440.2337646484375
2021-12-09,SPY,SPY,437.26141357421875
2021-12-10,SPY,SPY,441.3775939941406
2021-12-13,SPY,SPY,437.4676818847656
2021-12-14,SPY,SPY,434.4579162597656
2021-12-15,SPY,SPY,441.24627685546875
2021-12-16,SPY,SPY,437.35516357421875
2021-12-17,SPY,SPY,432.7004699707031
2021-12-20,SPY,SPY,428.09942626953125
2021-12-21,SPY,SPY,435.7020568847656
2021-12-22,SPY,SPY,440.05841064453125
2021-12-23,SPY,SPY,442.79656982421875
2021-12-27,SPY,SPY,449.06298828125
2021-12-28,SPY,SPY,448.6960754394531
2021-12-29,SPY,SPY,449.2701110839844
2021-12-30,SPY,SPY,448.0280456542969
2021-12-31,SPY,SPY,446.89892578125
2022-01-03,SPY,SPY,449.4864501953125
2022-01-04,SPY,SPY,449.3359069824219
2022-01-05,SPY,SPY,440.70770263671875
2022-01-06,SPY,SPY,440.29364013671875
2022-01-07,SPY,SPY,438.552978515625
2022-01-10,SPY,SPY,438.00726318359375
2022-01-11,SPY,SPY,441.9967346191406
2022-01-12,SPY,SPY,443.1917419433594
2022-01-13,SPY,SPY,437.08514404296875
2022-01-14,SPY,SPY,437.2638854980469
2022-01-18,SPY,SPY,429.52008056640625
2022-01-19,SPY,SPY,425.0602111816406
2022-01-20,SPY,SPY,420.35552978515625
2022-01-21,SPY,SPY,412.10382080078125
2022-01-24,SPY,SPY,413.85382080078125
2022-01-25,SPY,SPY,408.80108642578125
2022-01-26,SPY,SPY,407.7754821777344
2022-01-27,SPY,SPY,405.761962890625
2022-01-28,SPY,SPY,415.83917236328125
2022-01-31,SPY,SPY,423.3289794921875
2022-02-01,SPY,SPY,426.1893005371094
2022-02-02,SPY,SPY,430.329345703125
2022-02-03,SPY,SPY,420.21441650390625
2022-02-04,SPY,SPY,422.1903991699219
2022-02-07,SPY,SPY,420.8355712890625
2022-02-08,SPY,SPY,424.2981262207031
2022-02-09,SPY,SPY,430.5081481933594
2022-02-10,SPY,SPY,422.7738342285156
2022-02-11,SPY,SPY,414.43719482421875
2022-02-14,SPY,SPY,413.082275390625
2022-02-15,SPY,SPY,419.7440185546875
2022-02-16,SPY,SPY,420.21441650390625
2022-02-17,SPY,SPY,411.23809814453125
2022-02-18,SPY,SPY,408.5753479003906
2022-02-22,SPY,SPY,404.1906433105469
2022-02-23,SPY,SPY,397.0208435058594
2022-02-24,SPY,SPY,402.9956359863281
2022-02-25,SPY,SPY,411.8872985839844
2022-02-28,SPY,SPY,410.83355712890625
2022-03-01,SPY,SPY,404.5763854980469
2022-03-02,SPY,SPY,412.0191345214844
2022-03-03,SPY,SPY,409.9678649902344
2022-03-04,SPY,SPY,406.6369934082031
2022-03-07,SPY,SPY,394.6496887207031
2022-03-08,SPY,SPY,391.6575927734375
2022-03-09,SPY,SPY,402.15826416015625
2022-03-10,SPY,SPY,400.3422546386719
2022-03-11,SPY,SPY,395.25189208984375
2022-03-14,SPY,SPY,392.3632507324219
2022-03-15,SPY,SPY,400.9915466308594
2022-03-16,SPY,SPY,409.8831481933594
2022-03-17,SPY,SPY,415.01116943359375
2022-03-18,SPY,SPY,419.556640625
2022-03-21,SPY,SPY,419.4339904785156
2022-03-22,SPY,SPY,424.34197998046875
2022-03-23,SPY,SPY,418.8770751953125
2022-03-24,SPY,SPY,425.19146728515625
2022-03-25,SPY,SPY,427.26788330078125
2022-03-28,SPY,SPY,430.30706787109375
2022-03-29,SPY,SPY,435.6303405761719
2022-03-30,SPY,SPY,432.9404296875
2022-03-31,SPY,SPY,426.2768859863281
2022-04-01,SPY,SPY,427.4849853515625
2022-04-04,SPY,SPY,431.1470947265625
2022-04-05,SPY,SPY,425.70111083984375
2022-04-06,SPY,SPY,421.4443664550781
2022-04-07,SPY,SPY,423.56805419921875
2022-04-08,SPY,SPY,422.4354553222656
2022-04-11,SPY,SPY,415.21502685546875
2022-04-12,SPY,SPY,413.6765441894531
2022-04-13,SPY,SPY,418.41461181640625
2022-04-14,SPY,SPY,413.2046203613281
2022-04-18,SPY,SPY,413.3745422363281
2022-04-19,SPY,SPY,420.0475158691406
2022-04-20,SPY,SPY,419.73602294921875
2022-04-21,SPY,SPY,413.4595031738281
2022-04-22,SPY,SPY,402.11456298828125
2022-04-25,SPY,SPY,404.4458312988281
2022-04-26,SPY,SPY,392.7326965332031
2022-04-27,SPY,SPY,393.83697509765625
2022-04-28,SPY,SPY,403.78515625
2022-04-29,SPY,SPY,388.86297607421875
2022-05-02,SPY,SPY,391.2037353515625
2022-05-03,SPY,SPY,392.9970703125
2022-05-04,SPY,SPY,404.96490478515625
2022-05-05,SPY,SPY,390.57135009765625
2022-05-06,SPY,SPY,388.24005126953125
2022-05-09,SPY,SPY,375.8096618652344
2022-05-10,SPY,SPY,376.67791748046875
2022-05-11,SPY,SPY,370.69403076171875
2022-05-12,SPY,SPY,370.30706787109375
2022-05-13,SPY,SPY,379.1602783203125
2022-05-16,SPY,SPY,377.6217956542969
2022-05-17,SPY,SPY,385.3896179199219
2022-05-18,SPY,SPY,369.85394287109375
2022-05-19,SPY,SPY,367.58880615234375
2022-05-20,SPY,SPY,367.7492370605469
2022-05-23,SPY,SPY,374.62982177734375
2022-05-24,SPY,SPY,371.77001953125
2022-05-25,SPY,SPY,375.0545654296875
2022-05-26,SPY,SPY,382.5486755371094
2022-05-27,SPY,SPY,391.9398498535156
2022-05-31,SPY,SPY,389.74072265625
2022-06-01,SPY,SPY,386.5883483886719
2022-06-02,SPY,SPY,393.95025634765625
2022-06-03,SPY,SPY,387.48492431640625
2022-06-06,SPY,SPY,388.664794921875
2022-06-07,SPY,SPY,392.3929138183594
2022-06-08,SPY,SPY,388.1268310546875
2022-06-09,SPY,SPY,378.8960266113281
2022-06-10,SPY,SPY,367.90966796875
2022-06-13,SPY,SPY,353.9407958984375
2022-06-14,SPY,SPY,352.874267578125
2022-06-15,SPY,SPY,357.90496826171875
2022-06-16,SPY,SPY,346.05975341796875
2022-06-17,SPY,SPY,346.8057556152344
2022-06-21,SPY,SPY,355.5361022949219
2022-06-22,SPY,SPY,354.8915100097656
2022-06-23,SPY,SPY,358.3703308105469
2022-06-24,SPY,SPY,369.76434326171875
2022-06-27,SPY,SPY,368.35198974609375
2022-06-28,SPY,SPY,360.8254089355469
2022-06-29,SPY,SPY,360.5316467285156
2022-06-30,SPY,SPY,357.6025085449219
2022-07-01,SPY,SPY,361.3847351074219
2022-07-05,SPY,SPY,362.0672302246094
2022-07-06,SPY,SPY,363.2900695800781
2022-07-07,SPY,SPY,368.7311706542969
2022-07-08,SPY,SPY,368.4278259277344
2022-07-11,SPY,SPY,364.21905517578125
2022-07-12,SPY,SPY,360.99615478515625
2022-07-13,SPY,SPY,359.1002502441406
2022-07-14,SPY,SPY,358.2281799316406
2022-07-15,SPY,SPY,365.0721740722656
2022-07-18,SPY,SPY,362.05780029296875
2022-07-19,SPY,SPY,371.8403015136719
2022-07-20,SPY,SPY,374.21002197265625
2022-07-21,SPY,SPY,378.02069091796875
2022-07-22,SPY,SPY,374.5133972167969
2022-07-25,SPY,SPY,374.968505859375
2022-07-26,SPY,SPY,370.53216552734375
2022-07-27,SPY,SPY,380.1535339355469
2022-07-28,SPY,SPY,384.9216003417969
2022-07-29,SPY,SPY,390.5332946777344
2022-08-01,SPY,SPY,389.37677001953125
2022-08-02,SPY,SPY,386.8079833984375
2022-08-03,SPY,SPY,392.8651123046875
2022-08-04,SPY,SPY,392.59979248046875
2022-08-05,SPY,SPY,391.93621826171875
2022-08-08,SPY,SPY,391.48126220703125
2022-08-09,SPY,SPY,389.92657470703125
2022-08-10,SPY,SPY,398.1166076660156
2022-08-11,SPY,SPY,398.1166076660156
2022-08-12,SPY,SPY,404.8563537597656
2022-08-15,SPY,SPY,406.524658203125
2022-08-16,SPY,SPY,407.3209228515625
2022-08-17,SPY,SPY,404.4296875
2022-08-18,SPY,SPY,405.605224609375
2022-08-19,SPY,SPY,400.1546325683594
2022-08-22,SPY,SPY,391.8224182128906
2022-08-23,SPY,SPY,390.87457275390625
2022-08-24,SPY,SPY,392.1257629394531
2022-08-25,SPY,SPY,397.66162109375
2022-08-26,SPY,SPY,384.201171875
2022-08-29,SPY,SPY,381.6607971191406
2022-08-30,SPY,SPY,377.4709167480469
2022-08-31,SPY,SPY,374.5987854003906
2022-09-01,SPY,SPY,375.7741394042969
2022-09-02,SPY,SPY,371.8117980957031
2022-09-06,SPY,SPY,370.40899658203125
2022-09-07,SPY,SPY,377.0633239746094
2022-09-08,SPY,SPY,379.52789306640625
2022-09-09,SPY,SPY,385.4239501953125
2022-09-12,SPY,SPY,389.5664367675781
2022-09-13,SPY,SPY,372.6271057128906
2022-09-14,SPY,SPY,374.0489807128906
2022-09-15,SPY,SPY,369.80230712890625
2022-09-16,SPY,SPY,366.9810791015625
2022-09-19,SPY,SPY,369.8270263671875
2022-09-20,SPY,SPY,365.5819091796875
2022-09-21,SPY,SPY,359.204833984375
2022-09-22,SPY,SPY,356.18743896484375
2022-09-23,SPY,SPY,350.21966552734375
2022-09-26,SPY,SPY,346.75506591796875
2022-09-27,SPY,SPY,345.86993408203125
2022-09-28,SPY,SPY,352.6753234863281
2022-09-29,SPY,SPY,345.3083190917969
2022-09-30,SPY,SPY,339.9685974121094
2022-10-03,SPY,SPY,348.9442443847656
2022-10-04,SPY,SPY,359.7568359375
2022-10-05,SPY,SPY,358.91925048828125
2022-10-06,SPY,SPY,355.2167053222656
2022-10-07,SPY,SPY,345.3083190917969
2022-10-10,SPY,SPY,342.67181396484375
2022-10-11,SPY,SPY,340.5015869140625
2022-10-12,SPY,SPY,339.3785705566406
2022-10-13,SPY,SPY,348.3351135253906
2022-10-14,SPY,SPY,340.3969421386719
2022-10-17,SPY,SPY,349.14410400390625
2022-10-18,SPY,SPY,353.24639892578125
2022-10-19,SPY,SPY,350.7431335449219
2022-10-20,SPY,SPY,347.802001953125
2022-10-21,SPY,SPY,356.254150390625
2022-10-24,SPY,SPY,360.61346435546875
2022-10-25,SPY,SPY,366.3719787597656
2022-10-26,SPY,SPY,363.61163330078125
2022-10-27,SPY,SPY,361.6700134277344
2022-10-28,SPY,SPY,370.27435302734375
2022-10-31,SPY,SPY,367.5997009277344
2022-11-01,SPY,SPY,365.9911804199219
2022-11-02,SPY,SPY,356.80621337890625
2022-11-03,SPY,SPY,353.1322326660156
2022-11-04,SPY,SPY,358.2148742675781
2022-11-07,SPY,SPY,361.64141845703125
2022-11-08,SPY,SPY,363.5926208496094
2022-11-09,SPY,SPY,356.10186767578125
2022-11-10,SPY,SPY,375.6711730957031
2022-11-11,SPY,SPY,379.30706787109375
2022-11-14,SPY,SPY,376.08038330078125
2022-11-15,SPY,SPY,379.2879638671875
2022-11-16,SPY,SPY,376.3945007324219
2022-11-17,SPY,SPY,375.2428283691406
2022-11-18,SPY,SPY,376.94659423828125
2022-11-21,SPY,SPY,375.5759582519531
2022-11-22,SPY,SPY,380.63006591796875
2022-11-23,SPY,SPY,383.0286865234375
2022-11-25,SPY,SPY,382.9430236816406
2022-11-28,SPY,SPY,376.8323974609375
2022-11-29,SPY,SPY,376.18505859375
2022-11-30,SPY,SPY,388.03515625
2022-12-01,SPY,SPY,387.7496643066406
2022-12-02,SPY,SPY,387.3022766113281
2022-12-05,SPY,SPY,380.3350830078125
2022-12-06,SPY,SPY,374.85260009765625
2022-12-07,SPY,SPY,374.21490478515625
2022-12-08,SPY,SPY,377.14642333984375
2022-12-09,SPY,SPY,374.3290710449219
2022-12-12,SPY,SPY,379.72589111328125
2022-12-13,SPY,SPY,382.6003723144531
2022-12-14,SPY,SPY,380.15411376953125
2022-12-15,SPY,SPY,370.85498046875
2022-12-16,SPY,SPY,366.47662353515625
2022-12-19,SPY,SPY,363.3689880371094
2022-12-20,SPY,SPY,363.8662414550781
2022-12-21,SPY,SPY,369.3069763183594
2022-12-22,SPY,SPY,364.038330078125
2022-12-23,SPY,SPY,366.1324157714844
2022-12-27,SPY,SPY,364.68853759765625
2022-12-28,SPY,SPY,360.1562194824219
2022-12-29,SPY,SPY,366.63916015625
2022-12-30,SPY,SPY,365.67340087890625
2023-01-03,SPY,SPY,364.134033203125
2023-01-04,SPY,SPY,366.94512939453125
2023-01-05,SPY,SPY,362.75701904296875
2023-01-06,SPY,SPY,371.0758361816406
2023-01-09,SPY,SPY,370.86553955078125
2023-01-10,SPY,SPY,373.46630859375
2023-01-11,SPY,SPY,378.18988037109375
2023-01-12,SPY,SPY,379.5667724609375
2023-01-13,SPY,SPY,381.03924560546875
2023-01-17,SPY,SPY,380.3412780761719
2023-01-18,SPY,SPY,374.33642578125
2023-01-19,SPY,SPY,371.611328125
2023-01-20,SPY,SPY,378.5341491699219
2023-01-23,SPY,SPY,383.075927734375
2023-01-24,SPY,SPY,382.664794921875
2023-01-25,SPY,SPY,382.80816650390625
2023-01-26,SPY,SPY,387.0154724121094
2023-01-27,SPY,SPY,387.9046630859375
2023-01-30,SPY,SPY,383.0376892089844
2023-01-31,SPY,SPY,388.66961669921875
2023-02-01,SPY,SPY,392.8003234863281
2023-02-02,SPY,SPY,398.518310546875
2023-02-03,SPY,SPY,394.2824401855469
2023-02-06,SPY,SPY,391.8728332519531
2023-02-07,SPY,SPY,396.9980163574219
2023-02-08,SPY,SPY,392.65692138671875
2023-02-09,SPY,SPY,389.25286865234375
2023-02-10,SPY,SPY,390.1612854003906
2023-02-13,SPY,SPY,394.74139404296875
2023-02-14,SPY,SPY,394.55975341796875
2023-02-15,SPY,SPY,395.84100341796875
2023-02-16,SPY,SPY,390.3908386230469
2023-02-17,SPY,SPY,389.4154357910156
2023-02-21,SPY,SPY,381.6034851074219
2023-02-22,SPY,SPY,381.0775451660156
2023-02-23,SPY,SPY,383.1046447753906
2023-02-24,SPY,SPY,379.0121765136719
2023-02-27,SPY,SPY,380.3030700683594
2023-02-28,SPY,SPY,378.8974609375
2023-03-01,SPY,SPY,377.4440612792969
2023-03-02,SPY,SPY,380.3795166015625
2023-03-03,SPY,SPY,386.4799499511719
2023-03-06,SPY,SPY,386.747802734375
2023-03-07,SPY,SPY,380.8193664550781
2023-03-08,SPY,SPY,381.44091796875
2023-03-09,SPY,SPY,374.4033508300781
2023-03-10,SPY,SPY,369.0008544921875
2023-03-13,SPY,SPY,368.4750061035156
2023-03-14,SPY,SPY,374.5659484863281
2023-03-15,SPY,SPY,372.22332763671875
2023-03-16,SPY,SPY,378.7540283203125
2023-03-17,SPY,SPY,374.3254089355469
2023-03-20,SPY,SPY,377.9246826171875
2023-03-21,SPY,SPY,382.8870849609375
2023-03-22,SPY,SPY,376.3602294921875
2023-03-23,SPY,SPY,377.3776550292969
2023-03-24,SPY,SPY,379.8540344238281
2023-03-27,SPY,SPY,380.5642395019531
2023-03-28,SPY,SPY,379.7100830078125
2023-03-29,SPY,SPY,385.2290344238281
2023-03-30,SPY,SPY,387.4847106933594
2023-03-31,SPY,SPY,392.9460754394531
2023-04-03,SPY,SPY,394.4434814453125
2023-04-04,SPY,SPY,392.25506591796875
2023-04-05,SPY,SPY,391.22802734375
2023-04-06,SPY,SPY,392.7541809082031
2023-04-10,SPY,SPY,393.15728759765625
2023-04-11,SPY,SPY,393.26287841796875
2023-04-12,SPY,SPY,391.6598815917969
2023-04-13,SPY,SPY,396.86224365234375
2023-04-14,SPY,SPY,395.892822265625
2023-04-17,SPY,SPY,397.3133544921875
2023-04-18,SPY,SPY,397.57244873046875
2023-04-19,SPY,SPY,397.50531005859375
2023-04-20,SPY,SPY,395.3361511230469
2023-04-21,SPY,SPY,395.6432189941406
2023-04-24,SPY,SPY,396.0559387207031
2023-04-25,SPY,SPY,389.7690124511719
2023-04-26,SPY,SPY,388.1181640625
2023-04-27,SPY,SPY,395.8447570800781
2023-04-28,SPY,SPY,399.2234191894531
2023-05-01,SPY,SPY,398.8203430175781
2023-05-02,SPY,SPY,394.33782958984375
2023-05-03,SPY,SPY,391.6311340332031
2023-05-04,SPY,SPY,388.857177734375
2023-05-05,SPY,SPY,396.0559387207031
2023-05-08,SPY,SPY,396.1615905761719
2023-05-09,SPY,SPY,394.42431640625
2023-05-10,SPY,SPY,396.26715087890625
2023-05-11,SPY,SPY,395.5760803222656
2023-05-12,SPY,SPY,395.0577697753906
2023-05-15,SPY,SPY,396.4206848144531
2023-05-16,SPY,SPY,393.7716064453125
2023-05-17,SPY,SPY,398.5515441894531
2023-05-18,SPY,SPY,402.3908996582031
2023-05-19,SPY,SPY,401.8053894042969
2023-05-22,SPY,SPY,401.96856689453125
2023-05-23,SPY,SPY,397.45733642578125
2023-05-24,SPY,SPY,394.57781982421875
2023-05-25,SPY,SPY,397.9947509765625
2023-05-26,SPY,SPY,403.1492004394531
2023-05-30,SPY,SPY,403.302734375
2023-05-31,SPY,SPY,401.0663146972656
2023-06-01,SPY,SPY,404.87689208984375
2023-06-02,SPY,SPY,410.7318115234375
2023-06-05,SPY,SPY,409.94476318359375
2023-06-06,SPY,SPY,410.8373718261719
2023-06-07,SPY,SPY,409.41680908203125
2023-06-08,SPY,SPY,411.8932189941406
2023-06-09,SPY,SPY,412.63232421875
2023-06-12,SPY,SPY,416.3756408691406
2023-06-13,SPY,SPY,419.12078857421875
2023-06-14,SPY,SPY,419.6198425292969
2023-06-15,SPY,SPY,424.8221740722656
2023-06-16,SPY,SPY,423.3751525878906
2023-06-20,SPY,SPY,421.1785583496094
2023-06-21,SPY,SPY,419.02056884765625
2023-06-22,SPY,SPY,420.5331115722656
2023-06-23,SPY,SPY,417.3538818359375
2023-06-26,SPY,SPY,415.648681640625
2023-06-27,SPY,SPY,420.20562744140625
2023-06-28,SPY,SPY,420.41754150390625
2023-06-29,SPY,SPY,422.0744934082031
2023-06-30,SPY,SPY,427.0553283691406
2023-07-03,SPY,SPY,427.54669189453125
2023-07-05,SPY,SPY,426.9108581542969
2023-07-06,SPY,SPY,423.5678405761719
2023-07-07,SPY,SPY,422.4984130859375
2023-07-10,SPY,SPY,423.5678405761719
2023-07-11,SPY,SPY,426.265380859375
2023-07-12,SPY,SPY,429.6950378417969
2023-07-13,SPY,SPY,433.1054382324219
2023-07-14,SPY,SPY,432.8357238769531
2023-07-17,SPY,SPY,434.3385925292969
2023-07-18,SPY,SPY,437.56597900390625
2023-07-19,SPY,SPY,438.5390625
2023-07-20,SPY,SPY,435.62957763671875
2023-07-21,SPY,SPY,435.62957763671875
2023-07-24,SPY,SPY,437.57568359375
2023-07-25,SPY,SPY,438.7702331542969
2023-07-26,SPY,SPY,438.8376770019531
2023-07-27,SPY,SPY,435.9282531738281
2023-07-28,SPY,SPY,440.1961364746094
2023-07-31,SPY,SPY,441.03424072265625
2023-08-01,SPY,SPY,439.772216796875
2023-08-02,SPY,SPY,433.6546325683594
2023-08-03,SPY,SPY,432.4118347167969
2023-08-04,SPY,SPY,430.4560852050781
2023-08-07,SPY,SPY,434.2134094238281
2023-08-08,SPY,SPY,432.32513427734375
2023-08-09,SPY,SPY,429.4349060058594
2023-08-10,SPY,SPY,429.58905029296875
2023-08-11,SPY,SPY,429.3385925292969
2023-08-14,SPY,SPY,431.70855712890625
2023-08-15,SPY,SPY,426.67962646484375
2023-08-16,SPY,SPY,423.5486145019531
2023-08-17,SPY,SPY,420.3211975097656
2023-08-18,SPY,SPY,420.5234680175781
2023-08-21,SPY,SPY,423.25958251953125
2023-08-22,SPY,SPY,422.1130676269531
2023-08-23,SPY,SPY,426.814453125
2023-08-24,SPY,SPY,420.8992919921875
2023-08-25,SPY,SPY,423.8664855957031
2023-08-28,SPY,SPY,426.5544128417969
2023-08-29,SPY,SPY,432.7201232910156
2023-08-30,SPY,SPY,434.50238037109375
2023-08-31,SPY,SPY,433.8665466308594
2023-09-01,SPY,SPY,434.67584228515625
2023-09-05,SPY,SPY,432.7972412109375
2023-09-06,SPY,SPY,429.8876953125
2023-09-07,SPY,SPY,428.56787109375
2023-09-08,SPY,SPY,429.21331787109375
2023-09-11,SPY,SPY,432.0361328125
2023-09-12,SPY,SPY,429.6661071777344
2023-09-13,SPY,SPY,430.16705322265625
2023-09-14,SPY,SPY,433.87615966796875
2023-09-15,SPY,SPY,428.6487731933594
2023-09-18,SPY,SPY,428.9001159667969
2023-09-19,SPY,SPY,428.0106506347656
2023-09-20,SPY,SPY,424.0757751464844
2023-09-21,SPY,SPY,417.0664978027344
2023-09-22,SPY,SPY,416.12872314453125
2023-09-25,SPY,SPY,417.87860107421875
2023-09-26,SPY,SPY,411.7394104003906
2023-09-27,SPY,SPY,411.9037780761719
2023-09-28,SPY,SPY,414.29180908203125
2023-09-29,SPY,SPY,413.2862854003906
2023-10-02,SPY,SPY,413.1219482421875
2023-10-03,SPY,SPY,407.5919189453125
2023-10-04,SPY,SPY,410.5599365234375
2023-10-05,SPY,SPY,410.4052734375
2023-10-06,SPY,SPY,415.2779235839844
2023-10-09,SPY,SPY,417.9366149902344
2023-10-10,SPY,SPY,420.1119079589844
2023-10-11,SPY,SPY,421.8327941894531
2023-10-12,SPY,SPY,419.2611389160156
2023-10-13,SPY,SPY,417.1728210449219
2023-10-16,SPY,SPY,421.56207275390625
2023-10-17,SPY,SPY,421.5426940917969
2023-10-18,SPY,SPY,415.9256591796875
2023-10-19,SPY,SPY,412.2711486816406
2023-10-20,SPY,SPY,407.2052001953125
2023-10-23,SPY,SPY,406.4994201660156
2023-10-24,SPY,SPY,409.5641174316406
2023-10-25,SPY,SPY,403.6860046386719
2023-10-26,SPY,SPY,398.8520202636719
2023-10-27,SPY,SPY,397.0440979003906
2023-10-30,SPY,SPY,401.79107666015625
2023-10-31,SPY,SPY,404.3144836425781
2023-11-01,SPY,SPY,408.6263732910156
2023-11-02,SPY,SPY,416.4574279785156
2023-11-03,SPY,SPY,420.25689697265625
2023-11-06,SPY,SPY,421.2237243652344
2023-11-07,SPY,SPY,422.4225158691406
2023-11-08,SPY,SPY,422.73187255859375
2023-11-09,SPY,SPY,419.43511962890625
2023-11-10,SPY,SPY,425.9803161621094
2023-11-13,SPY,SPY,425.5743408203125
2023-11-14,SPY,SPY,433.83074951171875
2023-11-15,SPY,SPY,434.74920654296875
2023-11-16,SPY,SPY,435.28094482421875
2023-11-17,SPY,SPY,435.8223571777344
2023-11-20,SPY,SPY,439.1771240234375
2023-11-21,SPY,SPY,438.219970703125
2023-11-22,SPY,SPY,439.91192626953125
2023-11-24,SPY,SPY,440.1826171875
2023-11-27,SPY,SPY,439.3898010253906
2023-11-28,SPY,SPY,439.82489013671875
2023-11-29,SPY,SPY,439.5155029296875
2023-11-30,SPY,SPY,441.24609375
2023-12-01,SPY,SPY,443.8564758300781
2023-12-04,SPY,SPY,441.5264587402344
2023-12-05,SPY,SPY,441.43951416015625
2023-12-06,SPY,SPY,439.6605224609375
2023-12-07,SPY,SPY,443.0153503417969
2023-12-08,SPY,SPY,444.919921875
2023-12-11,SPY,SPY,446.6504821777344
2023-12-12,SPY,SPY,448.6903991699219
2023-12-13,SPY,SPY,454.8778991699219
2023-12-14,SPY,SPY,456.3377990722656
2023-12-15,SPY,SPY,455.58648681640625
2023-12-18,SPY,SPY,458.1491394042969
2023-12-19,SPY,SPY,460.9350891113281
2023-12-20,SPY,SPY,454.5478210449219
2023-12-21,SPY,SPY,458.8577575683594
2023-12-22,SPY,SPY,459.7798767089844
2023-12-26,SPY,SPY,461.7213439941406
2023-12-27,SPY,SPY,462.5561828613281
2023-12-28,SPY,SPY,462.73095703125
2023-12-29,SPY,SPY,461.3913269042969
2024-01-02,SPY,SPY,458.8092041015625
2024-01-03,SPY,SPY,455.062255859375
2024-01-04,SPY,SPY,453.5964050292969
2024-01-05,SPY,SPY,454.2176818847656
2024-01-08,SPY,SPY,460.7021179199219
2024-01-09,SPY,SPY,460.0032043457031
2024-01-10,SPY,SPY,462.604736328125
2024-01-11,SPY,SPY,462.40093994140625
2024-01-12,SPY,SPY,462.72125244140625
2024-01-16,SPY,SPY,461.0224304199219
2024-01-17,SPY,SPY,458.45977783203125
2024-01-18,SPY,SPY,462.5367126464844
2024-01-19,SPY,SPY,468.3028259277344
2024-01-22,SPY,SPY,469.29296875
2024-01-23,SPY,SPY,470.66162109375
2024-01-24,SPY,SPY,471.1761474609375
2024-01-25,SPY,SPY,473.7388610839844
2024-01-26,SPY,SPY,473.13702392578125
2024-01-29,SPY,SPY,476.88397216796875
2024-01-30,SPY,SPY,476.51507568359375
2024-01-31,SPY,SPY,468.7396545410156
2024-02-01,SPY,SPY,474.87457275390625
2024-02-02,SPY,SPY,479.873779296875
2024-02-05,SPY,SPY,478.1264343261719
2024-02-06,SPY,SPY,479.5146179199219
2024-02-07,SPY,SPY,483.5139465332031
2024-02-08,SPY,SPY,483.7275085449219
2024-02-09,SPY,SPY,486.52325439453125
2024-02-12,SPY,SPY,486.3096008300781
2024-02-13,SPY,SPY,479.61163330078125
2024-02-14,SPY,SPY,483.9701843261719
2024-02-15,SPY,SPY,487.3095397949219
2024-02-16,SPY,SPY,484.8826904296875
2024-02-20,SPY,SPY,482.2132263183594
2024-02-21,SPY,SPY,482.6500244140625
2024-02-22,SPY,SPY,492.6386413574219
2024-02-23,SPY,SPY,492.97845458984375
2024-02-26,SPY,SPY,491.1728515625
2024-02-27,SPY,SPY,492.0853271484375
2024-02-28,SPY,SPY,491.4349365234375
2024-02-29,SPY,SPY,493.20172119140625
2024-03-01,SPY,SPY,497.83203125
2024-03-04,SPY,SPY,497.2981262207031
2024-03-05,SPY,SPY,492.3280334472656
2024-03-06,SPY,SPY,494.8228454589844
2024-03-07,SPY,SPY,499.7345886230469
2024-03-08,SPY,SPY,496.7351379394531
2024-03-11,SPY,SPY,496.3079833984375
2024-03-12,SPY,SPY,501.6470031738281
2024-03-13,SPY,SPY,500.8606872558594
2024-03-14,SPY,SPY,499.8705139160156
2024-03-15,SPY,SPY,496.4381103515625
2024-03-18,SPY,SPY,499.3885498046875
2024-03-19,SPY,SPY,502.1636657714844
2024-03-20,SPY,SPY,506.808349609375
2024-03-21,SPY,SPY,508.4831848144531
2024-03-22,SPY,SPY,507.5191345214844
2024-03-25,SPY,SPY,506.1170654296875
2024-03-26,SPY,SPY,505.1822509765625
2024-03-27,SPY,SPY,509.42767333984375
2024-03-28,SPY,SPY,509.33038330078125
2024-04-01,SPY,SPY,508.4442138671875
2024-04-02,SPY,SPY,505.2115478515625
2024-04-03,SPY,SPY,505.7664794921875
2024-04-04,SPY,SPY,499.5930480957031
2024-04-05,SPY,SPY,504.81219482421875
2024-04-08,SPY,SPY,505.0946044921875
2024-04-09,SPY,SPY,505.6788635253906
2024-04-10,SPY,SPY,500.6153869628906
2024-04-11,SPY,SPY,504.3935546875
2024-04-12,SPY,SPY,497.4313659667969
2024-04-15,SPY,SPY,491.19940185546875
2024-04-16,SPY,SPY,490.3035888671875
2024-04-17,SPY,SPY,487.40185546875
2024-04-18,SPY,SPY,486.3989562988281
2024-04-19,SPY,SPY,482.15350341796875
2024-04-22,SPY,SPY,486.5937194824219
2024-04-23,SPY,SPY,492.367919921875
2024-04-24,SPY,SPY,492.13421630859375
2024-04-25,SPY,SPY,490.2646484375
2024-04-26,SPY,SPY,494.90936279296875
2024-04-29,SPY,SPY,496.6620788574219
2024-04-30,SPY,SPY,488.79437255859375
2024-05-01,SPY,SPY,487.2071533203125
2024-05-02,SPY,SPY,491.7641906738281
2024-05-03,SPY,SPY,497.8598327636719
2024-05-06,SPY,SPY,503.0010681152344
2024-05-07,SPY,SPY,503.55621337890625
2024-05-08,SPY,SPY,503.604736328125
2024-05-09,SPY,SPY,506.5064392089844
2024-05-10,SPY,SPY,507.158935546875
2024-05-13,SPY,SPY,507.22705078125
2024-05-14,SPY,SPY,509.55438232421875
2024-05-15,SPY,SPY,515.8641967773438
2024-05-16,SPY,SPY,514.802734375
2024-05-17,SPY,SPY,515.542724609375
2024-05-20,SPY,SPY,516.13671875
2024-05-21,SPY,SPY,517.402587890625
2024-05-22,SPY,SPY,515.912841796875
2024-05-23,SPY,SPY,512.1444702148438
2024-05-24,SPY,SPY,515.5330810546875
2024-05-28,SPY,SPY,515.893310546875
2024-05-29,SPY,SPY,512.2806396484375
2024-05-30,SPY,SPY,508.8824768066406
2024-05-31,SPY,SPY,513.5173950195312
2024-06-03,SPY,SPY,513.9360961914062
2024-06-04,SPY,SPY,514.5106201171875
2024-06-05,SPY,SPY,520.6256713867188
2024-06-06,SPY,SPY,520.6158447265625
2024-06-07,SPY,SPY,519.9829711914062
2024-06-10,SPY,SPY,521.5895385742188
2024-06-11,SPY,SPY,522.8457641601562
2024-06-12,SPY,SPY,527.1400146484375
2024-06-13,SPY,SPY,528.2012939453125
2024-06-14,SPY,SPY,528.522705078125
2024-06-17,SPY,SPY,532.729248046875
2024-06-18,SPY,SPY,534.0825805664062
2024-06-20,SPY,SPY,532.6317749023438
2024-06-21,SPY,SPY,531.9176635742188
2024-06-24,SPY,SPY,530.1886596679688
2024-06-25,SPY,SPY,532.230224609375
2024-06-26,SPY,SPY,532.8946533203125
2024-06-27,SPY,SPY,533.734619140625
2024-06-28,SPY,SPY,531.6343383789062
2024-07-01,SPY,SPY,532.7285766601562
2024-07-02,SPY,SPY,536.3135986328125
2024-07-03,SPY,SPY,538.7069702148438
2024-07-05,SPY,SPY,541.8134155273438
2024-07-08,SPY,SPY,542.4386596679688
2024-07-09,SPY,SPY,542.9661865234375
2024-07-10,SPY,SPY,548.3389892578125
2024-07-11,SPY,SPY,543.61083984375
2024-07-12,SPY,SPY,547.0397338867188
2024-07-15,SPY,SPY,548.5441284179688
2024-07-16,SPY,SPY,551.7970581054688
2024-07-17,SPY,SPY,544.0602416992188
2024-07-18,SPY,SPY,539.8792114257812
2024-07-19,SPY,SPY,536.2940063476562
2024-07-22,SPY,SPY,541.8232421875
2024-07-23,SPY,SPY,540.9733276367188
2024-07-24,SPY,SPY,528.7134399414062
2024-07-25,SPY,SPY,525.9586791992188
2024-07-26,SPY,SPY,531.8493041992188
2024-07-29,SPY,SPY,532.1619262695312
2024-07-30,SPY,SPY,529.4658203125
2024-07-31,SPY,SPY,538.0718994140625
2024-08-01,SPY,SPY,530.4523315429688
2024-08-02,SPY,SPY,520.5762329101562
2024-08-05,SPY,SPY,505.4151306152344
2024-08-06,SPY,SPY,510.07476806640625
2024-08-07,SPY,SPY,506.6654968261719
2024-08-08,SPY,SPY,518.3782958984375
2024-08-09,SPY,SPY,520.6641235351562
2024-08-12,SPY,SPY,520.9376220703125
2024-08-13,SPY,SPY,529.5048828125
2024-08-14,SPY,SPY,531.1752319335938
2024-08-15,SPY,SPY,540.2796630859375
2024-08-16,SPY,SPY,541.4910278320312
2024-08-19,SPY,SPY,546.6685180664062
2024-08-20,SPY,SPY,545.7794799804688
2024-08-21,SPY,SPY,547.6551513671875
2024-08-22,SPY,SPY,543.3568115234375
2024-08-23,SPY,SPY,549.1301879882812
2024-08-26,SPY,SPY,547.8211669921875
2024-08-27,SPY,SPY,548.5734252929688
2024-08-28,SPY,SPY,545.3887939453125
2024-08-29,SPY,SPY,545.4376220703125
2024-08-30,SPY,SPY,550.6444091796875
2024-09-03,SPY,SPY,539.3126220703125
2024-09-04,SPY,SPY,538.2086791992188
2024-09-05,SPY,SPY,536.899658203125
2024-09-06,SPY,SPY,527.8636474609375
2024-09-09,SPY,SPY,533.773681640625
2024-09-10,SPY,SPY,536.0987548828125
2024-09-11,SPY,SPY,541.5984497070312
2024-09-12,SPY,SPY,546.1605224609375
2024-09-13,SPY,SPY,549.012939453125
2024-09-16,SPY,SPY,549.8238525390625
2024-09-17,SPY,SPY,550.0484008789062
2024-09-18,SPY,SPY,548.4170532226562
2024-09-19,SPY,SPY,557.775634765625
2024-09-20,SPY,SPY,556.811279296875
2024-09-23,SPY,SPY,558.2027587890625
2024-09-24,SPY,SPY,559.7999877929688
2024-09-25,SPY,SPY,558.565185546875
2024-09-26,SPY,SPY,560.7798461914062
2024-09-27,SPY,SPY,559.966552734375
2024-09-30,SPY,SPY,562.2103881835938
2024-10-01,SPY,SPY,557.1738891601562
2024-10-02,SPY,SPY,557.4089965820312
2024-10-03,SPY,SPY,556.3900146484375
2024-10-04,SPY,SPY,561.4461059570312
2024-10-07,SPY,SPY,556.370361328125
2024-10-08,SPY,SPY,561.63232421875
2024-10-09,SPY,SPY,565.5225219726562
2024-10-10,SPY,SPY,564.5327758789062
2024-10-11,SPY,SPY,567.9132690429688
2024-10-14,SPY,SPY,572.5579223632812
2024-10-15,SPY,SPY,568.1092529296875
2024-10-16,SPY,SPY,570.57861328125
2024-10-17,SPY,SPY,570.62744140625
2024-10-18,SPY,SPY,572.8223876953125
2024-10-21,SPY,SPY,571.8817749023438
2024-10-22,SPY,SPY,571.5780029296875
2024-10-23,SPY,SPY,566.355224609375
2024-10-24,SPY,SPY,567.5801391601562
2024-10-25,SPY,SPY,567.3840942382812
2024-10-28,SPY,SPY,569.1381225585938
2024-10-29,SPY,SPY,570.0592041015625
2024-10-30,SPY,SPY,568.3346557617188
2024-10-31,SPY,SPY,557.1934814453125
2024-11-01,SPY,SPY,559.545166015625
2024-11-04,SPY,SPY,558.3399047851562
2024-11-05,SPY,SPY,565.0912475585938
2024-11-06,SPY,SPY,579.1425170898438
2024-11-07,SPY,SPY,583.6205444335938
2024-11-08,SPY,SPY,586.1486206054688
2024-11-11,SPY,SPY,586.7072143554688
2024-11-12,SPY,SPY,584.8846435546875
2024-11-13,SPY,SPY,585.1688232421875
2024-11-14,SPY,SPY,581.4061279296875
2024-11-15,SPY,SPY,573.9591064453125
2024-11-18,SPY,SPY,576.310791015625
2024-11-19,SPY,SPY,578.4175415039062
2024-11-20,SPY,SPY,578.6134643554688
2024-11-21,SPY,SPY,581.7196044921875
2024-11-22,SPY,SPY,583.5226440429688
2024-11-25,SPY,SPY,585.501953125
2024-11-26,SPY,SPY,588.5591430664062
2024-11-27,SPY,SPY,586.7758178710938
2024-11-29,SPY,SPY,590.4208984375
2024-12-02,SPY,SPY,591.4791259765625
2024-12-03,SPY,SPY,591.7534790039062
2024-12-04,SPY,SPY,595.427978515625
2024-12-05,SPY,SPY,594.4481201171875
2024-12-06,SPY,SPY,595.5750732421875
2024-12-09,SPY,SPY,592.5079956054688
2024-12-10,SPY,SPY,590.6658935546875
2024-12-11,SPY,SPY,595.2320556640625
2024-12-12,SPY,SPY,592.1651000976562
2024-12-13,SPY,SPY,592.0474853515625
2024-12-16,SPY,SPY,594.5755615234375
2024-12-17,SPY,SPY,592.1259155273438
2024-12-18,SPY,SPY,574.478515625
2024-12-19,SPY,SPY,574.302001953125
2024-12-20,SPY,SPY,581.199951171875
2024-12-23,SPY,SPY,584.680419921875
2024-12-24,SPY,SPY,591.1790771484375
2024-12-26,SPY,SPY,591.2184448242188
2024-12-27,SPY,SPY,584.9949340820312
2024-12-30,SPY,SPY,578.3193359375
2024-12-31,SPY,SPY,576.2152709960938
2025-01-02,SPY,SPY,574.799560546875
2025-01-03,SPY,SPY,581.9865112304688
2025-01-06,SPY,SPY,585.3390502929688
2025-01-07,SPY,SPY,578.7222900390625
2025-01-08,SPY,SPY,579.56787109375
2025-01-10,SPY,SPY,570.7193603515625
2025-01-13,SPY,SPY,571.604248046875
2025-01-14,SPY,SPY,572.3908081054688
2025-01-15,SPY,SPY,582.8025512695312
2025-01-16,SPY,SPY,581.6817626953125
2025-01-17,SPY,SPY,587.5217895507812
2025-01-21,SPY,SPY,592.8995971679688
2025-01-22,SPY,SPY,596.2326049804688
2025-01-23,SPY,SPY,599.48681640625
2025-01-24,SPY,SPY,597.73681640625
2025-01-27,SPY,SPY,589.2816162109375
2025-01-28,SPY,SPY,594.3449096679688
2025-01-29,SPY,SPY,591.6806030273438
2025-01-30,SPY,SPY,594.8561401367188
2025-01-31,SPY,SPY,591.6903076171875
2025-02-03,SPY,SPY,587.70849609375
2025-02-04,SPY,SPY,591.6510620117188
2025-02-05,SPY,SPY,594.0499877929688
2025-02-06,SPY,SPY,596.1146240234375
2025-02-07,SPY,SPY,590.6580200195312
2025-02-10,SPY,SPY,594.6693725585938
2025-02-11,SPY,SPY,595.1216430664062
2025-02-12,SPY,SPY,593.2044067382812
2025-02-13,SPY,SPY,599.4671630859375
2025-02-14,SPY,SPY,599.4378051757812
2025-02-18,SPY,SPY,601.1975708007812
2025-02-19,SPY,SPY,602.6134033203125
2025-02-20,SPY,SPY,600.1062622070312
2025-02-21,SPY,SPY,589.8419799804688
2025-02-24,SPY,SPY,587.157958984375
2025-02-25,SPY,SPY,584.2379150390625
2025-02-26,SPY,SPY,584.5328369140625
2025-02-27,SPY,SPY,575.2025756835938
2025-02-28,SPY,SPY,584.178955078125
2025-03-03,SPY,SPY,573.9442138671875
2025-03-04,SPY,SPY,567.150390625
2025-03-05,SPY,SPY,573.2460327148438
2025-03-06,SPY,SPY,563.0703125
2025-03-07,SPY,SPY,566.2261962890625
2025-03-10,SPY,SPY,551.1444702148438
2025-03-11,SPY,SPY,546.5629272460938
2025-03-12,SPY,SPY,549.4631958007812
2025-03-13,SPY,SPY,542.138671875
2025-03-14,SPY,SPY,553.3369750976562
2025-03-17,SPY,SPY,557.6038818359375
2025-03-18,SPY,SPY,551.5770874023438
2025-03-19,SPY,SPY,557.584228515625
2025-03-20,SPY,SPY,555.9718627929688
2025-03-21,SPY,SPY,556.1552734375
2025-03-24,SPY,SPY,566.1151123046875
2025-03-25,SPY,SPY,567.47607421875
2025-03-26,SPY,SPY,560.7012939453125
2025-03-27,SPY,SPY,559.212158203125
2025-03-28,SPY,SPY,547.95068359375
2025-03-31,SPY,SPY,551.6289672851562
2025-04-01,SPY,SPY,553.18701171875
2025-04-02,SPY,SPY,556.687744140625
2025-04-03,SPY,SPY,529.2537841796875
2025-04-04,SPY,SPY,498.26971435546875
2025-04-07,SPY,SPY,497.3821716308594
2025-04-08,SPY,SPY,489.591796875
2025-04-09,SPY,SPY,541.0084228515625
2025-04-10,SPY,SPY,517.3019409179688
2025-04-11,SPY,SPY,526.5321044921875
2025-04-14,SPY,SPY,531.6401977539062
2025-04-15,SPY,SPY,530.151123046875
2025-04-16,SPY,SPY,518.366943359375
2025-04-17,SPY,SPY,519.1065063476562
2025-04-21,SPY,SPY,506.7503662109375
2025-04-22,SPY,SPY,519.9349365234375
2025-04-23,SPY,SPY,527.991455078125
2025-04-24,SPY,SPY,539.1051635742188
2025-04-25,SPY,SPY,543.0003662109375
2025-04-28,SPY,SPY,543.2074584960938
2025-04-29,SPY,SPY,546.6293334960938
2025-04-30,SPY,SPY,546.8462524414062
2025-05-01,SPY,SPY,550.7216796875
2025-05-02,SPY,SPY,558.896728515625
2025-05-05,SPY,SPY,555.6917724609375
2025-05-06,SPY,SPY,551.0471801757812
2025-05-07,SPY,SPY,553.3645629882812
2025-05-08,SPY,SPY,557.2203369140625
2025-05-09,SPY,SPY,556.5103149414062
2025-05-12,SPY,SPY,574.9015502929688
2025-05-13,SPY,SPY,578.6980590820312
2025-05-14,SPY,SPY,579.4376831054688
2025-05-15,SPY,SPY,582.267822265625
2025-05-16,SPY,SPY,585.9559936523438
2025-05-19,SPY,SPY,586.5969848632812
2025-05-20,SPY,SPY,584.6246948242188
2025-05-21,SPY,SPY,574.7733154296875
2025-05-22,SPY,SPY,575.0001220703125
2025-05-23,SPY,SPY,571.0753784179688
2025-05-27,SPY,SPY,582.9483642578125
2025-05-28,SPY,SPY,579.57568359375
2025-05-29,SPY,SPY,581.863525390625
2025-05-30,SPY,SPY,581.2128295898438
2025-06-02,SPY,SPY,584.4866943359375
2025-06-03,SPY,SPY,587.8197631835938
2025-06-04,SPY,SPY,587.6619873046875
2025-06-05,SPY,SPY,584.8218994140625
2025-06-06,SPY,SPY,590.8274536132812
2025-06-09,SPY,SPY,591.3599243164062
2025-06-10,SPY,SPY,594.712890625
2025-06-11,SPY,SPY,593.0166625976562
2025-06-12,SPY,SPY,595.3734741210938
2025-06-13,SPY,SPY,588.7171020507812
2025-06-16,SPY,SPY,594.318359375
2025-06-17,SPY,SPY,589.2398071289062
2025-06-18,SPY,SPY,589.1510009765625
2025-06-20,SPY,SPY,587.7673950195312
2025-06-23,SPY,SPY,593.5730590820312
2025-06-24,SPY,SPY,600.13037109375
2025-06-25,SPY,SPY,600.4666748046875
2025-06-26,SPY,SPY,605.1646118164062
2025-06-27,SPY,SPY,608.1712646484375
2025-06-30,SPY,SPY,611.0791015625
2025-07-01,SPY,SPY,610.8812866210938
2025-07-02,SPY,SPY,613.6505737304688
2025-07-03,SPY,SPY,618.4869995117188
2025-07-07,SPY,SPY,613.8780517578125
2025-07-08,SPY,SPY,613.5418090820312
2025-07-09,SPY,SPY,617.2210083007812
2025-07-10,SPY,SPY,618.9617309570312
2025-07-11,SPY,SPY,616.7858276367188
2025-07-14,SPY,SPY,617.9627075195312
2025-07-15,SPY,SPY,615.3220825195312
2025-07-16,SPY,SPY,617.3792114257812
2025-07-17,SPY,SPY,621.1574096679688
2025-07-18,SPY,SPY,620.7024536132812
2025-07-21,SPY,SPY,621.87939453125
2025-07-22,SPY,SPY,621.9683837890625
2025-07-23,SPY,SPY,627.2598266601562
2025-07-24,SPY,SPY,627.4674682617188
2025-07-25,SPY,SPY,630.1181030273438
2025-07-28,SPY,SPY,629.9598999023438
2025-07-29,SPY,SPY,628.2982177734375
2025-07-30,SPY,SPY,627.507080078125
2025-07-31,SPY,SPY,625.1531982421875
2025-08-01,SPY,SPY,614.9065551757812
2025-08-04,SPY,SPY,624.2530517578125
2025-08-05,SPY,SPY,621.0880737304688
2025-08-06,SPY,SPY,625.845458984375
2025-08-07,SPY,SPY,625.3212280273438
2025-08-08,SPY,SPY,630.1972045898438
2025-08-11,SPY,SPY,628.9510498046875
2025-08-12,SPY,SPY,635.6469116210938
2025-08-13,SPY,SPY,637.82275390625
2025-08-14,SPY,SPY,637.882080078125
2025-08-15,SPY,SPY,636.388671875
2025-08-18,SPY,SPY,636.2501220703125
2025-08-19,SPY,SPY,632.7984008789062
2025-08-20,SPY,SPY,631.1170043945312
2025-08-21,SPY,SPY,628.5850830078125
2025-08-22,SPY,SPY,638.2382202148438
2025-08-25,SPY,SPY,635.42919921875
2025-08-26,SPY,SPY,638.0897827148438
2025-08-27,SPY,SPY,639.5436401367188
2025-08-28,SPY,SPY,641.8085327148438
2025-08-29,SPY,SPY,637.98095703125
2025-09-02,SPY,SPY,633.2533569335938
2025-09-03,SPY,SPY,636.685302734375
2025-09-04,SPY,SPY,642.00634765625
2025-09-05,SPY,SPY,640.14697265625
2025-09-08,SPY,SPY,641.7195434570312
2025-09-09,SPY,SPY,643.203125
2025-09-10,SPY,SPY,645.0625610351562
2025-09-11,SPY,SPY,650.4231567382812
2025-09-12,SPY,SPY,650.2055053710938
2025-09-15,SPY,SPY,653.6671142578125
2025-09-16,SPY,SPY,652.7671508789062
2025-09-17,SPY,SPY,651.9561767578125
2025-09-18,SPY,SPY,655.0023803710938
2025-09-19,SPY,SPY,658.2465209960938
2025-09-22,SPY,SPY,661.3607177734375
2025-09-23,SPY,SPY,657.7606201171875
2025-09-24,SPY,SPY,655.6678466796875
2025-09-25,SPY,SPY,652.6429443359375
2025-09-26,SPY,SPY,656.3820190429688
2025-09-29,SPY,SPY,658.2266845703125
2025-09-30,SPY,SPY,660.7061157226562
2025-10-01,SPY,SPY,662.95751953125
2025-10-02,SPY,SPY,663.7210693359375
2025-10-03,SPY,SPY,663.7112426757812
2025-10-06,SPY,SPY,666.0914916992188
2025-10-07,SPY,SPY,663.6219482421875
2025-10-08,SPY,SPY,667.5791625976562
2025-10-09,SPY,SPY,665.6452026367188
2025-10-10,SPY,SPY,647.6542358398438
2025-10-13,SPY,SPY,657.5919189453125
2025-10-14,SPY,SPY,656.78857421875
2025-10-15,SPY,SPY,659.7044677734375
2025-10-16,SPY,SPY,655.211669921875
2025-10-17,SPY,SPY,658.9308471679688
2025-10-20,SPY,SPY,665.7840576171875
2025-10-21,SPY,SPY,665.7740478515625
2025-10-22,SPY,SPY,662.3128051757812
2025-10-23,SPY,SPY,666.2402954101562
2025-10-24,SPY,SPY,671.6851806640625
2025-10-27,SPY,SPY,679.6094970703125
2025-10-28,SPY,SPY,681.41455078125
2025-10-29,SPY,SPY,681.7418212890625
2025-10-30,SPY,SPY,674.2439575195312
2025-10-31,SPY,SPY,676.4556274414062
2025-11-03,SPY,SPY,677.7251586914062
2025-11-04,SPY,SPY,669.6917114257812
2025-11-05,SPY,SPY,672.012451171875
2025-11-06,SPY,SPY,664.8021850585938
2025-11-07,SPY,SPY,665.4567260742188
2025-11-10,SPY,SPY,675.8407592773438
2025-11-11,SPY,SPY,677.3878784179688
2025-11-12,SPY,SPY,677.7647705078125
2025-11-13,SPY,SPY,666.5179443359375
2025-11-14,SPY,SPY,666.408935546875
2025-11-17,SPY,SPY,660.2003173828125
2025-11-18,SPY,SPY,654.6563110351562
2025-11-19,SPY,SPY,657.1853637695312
2025-11-20,SPY,SPY,647.1683349609375
2025-11-21,SPY,SPY,653.6149291992188
2025-11-24,SPY,SPY,663.235107421875
2025-11-25,SPY,SPY,669.4734497070312
2025-11-26,SPY,SPY,674.09521484375
2025-11-28,SPY,SPY,677.7747192382812
2025-12-01,SPY,SPY,674.6803588867188
2025-12-02,SPY,SPY,675.9300537109375
2025-12-03,SPY,SPY,678.2706298828125
2025-12-04,SPY,SPY,678.7664794921875
2025-12-05,SPY,SPY,680.0557861328125
2025-12-08,SPY,SPY,678.0127563476562
2025-12-09,SPY,SPY,677.427490234375
2025-12-10,SPY,SPY,681.92041015625
2025-12-11,SPY,SPY,683.5072021484375
2025-12-12,SPY,SPY,676.1580810546875
2025-12-15,SPY,SPY,675.1365356445312
2025-12-16,SPY,SPY,673.2918701171875
2025-12-17,SPY,SPY,665.8832397460938
2025-12-18,SPY,SPY,670.9114990234375
2025-12-19,SPY,SPY,676.9923095703125
2025-12-22,SPY,SPY,681.2098999023438
2025-12-23,SPY,SPY,684.3233032226562
2025-12-24,SPY,SPY,686.7305297851562
2025-12-26,SPY,SPY,686.660888671875
2025-12-29,SPY,SPY,684.2138671875
2025-12-30,SPY,SPY,683.3783569335938
2025-12-31,SPY,SPY,678.3152465820312
2026-01-02,SPY,SPY,679.55859375
2026-01-05,SPY,SPY,684.0845336914062
2026-01-06,SPY,SPY,688.1529541015625
2026-01-07,SPY,SPY,685.9347534179688
2026-01-08,SPY,SPY,685.8651123046875
2026-01-09,SPY,SPY,690.4010009765625
2026-01-12,SPY,SPY,691.4852294921875
2026-01-13,SPY,SPY,690.1026000976562
2026-01-14,SPY,SPY,686.7106323242188
2026-01-15,SPY,SPY,688.5806884765625
2026-01-16,SPY,SPY,688.0037231445312
2026-01-20,SPY,SPY,673.9981689453125
2026-01-21,SPY,SPY,681.77685546875
2026-01-22,SPY,SPY,685.3379516601562
2026-01-23,SPY,SPY,685.5865478515625
2026-01-26,SPY,SPY,689.0680541992188
2026-01-27,SPY,SPY,691.8134765625
2026-01-28,SPY,SPY,691.7438354492188
2026-01-29,SPY,SPY,690.3711547851562
2026-01-30,SPY,SPY,688.3120727539062
2026-02-02,SPY,SPY,691.7339477539062
2026-02-03,SPY,SPY,685.885009765625
2026-02-04,SPY,SPY,682.5626831054688
2026-02-05,SPY,SPY,674.0379638671875
2026-02-06,SPY,SPY,686.96923828125
2026-02-09,SPY,SPY,690.2816772460938
2026-02-10,SPY,SPY,688.4613037109375
2026-02-11,SPY,SPY,688.3021850585938
2026-02-12,SPY,SPY,677.668701171875
2026-02-13,SPY,SPY,678.1461181640625
2026-02-17,SPY,SPY,679.2402954101562
2026-02-18,SPY,SPY,682.662109375
2026-02-19,SPY,SPY,680.8616333007812
2026-02-20,SPY,SPY,685.7855834960938
2026-02-23,SPY,SPY,678.7827758789062
2026-02-24,SPY,SPY,683.7164916992188
2026-02-25,SPY,SPY,689.4859008789062
2026-02-26,SPY,SPY,685.6561889648438
2026-02-27,SPY,SPY,682.3637084960938
2026-03-02,SPY,SPY,682.751708984375
2026-03-03,SPY,SPY,676.7337036132812
2026-03-04,SPY,SPY,681.5082397460938
2026-03-05,SPY,SPY,677.70849609375
2026-03-06,SPY,SPY,668.82568359375
2026-03-09,SPY,SPY,674.6845703125
2026-03-10,SPY,SPY,673.6002807617188
2026-03-11,SPY,SPY,672.7548217773438
2026-03-12,SPY,SPY,662.5390625
2026-03-13,SPY,SPY,658.7890014648438
2026-03-16,SPY,SPY,665.493408203125
2026-03-17,SPY,SPY,667.2440185546875
2026-03-18,SPY,SPY,657.9335327148438
2026-03-19,SPY,SPY,656.3121948242188
2026-03-20,SPY,SPY,646.9034423828125
2026-03-23,SPY,SPY,653.6959228515625
2026-03-24,SPY,SPY,651.5015869140625
2026-03-25,SPY,SPY,655.1322021484375
2026-03-26,SPY,SPY,643.432373046875
2026-03-27,SPY,SPY,632.4606323242188
2026-03-30,SPY,SPY,630.3460693359375
2026-03-31,SPY,SPY,648.6688842773438
2026-04-01,SPY,SPY,653.5562744140625
2026-04-02,SPY,SPY,654.144775390625
2026-04-06,SPY,SPY,657.23681640625
2026-04-07,SPY,SPY,657.5260009765625
2026-04-08,SPY,SPY,674.27294921875
2026-04-09,SPY,SPY,678.162841796875
2026-04-10,SPY,SPY,677.7140502929688
2026-04-13,SPY,SPY,684.3369750976562
2026-04-14,SPY,SPY,692.675537109375
2026-04-15,SPY,SPY,698.1414184570312
2026-04-16,SPY,SPY,699.8569946289062
2026-04-17,SPY,SPY,708.3152465820312
2026-04-20,SPY,SPY,706.8988037109375
2026-04-21,SPY,SPY,702.2708129882812
2026-04-22,SPY,SPY,709.3825073242188
2026-04-23,SPY,SPY,706.6295776367188
2026-04-24,SPY,SPY,712.10546875
2026-04-27,SPY,SPY,713.332275390625
2026-04-28,SPY,SPY,709.8612060546875
2026-04-29,SPY,SPY,709.7515258789062
2026-04-30,SPY,SPY,716.8132934570312
2026-05-01,SPY,SPY,718.7982177734375
2026-05-04,SPY,SPY,716.1649780273438
2026-05-05,SPY,SPY,721.9102172851562
2026-05-06,SPY,SPY,731.9443359375
2026-05-07,SPY,SPY,729.7001342773438
2026-05-08,SPY,SPY,735.724609375
2026-05-11,SPY,SPY,737.4002685546875
2026-05-12,SPY,SPY,736.2831420898438
2026-05-13,SPY,SPY,740.4025268554688
2026-05-14,SPY,SPY,746.2474975585938
2026-05-15,SPY,SPY,737.2706298828125
2026-05-18,SPY,SPY,736.751953125
2026-05-19,SPY,SPY,731.8446044921875
2026-05-20,SPY,SPY,739.3452758789062
2026-05-21,SPY,SPY,740.8114624023438
2026-05-22,SPY,SPY,743.7239990234375
2026-05-26,SPY,SPY,748.6613159179688
2026-05-27,SPY,SPY,748.5316162109375
2026-05-28,SPY,SPY,752.6609497070312
2026-05-29,SPY,SPY,754.5361328125
2026-06-01,SPY,SPY,756.5908203125
2026-06-02,SPY,SPY,757.6182250976562
2026-06-03,SPY,SPY,752.3018798828125
2026-06-04,SPY,SPY,755.1445922851562
2026-06-05,SPY,SPY,735.65478515625
2026-06-08,SPY,SPY,737.3204345703125
2026-06-09,SPY,SPY,735.1560668945312
2026-06-10,SPY,SPY,723.56591796875
2026-06-11,SPY,SPY,735.8642578125
2026-06-12,SPY,SPY,739.843994140625
2026-06-15,SPY,SPY,752.890380859375
2026-06-16,SPY,SPY,748.4019775390625
2026-06-17,SPY,SPY,739.0560302734375
2026-06-18,SPY,SPY,746.739990234375
2026-06-22,SPY,SPY,744.3900146484375
2026-06-23,SPY,SPY,733.5800170898438
2026-06-24,SPY,SPY,733.239990234375
2026-06-25,SPY,SPY,734.2999877929688
2026-06-26,SPY,SPY,728.989990234375
2026-06-29,SPY,SPY,741.0
2026-06-30,SPY,SPY,746.77001953125
2026-07-01,SPY,SPY,745.760009765625
2026-07-02,SPY,SPY,744.780029296875
2026-07-06,SPY,SPY,751.280029296875
2026-07-07,SPY,SPY,747.7100219726562
2026-07-08,SPY,SPY,745.4000244140625
2026-07-09,SPY,SPY,751.7100219726562
2026-07-10,SPY,SPY,754.9500122070312
2026-07-13,SPY,SPY,749.1699829101562
