Metric,Buy and Hold,Strategy
Total Return,3.572180247329067,0.5976128892760173
Maximum Drawdown,-0.627016956239117,-0.5036091472972699
Sharpe Ratio,1.1946357362244833,0.599893353307513
